Date,open,high,low,close,adj close,volume,dividends,stock splits,capital gains
2023-04-06 00:00:00-04:00,24.520000457763672,24.649999618530273,24.290000915527344,24.579999923706055,24.579999923706055,35500,0.0,0.0,0.0
2023-04-10 00:00:00-04:00,24.329999923706055,24.450000762939453,24.260000228881836,24.389999389648438,24.389999389648438,25900,0.0,0.0,0.0
2023-04-11 00:00:00-04:00,24.540000915527344,24.790000915527344,24.5,24.68000030517578,24.68000030517578,27500,0.0,0.0,0.0
2023-04-12 00:00:00-04:00,24.6200008392334,24.989999771118164,24.600000381469727,24.90999984741211,24.90999984741211,61900,0.0,0.0,0.0
2023-04-13 00:00:00-04:00,25.110000610351562,25.31999969482422,25.110000610351562,25.25,25.25,111900,0.0,0.0,0.0
2023-04-14 00:00:00-04:00,25.5,25.600000381469727,25.010000228881836,25.139999389648438,25.139999389648438,101600,0.0,0.0,0.0
2023-04-17 00:00:00-04:00,25.149999618530273,25.149999618530273,24.84000015258789,24.940000534057617,24.940000534057617,36000,0.0,0.0,0.0
2023-04-18 00:00:00-04:00,25.0,25.1200008392334,24.860000610351562,25.049999237060547,25.049999237060547,34800,0.0,0.0,0.0
2023-04-19 00:00:00-04:00,25.020000457763672,25.020000457763672,24.770000457763672,24.889999389648438,24.889999389648438,35700,0.0,0.0,0.0
2023-04-20 00:00:00-04:00,24.670000076293945,24.8799991607666,24.5,24.610000610351562,24.610000610351562,50000,0.0,0.0,0.0
2023-04-21 00:00:00-04:00,24.530000686645508,24.530000686645508,24.299999237060547,24.43000030517578,24.43000030517578,290800,0.0,0.0,0.0
2023-04-24 00:00:00-04:00,24.459999084472656,24.459999084472656,24.25,24.350000381469727,24.350000381469727,52300,0.0,0.0,0.0
2023-04-25 00:00:00-04:00,23.690000534057617,23.760000228881836,23.59000015258789,23.65999984741211,23.65999984741211,301500,0.0,0.0,0.0
2023-04-26 00:00:00-04:00,23.739999771118164,23.75,23.600000381469727,23.610000610351562,23.610000610351562,39700,0.0,0.0,0.0
2023-04-27 00:00:00-04:00,23.6200008392334,23.8799991607666,23.420000076293945,23.829999923706055,23.829999923706055,36900,0.0,0.0,0.0
2023-04-28 00:00:00-04:00,24.0,24.0,23.65999984741211,23.850000381469727,23.850000381469727,22600,0.0,0.0,0.0
2023-05-01 00:00:00-04:00,24.0,24.479999542236328,24.0,24.1200008392334,24.1200008392334,68700,0.0,0.0,0.0
2023-05-02 00:00:00-04:00,23.700000762939453,23.84000015258789,23.6200008392334,23.709999084472656,23.709999084472656,65600,0.0,0.0,0.0
2023-05-03 00:00:00-04:00,23.56999969482422,23.690000534057617,23.520000457763672,23.579999923706055,23.579999923706055,49000,0.0,0.0,0.0
2023-05-04 00:00:00-04:00,23.5,23.75,23.5,23.649999618530273,23.649999618530273,25300,0.0,0.0,0.0
2023-05-05 00:00:00-04:00,23.940000534057617,23.940000534057617,23.770000457763672,23.90999984741211,23.90999984741211,19900,0.0,0.0,0.0
2023-05-08 00:00:00-04:00,24.100000381469727,24.170000076293945,24.020000457763672,24.09000015258789,24.09000015258789,40700,0.0,0.0,0.0
2023-05-09 00:00:00-04:00,23.780000686645508,24.030000686645508,23.780000686645508,24.030000686645508,24.030000686645508,60500,0.0,0.0,0.0
2023-05-10 00:00:00-04:00,23.65999984741211,23.729999542236328,23.510000228881836,23.6299991607666,23.6299991607666,53800,0.0,0.0,0.0
2023-05-11 00:00:00-04:00,23.030000686645508,23.030000686645508,22.65999984741211,22.75,22.75,112800,0.0,0.0,0.0
2023-05-12 00:00:00-04:00,22.75,23.040000915527344,22.75,22.899999618530273,22.899999618530273,61500,0.0,0.0,0.0
2023-05-15 00:00:00-04:00,23.0,23.110000610351562,22.93000030517578,23.0,23.0,54500,0.0,0.0,0.0
2023-05-16 00:00:00-04:00,22.6200008392334,22.760000228881836,22.5,22.5,22.5,59200,0.0,0.0,0.0
2023-05-17 00:00:00-04:00,23.100000381469727,23.18000030517578,22.989999771118164,23.059999465942383,23.059999465942383,63600,0.0,0.0,0.0
2023-05-18 00:00:00-04:00,22.75,22.770000457763672,22.639999389648438,22.760000228881836,22.760000228881836,33000,0.0,0.0,0.0
2023-05-19 00:00:00-04:00,22.93000030517578,23.040000915527344,22.860000610351562,22.93000030517578,22.93000030517578,28700,0.0,0.0,0.0
2023-05-22 00:00:00-04:00,22.639999389648438,22.809999465942383,22.600000381469727,22.649999618530273,22.649999618530273,25400,0.0,0.0,0.0
2023-05-23 00:00:00-04:00,22.489999771118164,22.549999237060547,22.309999465942383,22.399999618530273,22.399999618530273,142400,0.0,0.0,0.0
2023-05-24 00:00:00-04:00,22.25,22.309999465942383,21.8799991607666,21.940000534057617,21.940000534057617,82600,0.0,0.0,0.0
2023-05-25 00:00:00-04:00,22.049999237060547,22.280000686645508,22.0,22.15999984741211,22.15999984741211,25800,0.0,0.0,0.0
2023-05-26 00:00:00-04:00,22.469999313354492,22.68000030517578,22.469999313354492,22.610000610351562,22.610000610351562,26400,0.0,0.0,0.0
2023-05-30 00:00:00-04:00,22.549999237060547,22.600000381469727,22.420000076293945,22.559999465942383,22.559999465942383,29400,0.0,0.0,0.0
2023-05-31 00:00:00-04:00,22.540000915527344,22.639999389648438,22.329999923706055,22.6200008392334,22.6200008392334,89000,0.0,0.0,0.0
2023-06-01 00:00:00-04:00,22.75,22.959999084472656,22.719999313354492,22.84000015258789,22.84000015258789,38800,0.0,0.0,0.0
2023-06-02 00:00:00-04:00,23.139999389648438,23.139999389648438,22.8700008392334,22.979999542236328,22.979999542236328,70600,0.0,0.0,0.0
2023-06-05 00:00:00-04:00,23.0,23.34000015258789,22.920000076293945,23.149999618530273,23.149999618530273,47500,0.0,0.0,0.0
2023-06-06 00:00:00-04:00,23.15999984741211,23.25,22.979999542236328,23.170000076293945,23.170000076293945,30200,0.0,0.0,0.0
2023-06-07 00:00:00-04:00,23.270000457763672,23.40999984741211,23.059999465942383,23.1299991607666,23.1299991607666,32100,0.0,0.0,0.0
2023-06-08 00:00:00-04:00,23.239999771118164,23.350000381469727,23.170000076293945,23.299999237060547,23.299999237060547,34500,0.0,0.0,0.0
2023-06-09 00:00:00-04:00,23.309999465942383,23.579999923706055,23.200000762939453,23.280000686645508,23.280000686645508,50400,0.0,0.0,0.0
2023-06-12 00:00:00-04:00,23.149999618530273,23.229999542236328,23.049999237060547,23.1299991607666,23.1299991607666,83200,0.0,0.0,0.0
2023-06-13 00:00:00-04:00,23.530000686645508,23.670000076293945,23.479999542236328,23.559999465942383,23.559999465942383,107200,0.0,0.0,0.0
2023-06-14 00:00:00-04:00,23.639999389648438,23.860000610351562,23.610000610351562,23.690000534057617,23.690000534057617,52800,0.0,0.0,0.0
2023-06-15 00:00:00-04:00,23.860000610351562,24.0,23.829999923706055,23.969999313354492,23.969999313354492,56700,0.0,0.0,0.0
2023-06-16 00:00:00-04:00,24.030000686645508,24.079999923706055,23.860000610351562,23.8700008392334,23.8700008392334,109300,0.0,0.0,0.0
2023-06-20 00:00:00-04:00,23.90999984741211,23.979999542236328,23.780000686645508,23.950000762939453,23.950000762939453,47200,0.0,0.0,0.0
2023-06-21 00:00:00-04:00,23.860000610351562,24.1200008392334,23.860000610351562,23.969999313354492,23.969999313354492,39700,0.0,0.0,0.0
2023-06-22 00:00:00-04:00,24.15999984741211,24.200000762939453,23.90999984741211,24.0,24.0,43400,0.0,0.0,0.0
2023-06-23 00:00:00-04:00,23.43000030517578,23.549999237060547,23.350000381469727,23.540000915527344,23.540000915527344,83000,0.0,0.0,0.0
2023-06-26 00:00:00-04:00,23.450000762939453,23.520000457763672,23.270000457763672,23.3799991607666,23.3799991607666,66600,0.0,0.0,0.0
2023-06-27 00:00:00-04:00,23.399999618530273,23.469999313354492,23.299999237060547,23.3700008392334,23.3700008392334,24400,0.0,0.0,0.0
2023-06-28 00:00:00-04:00,23.030000686645508,23.100000381469727,22.889999389648438,22.93000030517578,22.93000030517578,81600,0.0,0.0,0.0
2023-06-29 00:00:00-04:00,22.739999771118164,22.889999389648438,22.68000030517578,22.75,22.75,58400,0.0,0.0,0.0
2023-06-30 00:00:00-04:00,23.049999237060547,23.229999542236328,23.030000686645508,23.200000762939453,23.200000762939453,87100,0.0,0.0,0.0
2023-07-03 00:00:00-04:00,23.329999923706055,23.440000534057617,23.260000228881836,23.34000015258789,23.34000015258789,34500,0.0,0.0,0.0
2023-07-05 00:00:00-04:00,23.229999542236328,23.329999923706055,23.170000076293945,23.170000076293945,23.170000076293945,26900,0.0,0.0,0.0
2023-07-06 00:00:00-04:00,23.100000381469727,23.15999984741211,22.950000762939453,23.110000610351562,23.110000610351562,18800,0.0,0.0,0.0
2023-07-07 00:00:00-04:00,23.100000381469727,23.350000381469727,23.100000381469727,23.309999465942383,23.309999465942383,20300,0.0,0.0,0.0
2023-07-10 00:00:00-04:00,23.229999542236328,23.43000030517578,23.229999542236328,23.40999984741211,23.40999984741211,47700,0.0,0.0,0.0
2023-07-11 00:00:00-04:00,23.440000534057617,23.440000534057617,23.139999389648438,23.260000228881836,23.260000228881836,43800,0.0,0.0,0.0
2023-07-12 00:00:00-04:00,23.600000381469727,23.799999237060547,23.579999923706055,23.770000457763672,23.770000457763672,50000,0.0,0.0,0.0
2023-07-13 00:00:00-04:00,24.020000457763672,24.399999618530273,24.010000228881836,24.360000610351562,24.360000610351562,241000,0.0,0.0,0.0
2023-07-14 00:00:00-04:00,24.360000610351562,24.3700008392334,24.200000762939453,24.200000762939453,24.200000762939453,195200,0.0,0.0,0.0
2023-07-17 00:00:00-04:00,23.690000534057617,23.75,23.559999465942383,23.709999084472656,23.709999084472656,88100,0.0,0.0,0.0
2023-07-18 00:00:00-04:00,23.549999237060547,23.690000534057617,23.520000457763672,23.649999618530273,23.649999618530273,153100,0.0,0.0,0.0
2023-07-19 00:00:00-04:00,23.479999542236328,23.600000381469727,23.420000076293945,23.549999237060547,23.549999237060547,44500,0.0,0.0,0.0
2023-07-20 00:00:00-04:00,23.889999389648438,23.950000762939453,23.6299991607666,23.649999618530273,23.649999618530273,28200,0.0,0.0,0.0
2023-07-21 00:00:00-04:00,23.649999618530273,23.649999618530273,23.520000457763672,23.559999465942383,23.559999465942383,39000,0.0,0.0,0.0
2023-07-24 00:00:00-04:00,23.59000015258789,23.850000381469727,23.549999237060547,23.760000228881836,23.760000228881836,82100,0.0,0.0,0.0
2023-07-25 00:00:00-04:00,24.350000381469727,24.3799991607666,24.170000076293945,24.270000457763672,24.270000457763672,252200,0.0,0.0,0.0
2023-07-26 00:00:00-04:00,24.34000015258789,24.34000015258789,24.020000457763672,24.170000076293945,24.170000076293945,70400,0.0,0.0,0.0
2023-07-27 00:00:00-04:00,24.020000457763672,24.020000457763672,23.719999313354492,23.760000228881836,23.760000228881836,30700,0.0,0.0,0.0
2023-07-28 00:00:00-04:00,24.1200008392334,24.329999923706055,24.079999923706055,24.329999923706055,24.329999923706055,34100,0.0,0.0,0.0
2023-07-31 00:00:00-04:00,24.5,24.889999389648438,24.459999084472656,24.81999969482422,24.81999969482422,397100,0.0,0.0,0.0
2023-08-01 00:00:00-04:00,24.389999389648438,24.440000534057617,24.170000076293945,24.200000762939453,24.200000762939453,196700,0.0,0.0,0.0
2023-08-02 00:00:00-04:00,23.889999389648438,23.959999084472656,23.670000076293945,23.760000228881836,23.760000228881836,373400,0.0,0.0,0.0
2023-08-03 00:00:00-04:00,23.829999923706055,24.15999984741211,23.829999923706055,24.100000381469727,24.100000381469727,31400,0.0,0.0,0.0
2023-08-04 00:00:00-04:00,23.860000610351562,24.030000686645508,23.780000686645508,23.889999389648438,23.889999389648438,350300,0.0,0.0,0.0
2023-08-07 00:00:00-04:00,23.940000534057617,23.950000762939453,23.690000534057617,23.790000915527344,23.790000915527344,18900,0.0,0.0,0.0
2023-08-08 00:00:00-04:00,23.280000686645508,23.43000030517578,23.200000762939453,23.3799991607666,23.3799991607666,58600,0.0,0.0,0.0
2023-08-09 00:00:00-04:00,23.469999313354492,23.600000381469727,23.420000076293945,23.450000762939453,23.450000762939453,222300,0.0,0.0,0.0
2023-08-10 00:00:00-04:00,23.520000457763672,23.56999969482422,23.239999771118164,23.270000457763672,23.270000457763672,25900,0.0,0.0,0.0
2023-08-11 00:00:00-04:00,23.059999465942383,23.170000076293945,23.010000228881836,23.079999923706055,23.079999923706055,68100,0.0,0.0,0.0
2023-08-14 00:00:00-04:00,22.989999771118164,23.149999618530273,22.920000076293945,23.079999923706055,23.079999923706055,30700,0.0,0.0,0.0
2023-08-15 00:00:00-04:00,22.829999923706055,22.860000610351562,22.709999084472656,22.709999084472656,22.709999084472656,85900,0.0,0.0,0.0
2023-08-16 00:00:00-04:00,22.690000534057617,22.84000015258789,22.6200008392334,22.649999618530273,22.649999618530273,174700,0.0,0.0,0.0
2023-08-17 00:00:00-04:00,22.979999542236328,22.979999542236328,22.799999237060547,22.850000381469727,22.850000381469727,70600,0.0,0.0,0.0
2023-08-18 00:00:00-04:00,22.8799991607666,23.0,22.8799991607666,22.979999542236328,22.979999542236328,32200,0.0,0.0,0.0
2023-08-21 00:00:00-04:00,23.030000686645508,23.100000381469727,22.979999542236328,23.100000381469727,23.100000381469727,45800,0.0,0.0,0.0
2023-08-22 00:00:00-04:00,23.280000686645508,23.329999923706055,23.18000030517578,23.309999465942383,23.309999465942383,226200,0.0,0.0,0.0
2023-08-23 00:00:00-04:00,23.34000015258789,23.600000381469727,23.34000015258789,23.540000915527344,23.540000915527344,66800,0.0,0.0,0.0
2023-08-24 00:00:00-04:00,23.329999923706055,23.399999618530273,23.25,23.270000457763672,23.270000457763672,30600,0.0,0.0,0.0
2023-08-25 00:00:00-04:00,23.290000915527344,23.350000381469727,23.170000076293945,23.239999771118164,23.239999771118164,98600,0.0,0.0,0.0
2023-08-28 00:00:00-04:00,23.329999923706055,23.420000076293945,23.260000228881836,23.399999618530273,23.399999618530273,25800,0.0,0.0,0.0
2023-08-29 00:00:00-04:00,23.31999969482422,23.690000534057617,23.31999969482422,23.649999618530273,23.649999618530273,31800,0.0,0.0,0.0
2023-08-30 00:00:00-04:00,23.65999984741211,23.690000534057617,23.6299991607666,23.649999618530273,23.649999618530273,26400,0.0,0.0,0.0
2023-08-31 00:00:00-04:00,23.510000228881836,23.59000015258789,23.459999084472656,23.540000915527344,23.540000915527344,266900,0.0,0.0,0.0
2023-09-01 00:00:00-04:00,23.93000030517578,23.989999771118164,23.6299991607666,23.709999084472656,23.709999084472656,35200,0.0,0.0,0.0
2023-09-05 00:00:00-04:00,23.579999923706055,23.700000762939453,23.579999923706055,23.6200008392334,23.6200008392334,230700,0.0,0.0,0.0
2023-09-06 00:00:00-04:00,23.479999542236328,23.559999465942383,23.299999237060547,23.34000015258789,23.34000015258789,75000,0.0,0.0,0.0
2023-09-07 00:00:00-04:00,23.149999618530273,23.229999542236328,23.059999465942383,23.209999084472656,23.209999084472656,214500,0.0,0.0,0.0
2023-09-08 00:00:00-04:00,22.8799991607666,22.989999771118164,22.84000015258789,22.8700008392334,22.8700008392334,68500,0.0,0.0,0.0
2023-09-11 00:00:00-04:00,23.399999618530273,23.469999313354492,23.350000381469727,23.43000030517578,23.43000030517578,38800,0.0,0.0,0.0
2023-09-12 00:00:00-04:00,23.299999237060547,23.420000076293945,23.239999771118164,23.3700008392334,23.3700008392334,24100,0.0,0.0,0.0
2023-09-13 00:00:00-04:00,23.479999542236328,23.540000915527344,23.309999465942383,23.350000381469727,23.350000381469727,53000,0.0,0.0,0.0
2023-09-14 00:00:00-04:00,23.40999984741211,23.579999923706055,23.360000610351562,23.530000686645508,23.530000686645508,28000,0.0,0.0,0.0
2023-09-15 00:00:00-04:00,23.520000457763672,23.520000457763672,23.3799991607666,23.440000534057617,23.440000534057617,29700,0.0,0.0,0.0
2023-09-18 00:00:00-04:00,23.389999389648438,23.389999389648438,23.260000228881836,23.329999923706055,23.329999923706055,40600,0.0,0.0,0.0
2023-09-19 00:00:00-04:00,23.100000381469727,23.190000534057617,23.059999465942383,23.1299991607666,23.1299991607666,89300,0.0,0.0,0.0
2023-09-20 00:00:00-04:00,23.209999084472656,23.350000381469727,23.030000686645508,23.040000915527344,23.040000915527344,44600,0.0,0.0,0.0
2023-09-21 00:00:00-04:00,22.780000686645508,22.920000076293945,22.709999084472656,22.829999923706055,22.829999923706055,34500,0.0,0.0,0.0
2023-09-22 00:00:00-04:00,22.989999771118164,22.989999771118164,22.790000915527344,22.84000015258789,22.84000015258789,108600,0.0,0.0,0.0
2023-09-25 00:00:00-04:00,22.709999084472656,22.760000228881836,22.639999389648438,22.729999542236328,22.729999542236328,76700,0.0,0.0,0.0
2023-09-26 00:00:00-04:00,22.68000030517578,22.68000030517578,22.5,22.540000915527344,22.540000915527344,34700,0.0,0.0,0.0
2023-09-27 00:00:00-04:00,22.459999084472656,22.579999923706055,22.420000076293945,22.5,22.5,23400,0.0,0.0,0.0
2023-09-28 00:00:00-04:00,22.84000015258789,22.940000534057617,22.809999465942383,22.90999984741211,22.90999984741211,35200,0.0,0.0,0.0
2023-09-29 00:00:00-04:00,23.209999084472656,23.25,23.0,23.020000457763672,23.020000457763672,140400,0.0,0.0,0.0
2023-10-02 00:00:00-04:00,22.700000762939453,22.700000762939453,22.440000534057617,22.530000686645508,22.530000686645508,54200,0.0,0.0,0.0
2023-10-03 00:00:00-04:00,22.350000381469727,22.479999542236328,22.299999237060547,22.399999618530273,22.399999618530273,27600,0.0,0.0,0.0
2023-10-04 00:00:00-04:00,22.260000228881836,22.290000915527344,22.0,22.190000534057617,22.190000534057617,52400,0.0,0.0,0.0
2023-10-05 00:00:00-04:00,22.1200008392334,22.1200008392334,21.950000762939453,22.059999465942383,22.059999465942383,63300,0.0,0.0,0.0
2023-10-06 00:00:00-04:00,22.459999084472656,22.530000686645508,22.270000457763672,22.450000762939453,22.450000762939453,30500,0.0,0.0,0.0
2023-10-09 00:00:00-04:00,22.549999237060547,22.700000762939453,22.549999237060547,22.670000076293945,22.670000076293945,35800,0.0,0.0,0.0
2023-10-10 00:00:00-04:00,22.329999923706055,22.5,22.329999923706055,22.440000534057617,22.440000534057617,17400,0.0,0.0,0.0
2023-10-11 00:00:00-04:00,22.469999313354492,22.549999237060547,22.309999465942383,22.34000015258789,22.34000015258789,27300,0.0,0.0,0.0
2023-10-12 00:00:00-04:00,22.3700008392334,22.3700008392334,22.149999618530273,22.229999542236328,22.229999542236328,13200,0.0,0.0,0.0
2023-10-13 00:00:00-04:00,22.15999984741211,22.190000534057617,22.100000381469727,22.139999389648438,22.139999389648438,10700,0.0,0.0,0.0
2023-10-16 00:00:00-04:00,22.18000030517578,22.260000228881836,22.149999618530273,22.190000534057617,22.190000534057617,318600,0.0,0.0,0.0
2023-10-17 00:00:00-04:00,22.010000228881836,22.290000915527344,22.010000228881836,22.200000762939453,22.200000762939453,55000,0.0,0.0,0.0
2023-10-18 00:00:00-04:00,22.34000015258789,22.40999984741211,22.219999313354492,22.219999313354492,22.219999313354492,11700,0.0,0.0,0.0
2023-10-19 00:00:00-04:00,22.280000686645508,22.399999618530273,22.170000076293945,22.329999923706055,22.329999923706055,156500,0.0,0.0,0.0
2023-10-20 00:00:00-04:00,22.1200008392334,22.290000915527344,22.06999969482422,22.079999923706055,22.079999923706055,30200,0.0,0.0,0.0
2023-10-23 00:00:00-04:00,22.15999984741211,22.31999969482422,22.020000457763672,22.290000915527344,22.290000915527344,18000,0.0,0.0,0.0
2023-10-24 00:00:00-04:00,22.399999618530273,22.600000381469727,22.309999465942383,22.59000015258789,22.59000015258789,116800,0.0,0.0,0.0
2023-10-25 00:00:00-04:00,22.3700008392334,22.450000762939453,22.260000228881836,22.31999969482422,22.31999969482422,39400,0.0,0.0,0.0
2023-10-26 00:00:00-04:00,22.239999771118164,22.43000030517578,22.239999771118164,22.3700008392334,22.3700008392334,14100,0.0,0.0,0.0
2023-10-27 00:00:00-04:00,22.59000015258789,22.719999313354492,22.59000015258789,22.65999984741211,22.65999984741211,25700,0.0,0.0,0.0
2023-10-30 00:00:00-04:00,22.760000228881836,22.899999618530273,22.690000534057617,22.760000228881836,22.760000228881836,28000,0.0,0.0,0.0
2023-10-31 00:00:00-04:00,22.610000610351562,22.709999084472656,22.56999969482422,22.700000762939453,22.700000762939453,7800,0.0,0.0,0.0
2023-11-01 00:00:00-04:00,22.760000228881836,22.940000534057617,22.639999389648438,22.799999237060547,22.799999237060547,15200,0.0,0.0,0.0
2023-11-02 00:00:00-04:00,22.81999969482422,22.950000762939453,22.770000457763672,22.950000762939453,22.950000762939453,262300,0.0,0.0,0.0
2023-11-03 00:00:00-04:00,22.8799991607666,23.0,22.84000015258789,22.850000381469727,22.850000381469727,24700,0.0,0.0,0.0
2023-11-06 00:00:00-05:00,23.1200008392334,23.18000030517578,23.030000686645508,23.139999389648438,23.139999389648438,29000,0.0,0.0,0.0
2023-11-07 00:00:00-05:00,22.8799991607666,22.959999084472656,22.75,22.950000762939453,22.950000762939453,28300,0.0,0.0,0.0
2023-11-08 00:00:00-05:00,22.8700008392334,22.8700008392334,22.649999618530273,22.649999618530273,22.649999618530273,16200,0.0,0.0,0.0
2023-11-09 00:00:00-05:00,22.729999542236328,22.829999923706055,22.600000381469727,22.6299991607666,22.6299991607666,13900,0.0,0.0,0.0
2023-11-10 00:00:00-05:00,22.510000228881836,22.510000228881836,22.3799991607666,22.450000762939453,22.450000762939453,31000,0.0,0.0,0.0
2023-11-13 00:00:00-05:00,22.649999618530273,22.889999389648438,22.649999618530273,22.829999923706055,22.829999923706055,31800,0.0,0.0,0.0
2023-11-14 00:00:00-05:00,23.020000457763672,23.149999618530273,22.90999984741211,22.940000534057617,22.940000534057617,34400,0.0,0.0,0.0
2023-11-15 00:00:00-05:00,23.049999237060547,23.200000762939453,23.030000686645508,23.1299991607666,23.1299991607666,23800,0.0,0.0,0.0
2023-11-16 00:00:00-05:00,23.1299991607666,23.149999618530273,22.93000030517578,23.0,23.0,49500,0.0,0.0,0.0
2023-11-17 00:00:00-05:00,23.09000015258789,23.299999237060547,23.079999923706055,23.290000915527344,23.290000915527344,37800,0.0,0.0,0.0
2023-11-20 00:00:00-05:00,23.31999969482422,23.700000762939453,23.31999969482422,23.690000534057617,23.690000534057617,38600,0.0,0.0,0.0
2023-11-21 00:00:00-05:00,23.719999313354492,23.809999465942383,23.649999618530273,23.729999542236328,23.729999542236328,103600,0.0,0.0,0.0
2023-11-22 00:00:00-05:00,23.43000030517578,23.559999465942383,23.3700008392334,23.549999237060547,23.549999237060547,79600,0.0,0.0,0.0
2023-11-24 00:00:00-05:00,23.510000228881836,23.729999542236328,23.459999084472656,23.729999542236328,23.729999542236328,16300,0.0,0.0,0.0
2023-11-27 00:00:00-05:00,23.549999237060547,23.56999969482422,23.450000762939453,23.530000686645508,23.530000686645508,44200,0.0,0.0,0.0
2023-11-28 00:00:00-05:00,23.739999771118164,23.860000610351562,23.65999984741211,23.799999237060547,23.799999237060547,31100,0.0,0.0,0.0
2023-11-29 00:00:00-05:00,23.899999618530273,23.899999618530273,23.600000381469727,23.700000762939453,23.700000762939453,24000,0.0,0.0,0.0
2023-11-30 00:00:00-05:00,23.3799991607666,23.850000381469727,23.3799991607666,23.799999237060547,23.799999237060547,38100,0.0,0.0,0.0
2023-12-01 00:00:00-05:00,24.049999237060547,24.299999237060547,23.959999084472656,24.239999771118164,24.239999771118164,130100,0.0,0.0,0.0
2023-12-04 00:00:00-05:00,23.8799991607666,23.940000534057617,23.68000030517578,23.690000534057617,23.690000534057617,74100,0.0,0.0,0.0
2023-12-05 00:00:00-05:00,23.510000228881836,23.530000686645508,23.329999923706055,23.399999618530273,23.399999618530273,49500,0.0,0.0,0.0
2023-12-06 00:00:00-05:00,23.5,23.520000457763672,23.06999969482422,23.079999923706055,23.079999923706055,33000,0.0,0.0,0.0
2023-12-07 00:00:00-05:00,23.43000030517578,23.5,23.270000457763672,23.459999084472656,23.459999084472656,114800,0.0,0.0,0.0
2023-12-08 00:00:00-05:00,23.65999984741211,23.8700008392334,23.65999984741211,23.729999542236328,23.729999542236328,28200,0.0,0.0,0.0
2023-12-11 00:00:00-05:00,23.559999465942383,23.559999465942383,23.360000610351562,23.420000076293945,23.420000076293945,168800,0.0,0.0,0.0
2023-12-12 00:00:00-05:00,23.440000534057617,23.489999771118164,23.280000686645508,23.43000030517578,23.43000030517578,24000,0.0,0.0,0.0
2023-12-13 00:00:00-05:00,23.3700008392334,23.709999084472656,23.31999969482422,23.700000762939453,23.700000762939453,39100,0.0,0.0,0.0
2023-12-14 00:00:00-05:00,24.079999923706055,24.15999984741211,23.90999984741211,23.969999313354492,23.969999313354492,413700,0.0,0.0,0.0
2023-12-15 00:00:00-05:00,23.889999389648438,24.100000381469727,23.889999389648438,23.950000762939453,23.950000762939453,66400,0.0,0.0,0.0
2023-12-18 00:00:00-05:00,23.950000762939453,23.979999542236328,23.760000228881836,23.84000015258789,23.84000015258789,73200,0.0,0.0,0.0
2023-12-19 00:00:00-05:00,24.139999389648438,24.290000915527344,24.059999465942383,24.18000030517578,24.18000030517578,99600,0.0,0.0,0.0
2023-12-20 00:00:00-05:00,24.15999984741211,24.260000228881836,23.940000534057617,23.959999084472656,23.959999084472656,55700,0.0,0.0,0.0
2023-12-21 00:00:00-05:00,24.15999984741211,24.25,24.110000610351562,24.25,24.25,21400,0.0,0.0,0.0
2023-12-22 00:00:00-05:00,24.25,24.329999923706055,24.040000915527344,24.09000015258789,24.09000015258789,332700,0.0,0.0,0.0
2023-12-26 00:00:00-05:00,24.420000076293945,24.440000534057617,24.149999618530273,24.190000534057617,24.190000534057617,23400,0.0,0.0,0.0
2023-12-27 00:00:00-05:00,24.25,24.579999923706055,24.25,24.530000686645508,24.530000686645508,33200,0.0,0.0,0.0
2023-12-28 00:00:00-05:00,24.34000015258789,24.399999618530273,24.209999084472656,24.209999084472656,24.209999084472656,36200,0.0,0.0,0.0
2023-12-29 00:00:00-05:00,24.139999389648438,24.18000030517578,24.040000915527344,24.139999389648438,24.139999389648438,55900,0.0,0.0,0.0
2024-01-02 00:00:00-05:00,23.989999771118164,24.149999618530273,23.920000076293945,23.950000762939453,23.950000762939453,30700,0.0,0.0,0.0
2024-01-03 00:00:00-05:00,23.739999771118164,24.059999465942383,23.719999313354492,23.959999084472656,23.959999084472656,261000,0.0,0.0,0.0
2024-01-04 00:00:00-05:00,23.690000534057617,23.899999618530273,23.690000534057617,23.899999618530273,23.899999618530273,177700,0.0,0.0,0.0
2024-01-05 00:00:00-05:00,23.899999618530273,23.989999771118164,23.600000381469727,23.649999618530273,23.649999618530273,66000,0.0,0.0,0.0
2024-01-08 00:00:00-05:00,23.6299991607666,23.780000686645508,23.56999969482422,23.75,23.75,69200,0.0,0.0,0.0
2024-01-09 00:00:00-05:00,23.549999237060547,23.579999923706055,23.329999923706055,23.34000015258789,23.34000015258789,28800,0.0,0.0,0.0
2024-01-10 00:00:00-05:00,23.549999237060547,23.559999465942383,23.389999389648438,23.549999237060547,23.549999237060547,89900,0.0,0.0,0.0
2024-01-11 00:00:00-05:00,23.56999969482422,23.579999923706055,23.43000030517578,23.520000457763672,23.520000457763672,17400,0.0,0.0,0.0
2024-01-12 00:00:00-05:00,23.489999771118164,23.610000610351562,23.229999542236328,23.25,23.25,32400,0.0,0.0,0.0
2024-01-16 00:00:00-05:00,23.459999084472656,23.459999084472656,23.3799991607666,23.399999618530273,23.399999618530273,88600,0.0,0.0,0.0
2024-01-17 00:00:00-05:00,23.290000915527344,23.31999969482422,23.15999984741211,23.260000228881836,23.260000228881836,31300,0.0,0.0,0.0
2024-01-18 00:00:00-05:00,23.18000030517578,23.40999984741211,23.100000381469727,23.40999984741211,23.40999984741211,28700,0.0,0.0,0.0
2024-01-19 00:00:00-05:00,23.489999771118164,23.6200008392334,23.350000381469727,23.610000610351562,23.610000610351562,48200,0.0,0.0,0.0
2024-01-22 00:00:00-05:00,23.40999984741211,23.5,23.309999465942383,23.309999465942383,23.309999465942383,25300,0.0,0.0,0.0
2024-01-23 00:00:00-05:00,23.56999969482422,23.709999084472656,23.56999969482422,23.700000762939453,23.700000762939453,32300,0.0,0.0,0.0
2024-01-24 00:00:00-05:00,24.139999389648438,24.200000762939453,24.030000686645508,24.100000381469727,24.100000381469727,301600,0.0,0.0,0.0
2024-01-25 00:00:00-05:00,24.110000610351562,24.200000762939453,24.049999237060547,24.059999465942383,24.059999465942383,33600,0.0,0.0,0.0
2024-01-26 00:00:00-05:00,24.040000915527344,24.200000762939453,23.969999313354492,24.020000457763672,24.020000457763672,31500,0.0,0.0,0.0
2024-01-29 00:00:00-05:00,24.020000457763672,24.25,24.0,24.139999389648438,24.139999389648438,25500,0.0,0.0,0.0
2024-01-30 00:00:00-05:00,24.170000076293945,24.3700008392334,24.09000015258789,24.3700008392334,24.3700008392334,35900,0.0,0.0,0.0
2024-01-31 00:00:00-05:00,24.469999313354492,24.5,24.15999984741211,24.190000534057617,24.190000534057617,22900,0.0,0.0,0.0
2024-02-01 00:00:00-05:00,23.899999618530273,24.110000610351562,23.84000015258789,23.950000762939453,23.950000762939453,271700,0.0,0.0,0.0
2024-02-02 00:00:00-05:00,23.799999237060547,23.920000076293945,23.760000228881836,23.790000915527344,23.790000915527344,18900,0.0,0.0,0.0
2024-02-05 00:00:00-05:00,23.520000457763672,23.579999923706055,23.459999084472656,23.5,23.5,216800,0.0,0.0,0.0
2024-02-06 00:00:00-05:00,23.59000015258789,23.670000076293945,23.530000686645508,23.579999923706055,23.579999923706055,17000,0.0,0.0,0.0
2024-02-07 00:00:00-05:00,23.450000762939453,23.510000228881836,23.270000457763672,23.290000915527344,23.290000915527344,36400,0.0,0.0,0.0
2024-02-08 00:00:00-05:00,23.020000457763672,23.15999984741211,22.950000762939453,23.100000381469727,23.100000381469727,40000,0.0,0.0,0.0
2024-02-09 00:00:00-05:00,22.90999984741211,23.0,22.809999465942383,22.950000762939453,22.950000762939453,39800,0.0,0.0,0.0
2024-02-12 00:00:00-05:00,23.020000457763672,23.219999313354492,23.0,23.170000076293945,23.170000076293945,28400,0.0,0.0,0.0
2024-02-13 00:00:00-05:00,23.280000686645508,23.350000381469727,23.040000915527344,23.06999969482422,23.06999969482422,43300,0.0,0.0,0.0
2024-02-14 00:00:00-05:00,23.15999984741211,23.239999771118164,23.020000457763672,23.030000686645508,23.030000686645508,38200,0.0,0.0,0.0
2024-02-15 00:00:00-05:00,23.309999465942383,23.450000762939453,23.260000228881836,23.3799991607666,23.3799991607666,54800,0.0,0.0,0.0
2024-02-16 00:00:00-05:00,23.760000228881836,23.889999389648438,23.729999542236328,23.84000015258789,23.84000015258789,67100,0.0,0.0,0.0
2024-02-20 00:00:00-05:00,23.93000030517578,24.09000015258789,23.860000610351562,24.040000915527344,24.040000915527344,432700,0.0,0.0,0.0
2024-02-21 00:00:00-05:00,24.229999542236328,24.270000457763672,24.049999237060547,24.139999389648438,24.139999389648438,16100,0.0,0.0,0.0
2024-02-22 00:00:00-05:00,24.110000610351562,24.329999923706055,24.100000381469727,24.309999465942383,24.309999465942383,37900,0.0,0.0,0.0
2024-02-23 00:00:00-05:00,24.100000381469727,24.25,24.010000228881836,24.1299991607666,24.1299991607666,16200,0.0,0.0,0.0
2024-02-26 00:00:00-05:00,23.860000610351562,23.959999084472656,23.780000686645508,23.81999969482422,23.81999969482422,132700,0.0,0.0,0.0
2024-02-27 00:00:00-05:00,24.010000228881836,24.030000686645508,23.84000015258789,23.979999542236328,23.979999542236328,187800,0.0,0.0,0.0
2024-02-28 00:00:00-05:00,23.860000610351562,23.889999389648438,23.760000228881836,23.8700008392334,23.8700008392334,155900,0.0,0.0,0.0
2024-02-29 00:00:00-05:00,23.989999771118164,24.049999237060547,23.8799991607666,23.889999389648438,23.889999389648438,150900,0.0,0.0,0.0
2024-03-01 00:00:00-05:00,23.8799991607666,24.06999969482422,23.809999465942383,24.010000228881836,24.010000228881836,79300,0.0,0.0,0.0
2024-03-04 00:00:00-05:00,24.040000915527344,24.1200008392334,23.969999313354492,24.020000457763672,24.020000457763672,49600,0.0,0.0,0.0
2024-03-05 00:00:00-05:00,24.0,24.059999465942383,23.90999984741211,23.93000030517578,23.93000030517578,53300,0.0,0.0,0.0
2024-03-06 00:00:00-05:00,24.059999465942383,24.25,24.030000686645508,24.06999969482422,24.06999969482422,40500,0.0,0.0,0.0
2024-03-07 00:00:00-05:00,24.360000610351562,24.489999771118164,24.350000381469727,24.450000762939453,24.450000762939453,78800,0.0,0.0,0.0
2024-03-08 00:00:00-05:00,24.270000457763672,24.299999237060547,24.170000076293945,24.25,24.25,313300,0.0,0.0,0.0
2024-03-11 00:00:00-04:00,24.3700008392334,24.5,24.329999923706055,24.489999771118164,24.489999771118164,69800,0.0,0.0,0.0
2024-03-12 00:00:00-04:00,24.5,24.530000686645508,24.299999237060547,24.510000228881836,24.510000228881836,54200,0.0,0.0,0.0
2024-03-13 00:00:00-04:00,24.889999389648438,25.31999969482422,24.889999389648438,25.260000228881836,25.260000228881836,515000,0.0,0.0,0.0
2024-03-14 00:00:00-04:00,25.25,25.280000686645508,25.06999969482422,25.209999084472656,25.209999084472656,319400,0.0,0.0,0.0
2024-03-15 00:00:00-04:00,25.520000457763672,25.780000686645508,25.440000534057617,25.709999084472656,25.709999084472656,377100,0.0,0.0,0.0
2024-03-18 00:00:00-04:00,25.90999984741211,25.940000534057617,25.700000762939453,25.760000228881836,25.760000228881836,113800,0.0,0.0,0.0
2024-03-19 00:00:00-04:00,25.43000030517578,25.489999771118164,25.309999465942383,25.31999969482422,25.31999969482422,292900,0.0,0.0,0.0
2024-03-20 00:00:00-04:00,25.239999771118164,25.559999465942383,25.239999771118164,25.530000686645508,25.530000686645508,120700,0.0,0.0,0.0
2024-03-21 00:00:00-04:00,25.420000076293945,25.43000030517578,25.25,25.399999618530273,25.399999618530273,344700,0.0,0.0,0.0
2024-03-22 00:00:00-04:00,25.110000610351562,25.18000030517578,24.979999542236328,24.979999542236328,24.979999542236328,300900,0.0,0.0,0.0
2024-03-25 00:00:00-04:00,25.0,25.200000762939453,25.0,25.1299991607666,25.1299991607666,272200,0.0,0.0,0.0
2024-03-26 00:00:00-04:00,25.100000381469727,25.100000381469727,24.950000762939453,25.020000457763672,25.020000457763672,70700,0.0,0.0,0.0
2024-03-27 00:00:00-04:00,24.860000610351562,25.110000610351562,24.790000915527344,25.049999237060547,25.049999237060547,72300,0.0,0.0,0.0
2024-03-28 00:00:00-04:00,25.010000228881836,25.1200008392334,24.920000076293945,25.1200008392334,25.1200008392334,144900,0.0,0.0,0.0
2024-04-01 00:00:00-04:00,25.489999771118164,25.489999771118164,25.309999465942383,25.389999389648438,25.389999389648438,138400,0.0,0.0,0.0
2024-04-02 00:00:00-04:00,25.610000610351562,25.6299991607666,25.420000076293945,25.530000686645508,25.530000686645508,107800,0.0,0.0,0.0
2024-04-03 00:00:00-04:00,25.81999969482422,26.389999389648438,25.81999969482422,26.350000381469727,26.350000381469727,309800,0.0,0.0,0.0
2024-04-04 00:00:00-04:00,26.40999984741211,26.579999923706055,26.25,26.260000228881836,26.260000228881836,136400,0.0,0.0,0.0
2024-04-05 00:00:00-04:00,26.360000610351562,26.56999969482422,26.309999465942383,26.540000915527344,26.540000915527344,86600,0.0,0.0,0.0
2024-04-08 00:00:00-04:00,26.81999969482422,26.90999984741211,26.5,26.8799991607666,26.8799991607666,121200,0.0,0.0,0.0
2024-04-09 00:00:00-04:00,27.040000915527344,27.049999237060547,26.649999618530273,26.8799991607666,26.8799991607666,120600,0.0,0.0,0.0
2024-04-10 00:00:00-04:00,26.700000762939453,26.8700008392334,26.530000686645508,26.739999771118164,26.739999771118164,161200,0.0,0.0,0.0
2024-04-11 00:00:00-04:00,26.700000762939453,26.75,26.459999084472656,26.670000076293945,26.670000076293945,134300,0.0,0.0,0.0
2024-04-12 00:00:00-04:00,27.229999542236328,27.229999542236328,26.649999618530273,26.709999084472656,26.709999084472656,122100,0.0,0.0,0.0
2024-04-15 00:00:00-04:00,27.209999084472656,27.450000762939453,26.950000762939453,27.350000381469727,27.350000381469727,183900,0.0,0.0,0.0
2024-04-16 00:00:00-04:00,27.010000228881836,27.040000915527344,26.709999084472656,26.90999984741211,26.90999984741211,337000,0.0,0.0,0.0
2024-04-17 00:00:00-04:00,27.34000015258789,27.43000030517578,27.100000381469727,27.190000534057617,27.190000534057617,100500,0.0,0.0,0.0
2024-04-18 00:00:00-04:00,27.549999237060547,27.8700008392334,27.43000030517578,27.780000686645508,27.780000686645508,320500,0.0,0.0,0.0
2024-04-19 00:00:00-04:00,28.020000457763672,28.280000686645508,28.0,28.100000381469727,28.100000381469727,248600,0.0,0.0,0.0
2024-04-22 00:00:00-04:00,28.040000915527344,28.149999618530273,27.920000076293945,28.110000610351562,28.110000610351562,216400,0.0,0.0,0.0
2024-04-23 00:00:00-04:00,27.610000610351562,27.780000686645508,27.5,27.670000076293945,27.670000076293945,471600,0.0,0.0,0.0
2024-04-24 00:00:00-04:00,27.8700008392334,28.09000015258789,27.860000610351562,27.93000030517578,27.93000030517578,125400,0.0,0.0,0.0
2024-04-25 00:00:00-04:00,28.31999969482422,28.40999984741211,28.170000076293945,28.3700008392334,28.3700008392334,186200,0.0,0.0,0.0
2024-04-26 00:00:00-04:00,28.549999237060547,28.649999618530273,28.290000915527344,28.549999237060547,28.549999237060547,187300,0.0,0.0,0.0
2024-04-29 00:00:00-04:00,28.860000610351562,29.139999389648438,28.729999542236328,29.09000015258789,29.09000015258789,288700,0.0,0.0,0.0
2024-04-30 00:00:00-04:00,28.5,28.59000015258789,28.309999465942383,28.309999465942383,28.309999465942383,295200,0.0,0.0,0.0
2024-05-01 00:00:00-04:00,28.209999084472656,28.6200008392334,28.09000015258789,28.3799991607666,28.3799991607666,150200,0.0,0.0,0.0
2024-05-02 00:00:00-04:00,27.850000381469727,28.079999923706055,27.829999923706055,28.0,28.0,197300,0.0,0.0,0.0
2024-05-03 00:00:00-04:00,28.25,28.3799991607666,28.139999389648438,28.3700008392334,28.3700008392334,95200,0.0,0.0,0.0
2024-05-06 00:00:00-04:00,28.729999542236328,28.829999923706055,28.639999389648438,28.700000762939453,28.700000762939453,146200,0.0,0.0,0.0
2024-05-07 00:00:00-04:00,28.6200008392334,28.739999771118164,28.530000686645508,28.610000610351562,28.610000610351562,129800,0.0,0.0,0.0
2024-05-08 00:00:00-04:00,28.25,28.389999389648438,28.149999618530273,28.34000015258789,28.34000015258789,161600,0.0,0.0,0.0
2024-05-09 00:00:00-04:00,28.309999465942383,28.6200008392334,28.260000228881836,28.56999969482422,28.56999969482422,138800,0.0,0.0,0.0
2024-05-10 00:00:00-04:00,28.860000610351562,28.920000076293945,28.719999313354492,28.809999465942383,28.809999465942383,250300,0.0,0.0,0.0
2024-05-13 00:00:00-04:00,29.139999389648438,29.540000915527344,29.079999923706055,29.520000457763672,29.520000457763672,364100,0.0,0.0,0.0
2024-05-14 00:00:00-04:00,29.84000015258789,29.940000534057617,29.540000915527344,29.68000030517578,29.68000030517578,207800,0.0,0.0,0.0
2024-05-15 00:00:00-04:00,29.90999984741211,30.190000534057617,29.510000228881836,30.110000610351562,30.110000610351562,293600,0.0,0.0,0.0
2024-05-16 00:00:00-04:00,29.860000610351562,30.040000915527344,29.719999313354492,30.010000228881836,30.010000228881836,142400,0.0,0.0,0.0
2024-05-17 00:00:00-04:00,30.8799991607666,31.200000762939453,30.649999618530273,31.190000534057617,31.190000534057617,483600,0.0,0.0,0.0
2024-05-20 00:00:00-04:00,30.959999084472656,31.450000762939453,30.770000457763672,31.329999923706055,31.329999923706055,522200,0.0,0.0,0.0
2024-05-21 00:00:00-04:00,31.6299991607666,31.6299991607666,31.1299991607666,31.3799991607666,31.3799991607666,370400,0.0,0.0,0.0
2024-05-22 00:00:00-04:00,30.329999923706055,30.329999923706055,29.489999771118164,29.559999465942383,29.559999465942383,767600,0.0,0.0,0.0
2024-05-23 00:00:00-04:00,29.75,29.81999969482422,29.260000228881836,29.260000228881836,29.260000228881836,388900,0.0,0.0,0.0
2024-05-24 00:00:00-04:00,29.479999542236328,29.489999771118164,29.170000076293945,29.229999542236328,29.229999542236328,158900,0.0,0.0,0.0
2024-05-28 00:00:00-04:00,30.059999465942383,30.06999969482422,29.6299991607666,29.899999618530273,29.899999618530273,445400,0.0,0.0,0.0
2024-05-29 00:00:00-04:00,29.420000076293945,29.520000457763672,29.229999542236328,29.350000381469727,29.350000381469727,235300,0.0,0.0,0.0
2024-05-30 00:00:00-04:00,28.709999084472656,28.780000686645508,28.540000915527344,28.59000015258789,28.59000015258789,364200,0.0,0.0,0.0
2024-05-31 00:00:00-04:00,28.670000076293945,28.670000076293945,28.100000381469727,28.420000076293945,28.420000076293945,195800,0.0,0.0,0.0
2024-06-03 00:00:00-04:00,28.760000228881836,28.799999237060547,28.579999923706055,28.700000762939453,28.700000762939453,231800,0.0,0.0,0.0
2024-06-04 00:00:00-04:00,28.1200008392334,28.1200008392334,27.850000381469727,27.940000534057617,27.940000534057617,396900,0.0,0.0,0.0
2024-06-05 00:00:00-04:00,28.100000381469727,28.530000686645508,27.889999389648438,28.469999313354492,28.469999313354492,244600,0.0,0.0,0.0
2024-06-06 00:00:00-04:00,28.690000534057617,28.860000610351562,28.469999313354492,28.719999313354492,28.719999313354492,200500,0.0,0.0,0.0
2024-06-07 00:00:00-04:00,27.860000610351562,27.8700008392334,27.43000030517578,27.43000030517578,27.43000030517578,362700,0.0,0.0,0.0
2024-06-10 00:00:00-04:00,28.010000228881836,28.049999237060547,27.739999771118164,27.979999542236328,27.979999542236328,312300,0.0,0.0,0.0
2024-06-11 00:00:00-04:00,27.670000076293945,27.809999465942383,27.520000457763672,27.780000686645508,27.780000686645508,127700,0.0,0.0,0.0
2024-06-12 00:00:00-04:00,28.219999313354492,28.290000915527344,27.81999969482422,27.8799991607666,27.8799991607666,193000,0.0,0.0,0.0
2024-06-13 00:00:00-04:00,28.010000228881836,28.06999969482422,27.489999771118164,27.610000610351562,27.610000610351562,144900,0.0,0.0,0.0
2024-06-14 00:00:00-04:00,27.549999237060547,27.770000457763672,27.450000762939453,27.690000534057617,27.690000534057617,191300,0.0,0.0,0.0
2024-06-17 00:00:00-04:00,27.270000457763672,27.510000228881836,27.1299991607666,27.459999084472656,27.459999084472656,166600,0.0,0.0,0.0
2024-06-18 00:00:00-04:00,27.200000762939453,27.68000030517578,27.170000076293945,27.68000030517578,27.68000030517578,202400,0.0,0.0,0.0
2024-06-20 00:00:00-04:00,28.0,28.170000076293945,27.950000762939453,28.079999923706055,28.079999923706055,179300,0.0,0.0,0.0
2024-06-21 00:00:00-04:00,27.479999542236328,27.600000381469727,27.43000030517578,27.440000534057617,27.440000534057617,183100,0.0,0.0,0.0
2024-06-24 00:00:00-04:00,27.479999542236328,27.670000076293945,27.40999984741211,27.469999313354492,27.469999313354492,105400,0.0,0.0,0.0
2024-06-25 00:00:00-04:00,27.350000381469727,27.350000381469727,27.079999923706055,27.149999618530273,27.149999618530273,188800,0.0,0.0,0.0
2024-06-26 00:00:00-04:00,27.049999237060547,27.219999313354492,27.010000228881836,27.18000030517578,27.18000030517578,157700,0.0,0.0,0.0
2024-06-27 00:00:00-04:00,27.260000228881836,27.290000915527344,26.920000076293945,26.920000076293945,26.920000076293945,127200,0.0,0.0,0.0
2024-06-28 00:00:00-04:00,27.399999618530273,27.450000762939453,27.139999389648438,27.209999084472656,27.209999084472656,144900,0.0,0.0,0.0
2024-07-01 00:00:00-04:00,27.56999969482422,27.600000381469727,27.3700008392334,27.459999084472656,27.459999084472656,114300,0.0,0.0,0.0
2024-07-02 00:00:00-04:00,27.6299991607666,27.760000228881836,27.459999084472656,27.520000457763672,27.520000457763672,76900,0.0,0.0,0.0
2024-07-03 00:00:00-04:00,28.040000915527344,28.260000228881836,28.040000915527344,28.100000381469727,28.100000381469727,157300,0.0,0.0,0.0
2024-07-05 00:00:00-04:00,28.729999542236328,28.790000915527344,28.5,28.780000686645508,28.780000686645508,311200,0.0,0.0,0.0
2024-07-08 00:00:00-04:00,28.719999313354492,28.799999237060547,28.43000030517578,28.530000686645508,28.530000686645508,111200,0.0,0.0,0.0
2024-07-09 00:00:00-04:00,28.540000915527344,28.56999969482422,28.170000076293945,28.34000015258789,28.34000015258789,194100,0.0,0.0,0.0
2024-07-10 00:00:00-04:00,28.510000228881836,28.670000076293945,28.299999237060547,28.3799991607666,28.3799991607666,110500,0.0,0.0,0.0
2024-07-11 00:00:00-04:00,28.06999969482422,28.280000686645508,27.899999618530273,27.969999313354492,27.969999313354492,258500,0.0,0.0,0.0
2024-07-12 00:00:00-04:00,28.239999771118164,28.40999984741211,28.239999771118164,28.329999923706055,28.329999923706055,156300,0.0,0.0,0.0
2024-07-15 00:00:00-04:00,28.229999542236328,28.270000457763672,27.950000762939453,28.020000457763672,28.020000457763672,144900,0.0,0.0,0.0
2024-07-16 00:00:00-04:00,27.6200008392334,27.780000686645508,27.5,27.75,27.75,256400,0.0,0.0,0.0
2024-07-17 00:00:00-04:00,27.520000457763672,27.610000610351562,27.399999618530273,27.43000030517578,27.43000030517578,125600,0.0,0.0,0.0
2024-07-18 00:00:00-04:00,27.020000457763672,27.020000457763672,26.510000228881836,26.530000686645508,26.530000686645508,230000,0.0,0.0,0.0
2024-07-19 00:00:00-04:00,26.5,26.649999618530273,26.3799991607666,26.399999618530273,26.399999618530273,187700,0.0,0.0,0.0
2024-07-22 00:00:00-04:00,26.059999465942383,26.25,26.010000228881836,26.239999771118164,26.239999771118164,251900,0.0,0.0,0.0
2024-07-23 00:00:00-04:00,25.90999984741211,26.06999969482422,25.6200008392334,25.969999313354492,25.969999313354492,530300,0.0,0.0,0.0
2024-07-24 00:00:00-04:00,25.84000015258789,25.940000534057617,25.489999771118164,25.520000457763672,25.520000457763672,247700,0.0,0.0,0.0
2024-07-25 00:00:00-04:00,25.65999984741211,25.969999313354492,25.6299991607666,25.719999313354492,25.719999313354492,165500,0.0,0.0,0.0
2024-07-26 00:00:00-04:00,25.809999465942383,25.860000610351562,25.68000030517578,25.729999542236328,25.729999542236328,70800,0.0,0.0,0.0
2024-07-29 00:00:00-04:00,25.59000015258789,25.649999618530273,25.469999313354492,25.6200008392334,25.6200008392334,127800,0.0,0.0,0.0
2024-07-30 00:00:00-04:00,25.389999389648438,25.690000534057617,25.290000915527344,25.6200008392334,25.6200008392334,105600,0.0,0.0,0.0
2024-07-31 00:00:00-04:00,26.190000534057617,26.350000381469727,26.1200008392334,26.219999313354492,26.219999313354492,263700,0.0,0.0,0.0
2024-08-01 00:00:00-04:00,26.049999237060547,26.049999237060547,25.450000762939453,25.530000686645508,25.530000686645508,103500,0.0,0.0,0.0
2024-08-02 00:00:00-04:00,25.799999237060547,25.8700008392334,25.639999389648438,25.850000381469727,25.850000381469727,179400,0.0,0.0,0.0
2024-08-05 00:00:00-04:00,25.0,25.329999923706055,25.0,25.059999465942383,25.059999465942383,193800,0.0,0.0,0.0
2024-08-06 00:00:00-04:00,25.1299991607666,25.360000610351562,25.059999465942383,25.15999984741211,25.15999984741211,96600,0.0,0.0,0.0
2024-08-07 00:00:00-04:00,25.010000228881836,25.010000228881836,24.700000762939453,24.709999084472656,24.709999084472656,127100,0.0,0.0,0.0
2024-08-08 00:00:00-04:00,24.799999237060547,24.989999771118164,24.790000915527344,24.969999313354492,24.969999313354492,127700,0.0,0.0,0.0
2024-08-09 00:00:00-04:00,25.299999237060547,25.299999237060547,24.989999771118164,25.040000915527344,25.040000915527344,89000,0.0,0.0,0.0
2024-08-12 00:00:00-04:00,25.329999923706055,25.6200008392334,25.329999923706055,25.549999237060547,25.549999237060547,79000,0.0,0.0,0.0
2024-08-13 00:00:00-04:00,25.209999084472656,25.469999313354492,25.190000534057617,25.43000030517578,25.43000030517578,301400,0.0,0.0,0.0
2024-08-14 00:00:00-04:00,25.440000534057617,25.59000015258789,25.290000915527344,25.299999237060547,25.299999237060547,62800,0.0,0.0,0.0
2024-08-15 00:00:00-04:00,25.899999618530273,26.040000915527344,25.790000915527344,25.959999084472656,25.959999084472656,180200,0.0,0.0,0.0
2024-08-16 00:00:00-04:00,25.780000686645508,26.110000610351562,25.709999084472656,26.100000381469727,26.100000381469727,166700,0.0,0.0,0.0
2024-08-19 00:00:00-04:00,26.139999389648438,26.3700008392334,26.139999389648438,26.3700008392334,26.3700008392334,64100,0.0,0.0,0.0
2024-08-20 00:00:00-04:00,26.31999969482422,26.31999969482422,26.030000686645508,26.110000610351562,26.110000610351562,41800,0.0,0.0,0.0
2024-08-21 00:00:00-04:00,26.239999771118164,26.459999084472656,26.15999984741211,26.3799991607666,26.3799991607666,97400,0.0,0.0,0.0
2024-08-22 00:00:00-04:00,26.200000762939453,26.200000762939453,25.93000030517578,25.959999084472656,25.959999084472656,67800,0.0,0.0,0.0
2024-08-23 00:00:00-04:00,26.09000015258789,26.559999465942383,26.09000015258789,26.479999542236328,26.479999542236328,48000,0.0,0.0,0.0
2024-08-26 00:00:00-04:00,26.690000534057617,26.690000534057617,26.5,26.610000610351562,26.610000610351562,337600,0.0,0.0,0.0
2024-08-27 00:00:00-04:00,26.739999771118164,26.8799991607666,26.690000534057617,26.81999969482422,26.81999969482422,104600,0.0,0.0,0.0
2024-08-28 00:00:00-04:00,26.440000534057617,26.469999313354492,26.209999084472656,26.280000686645508,26.280000686645508,174400,0.0,0.0,0.0
2024-08-29 00:00:00-04:00,26.219999313354492,26.350000381469727,26.190000534057617,26.219999313354492,26.219999313354492,55600,0.0,0.0,0.0
2024-08-30 00:00:00-04:00,26.309999465942383,26.420000076293945,26.200000762939453,26.309999465942383,26.309999465942383,64600,0.0,0.0,0.0
2024-09-03 00:00:00-04:00,25.540000915527344,25.610000610351562,25.309999465942383,25.469999313354492,25.469999313354492,216900,0.0,0.0,0.0
2024-09-04 00:00:00-04:00,25.420000076293945,25.610000610351562,25.34000015258789,25.450000762939453,25.450000762939453,83800,0.0,0.0,0.0
2024-09-05 00:00:00-04:00,25.780000686645508,25.950000762939453,25.739999771118164,25.809999465942383,25.809999465942383,73700,0.0,0.0,0.0
2024-09-06 00:00:00-04:00,25.75,25.799999237060547,25.3700008392334,25.40999984741211,25.40999984741211,48900,0.0,0.0,0.0
2024-09-09 00:00:00-04:00,25.799999237060547,25.8700008392334,25.65999984741211,25.84000015258789,25.84000015258789,80200,0.0,0.0,0.0
2024-09-10 00:00:00-04:00,25.709999084472656,25.709999084472656,25.5,25.639999389648438,25.639999389648438,37500,0.0,0.0,0.0
2024-09-11 00:00:00-04:00,25.799999237060547,26.020000457763672,25.670000076293945,26.020000457763672,26.020000457763672,40700,0.0,0.0,0.0
2024-09-12 00:00:00-04:00,26.139999389648438,26.31999969482422,26.059999465942383,26.31999969482422,26.31999969482422,138400,0.0,0.0,0.0
2024-09-13 00:00:00-04:00,26.360000610351562,26.5,26.299999237060547,26.399999618530273,26.399999618530273,117100,0.0,0.0,0.0
2024-09-16 00:00:00-04:00,26.700000762939453,26.920000076293945,26.610000610351562,26.649999618530273,26.649999618530273,82500,0.0,0.0,0.0
2024-09-17 00:00:00-04:00,26.670000076293945,26.81999969482422,26.610000610351562,26.799999237060547,26.799999237060547,85800,0.0,0.0,0.0
2024-09-18 00:00:00-04:00,26.860000610351562,27.100000381469727,26.56999969482422,26.649999618530273,26.649999618530273,107600,0.0,0.0,0.0
2024-09-19 00:00:00-04:00,27.209999084472656,27.229999542236328,27.040000915527344,27.18000030517578,27.18000030517578,149300,0.0,0.0,0.0
2024-09-20 00:00:00-04:00,27.209999084472656,27.209999084472656,27.020000457763672,27.110000610351562,27.110000610351562,61600,0.0,0.0,0.0
2024-09-23 00:00:00-04:00,27.280000686645508,27.299999237060547,27.110000610351562,27.209999084472656,27.209999084472656,80200,0.0,0.0,0.0
2024-09-24 00:00:00-04:00,27.940000534057617,28.309999465942383,27.940000534057617,28.299999237060547,28.299999237060547,246900,0.0,0.0,0.0
2024-09-25 00:00:00-04:00,28.190000534057617,28.260000228881836,27.989999771118164,28.059999465942383,28.059999465942383,117000,0.0,0.0,0.0
2024-09-26 00:00:00-04:00,28.559999465942383,29.020000457763672,28.5,28.979999542236328,28.979999542236328,234300,0.0,0.0,0.0
2024-09-27 00:00:00-04:00,28.860000610351562,28.8799991607666,28.559999465942383,28.639999389648438,28.639999389648438,93400,0.0,0.0,0.0
2024-09-30 00:00:00-04:00,28.200000762939453,28.3799991607666,28.040000915527344,28.350000381469727,28.350000381469727,112400,0.0,0.0,0.0
2024-10-01 00:00:00-04:00,28.65999984741211,28.860000610351562,28.43000030517578,28.600000381469727,28.600000381469727,97700,0.0,0.0,0.0
2024-10-02 00:00:00-04:00,28.81999969482422,29.15999984741211,28.799999237060547,29.139999389648438,29.139999389648438,123600,0.0,0.0,0.0
2024-10-03 00:00:00-04:00,28.420000076293945,28.520000457763672,28.25,28.440000534057617,28.440000534057617,144700,0.0,0.0,0.0
2024-10-04 00:00:00-04:00,28.690000534057617,28.760000228881836,28.43000030517578,28.59000015258789,28.59000015258789,47200,0.0,0.0,0.0
2024-10-07 00:00:00-04:00,28.43000030517578,28.6299991607666,28.290000915527344,28.520000457763672,28.520000457763672,43200,0.0,0.0,0.0
2024-10-08 00:00:00-04:00,28.049999237060547,28.1200008392334,27.760000228881836,28.0,28.0,291300,0.0,0.0,0.0
2024-10-09 00:00:00-04:00,27.440000534057617,27.709999084472656,27.40999984741211,27.639999389648438,27.639999389648438,172600,0.0,0.0,0.0
2024-10-10 00:00:00-04:00,27.639999389648438,27.8700008392334,27.6200008392334,27.850000381469727,27.850000381469727,58300,0.0,0.0,0.0
2024-10-11 00:00:00-04:00,27.8700008392334,28.190000534057617,27.799999237060547,28.170000076293945,28.170000076293945,120100,0.0,0.0,0.0
2024-10-14 00:00:00-04:00,27.56999969482422,27.920000076293945,27.510000228881836,27.65999984741211,27.65999984741211,176800,0.0,0.0,0.0
2024-10-15 00:00:00-04:00,27.329999923706055,27.420000076293945,27.18000030517578,27.270000457763672,27.270000457763672,460000,0.0,0.0,0.0
2024-10-16 00:00:00-04:00,27.459999084472656,27.479999542236328,27.270000457763672,27.40999984741211,27.40999984741211,123000,0.0,0.0,0.0
2024-10-17 00:00:00-04:00,27.209999084472656,27.31999969482422,27.079999923706055,27.200000762939453,27.200000762939453,124100,0.0,0.0,0.0
2024-10-18 00:00:00-04:00,27.59000015258789,27.6200008392334,27.40999984741211,27.579999923706055,27.579999923706055,270000,0.0,0.0,0.0
2024-10-21 00:00:00-04:00,27.739999771118164,27.81999969482422,27.290000915527344,27.40999984741211,27.40999984741211,184000,0.0,0.0,0.0
2024-10-22 00:00:00-04:00,27.530000686645508,27.6200008392334,27.43000030517578,27.56999969482422,27.56999969482422,110400,0.0,0.0,0.0
2024-10-23 00:00:00-04:00,27.219999313354492,27.350000381469727,27.110000610351562,27.219999313354492,27.219999313354492,178500,0.0,0.0,0.0
2024-10-24 00:00:00-04:00,27.3799991607666,27.440000534057617,27.15999984741211,27.389999389648438,27.389999389648438,70300,0.0,0.0,0.0
2024-10-25 00:00:00-04:00,27.389999389648438,27.540000915527344,27.329999923706055,27.43000030517578,27.43000030517578,54300,0.0,0.0,0.0
2024-10-28 00:00:00-04:00,27.34000015258789,27.5,27.31999969482422,27.450000762939453,27.450000762939453,47300,0.0,0.0,0.0
2024-10-29 00:00:00-04:00,27.3700008392334,27.469999313354492,27.290000915527344,27.459999084472656,27.459999084472656,129800,0.0,0.0,0.0
2024-10-30 00:00:00-04:00,27.260000228881836,27.420000076293945,27.260000228881836,27.360000610351562,27.360000610351562,179400,0.0,0.0,0.0
2024-10-31 00:00:00-04:00,27.450000762939453,27.450000762939453,27.18000030517578,27.360000610351562,27.360000610351562,138800,0.0,0.0,0.0
2024-11-01 00:00:00-04:00,27.56999969482422,27.68000030517578,27.299999237060547,27.350000381469727,27.350000381469727,66300,0.0,0.0,0.0
2024-11-04 00:00:00-05:00,27.709999084472656,27.889999389648438,27.68000030517578,27.81999969482422,27.81999969482422,160300,0.0,0.0,0.0
2024-11-05 00:00:00-05:00,28.09000015258789,28.190000534057617,27.959999084472656,28.010000228881836,28.010000228881836,80300,0.0,0.0,0.0
2024-11-06 00:00:00-05:00,26.790000915527344,26.979999542236328,26.600000381469727,26.68000030517578,26.68000030517578,295000,0.0,0.0,0.0
2024-11-07 00:00:00-05:00,27.690000534057617,27.969999313354492,27.649999618530273,27.84000015258789,27.84000015258789,220600,0.0,0.0,0.0
2024-11-08 00:00:00-05:00,27.270000457763672,27.31999969482422,27.010000228881836,27.110000610351562,27.110000610351562,132900,0.0,0.0,0.0
2024-11-11 00:00:00-05:00,26.889999389648438,26.940000534057617,26.600000381469727,26.68000030517578,26.68000030517578,130300,0.0,0.0,0.0
2024-11-12 00:00:00-05:00,26.229999542236328,26.280000686645508,26.030000686645508,26.059999465942383,26.059999465942383,564300,0.0,0.0,0.0
2024-11-13 00:00:00-05:00,25.889999389648438,25.940000534057617,25.610000610351562,25.639999389648438,25.639999389648438,123700,0.0,0.0,0.0
2024-11-14 00:00:00-05:00,25.690000534057617,25.790000915527344,25.649999618530273,25.729999542236328,25.729999542236328,117000,0.0,0.0,0.0
2024-11-15 00:00:00-05:00,25.950000762939453,25.969999313354492,25.540000915527344,25.600000381469727,25.600000381469727,78200,0.0,0.0,0.0
2024-11-18 00:00:00-05:00,25.670000076293945,25.989999771118164,25.65999984741211,25.989999771118164,25.989999771118164,103600,0.0,0.0,0.0
2024-11-19 00:00:00-05:00,25.84000015258789,26.200000762939453,25.84000015258789,26.149999618530273,26.149999618530273,118600,0.0,0.0,0.0
2024-11-20 00:00:00-05:00,26.18000030517578,26.18000030517578,25.940000534057617,26.040000915527344,26.040000915527344,98500,0.0,0.0,0.0
2024-11-21 00:00:00-05:00,25.989999771118164,26.010000228881836,25.760000228881836,25.899999618530273,25.899999618530273,71700,0.0,0.0,0.0
2024-11-22 00:00:00-05:00,25.75,25.799999237060547,25.649999618530273,25.670000076293945,25.670000076293945,76700,0.0,0.0,0.0
2024-11-25 00:00:00-05:00,26.020000457763672,26.020000457763672,25.850000381469727,25.940000534057617,25.940000534057617,52400,0.0,0.0,0.0
2024-11-26 00:00:00-05:00,25.899999618530273,25.899999618530273,25.639999389648438,25.690000534057617,25.690000534057617,50100,0.0,0.0,0.0
2024-11-27 00:00:00-05:00,25.829999923706055,25.940000534057617,25.790000915527344,25.790000915527344,25.790000915527344,22000,0.0,0.0,0.0
2024-11-29 00:00:00-05:00,25.799999237060547,25.8700008392334,25.719999313354492,25.799999237060547,25.799999237060547,26700,0.0,0.0,0.0
2024-12-02 00:00:00-05:00,25.770000457763672,25.8799991607666,25.68000030517578,25.8700008392334,25.8700008392334,48200,0.0,0.0,0.0
2024-12-03 00:00:00-05:00,26.260000228881836,26.360000610351562,26.110000610351562,26.200000762939453,26.200000762939453,56300,0.0,0.0,0.0
2024-12-04 00:00:00-05:00,26.219999313354492,26.299999237060547,26.110000610351562,26.18000030517578,26.18000030517578,20300,0.0,0.0,0.0
2024-12-05 00:00:00-05:00,26.1200008392334,26.219999313354492,26.100000381469727,26.190000534057617,26.190000534057617,23000,0.0,0.0,0.0
2024-12-06 00:00:00-05:00,26.25,26.280000686645508,26.139999389648438,26.149999618530273,26.149999618530273,44800,0.0,0.0,0.0
2024-12-09 00:00:00-05:00,26.670000076293945,26.760000228881836,26.479999542236328,26.59000015258789,26.59000015258789,139000,0.0,0.0,0.0
2024-12-10 00:00:00-05:00,26.68000030517578,26.709999084472656,26.479999542236328,26.600000381469727,26.600000381469727,36000,0.0,0.0,0.0
2024-12-11 00:00:00-05:00,26.649999618530273,26.649999618530273,26.5,26.59000015258789,26.59000015258789,44500,0.0,0.0,0.0
2024-12-12 00:00:00-05:00,26.1299991607666,26.530000686645508,26.1299991607666,26.420000076293945,26.420000076293945,30000,0.0,0.0,0.0
2024-12-13 00:00:00-05:00,26.260000228881836,26.290000915527344,26.110000610351562,26.1200008392334,26.1200008392334,80300,0.0,0.0,0.0
2024-12-16 00:00:00-05:00,26.18000030517578,26.190000534057617,26.110000610351562,26.139999389648438,26.139999389648438,47900,0.0,0.0,0.0
2024-12-17 00:00:00-05:00,25.899999618530273,25.950000762939453,25.829999923706055,25.889999389648438,25.889999389648438,74700,0.0,0.0,0.0
2024-12-18 00:00:00-05:00,25.989999771118164,26.040000915527344,25.540000915527344,25.6299991607666,25.6299991607666,74200,0.0,0.0,0.0
2024-12-19 00:00:00-05:00,25.68000030517578,25.700000762939453,25.420000076293945,25.520000457763672,25.520000457763672,260100,0.0,0.0,0.0
2024-12-20 00:00:00-05:00,25.489999771118164,25.65999984741211,25.399999618530273,25.6200008392334,25.6200008392334,43900,0.0,0.0,0.0
2024-12-23 00:00:00-05:00,25.56999969482422,25.600000381469727,25.5,25.59000015258789,25.59000015258789,35100,0.0,0.0,0.0
2024-12-24 00:00:00-05:00,25.770000457763672,25.81999969482422,25.6200008392334,25.65999984741211,25.65999984741211,92100,0.0,0.0,0.0
2024-12-26 00:00:00-05:00,25.799999237060547,25.899999618530273,25.770000457763672,25.889999389648438,25.889999389648438,38100,0.0,0.0,0.0
2024-12-27 00:00:00-05:00,25.790000915527344,25.8799991607666,25.739999771118164,25.790000915527344,25.790000915527344,33000,0.0,0.0,0.0
2024-12-30 00:00:00-05:00,25.649999618530273,25.690000534057617,25.530000686645508,25.6299991607666,25.6299991607666,62500,0.0,0.0,0.0
2024-12-31 00:00:00-05:00,25.25,25.290000915527344,25.100000381469727,25.15999984741211,25.15999984741211,163300,0.0,0.0,0.0
2025-01-02 00:00:00-05:00,25.15999984741211,25.31999969482422,25.1200008392334,25.31999969482422,25.31999969482422,264000,0.0,0.0,0.0
2025-01-03 00:00:00-05:00,25.360000610351562,25.59000015258789,25.350000381469727,25.549999237060547,25.549999237060547,39400,0.0,0.0,0.0
2025-01-06 00:00:00-05:00,25.84000015258789,26.260000228881836,25.84000015258789,26.0,26.0,188200,0.0,0.0,0.0
2025-01-07 00:00:00-05:00,26.270000457763672,26.309999465942383,26.100000381469727,26.209999084472656,26.209999084472656,39500,0.0,0.0,0.0
2025-01-08 00:00:00-05:00,26.440000534057617,26.75,26.440000534057617,26.739999771118164,26.739999771118164,44800,0.0,0.0,0.0
2025-01-10 00:00:00-05:00,27.309999465942383,27.329999923706055,26.829999923706055,26.889999389648438,26.889999389648438,109900,0.0,0.0,0.0
2025-01-13 00:00:00-05:00,26.8700008392334,27.190000534057617,26.8700008392334,27.079999923706055,27.079999923706055,96200,0.0,0.0,0.0
2025-01-14 00:00:00-05:00,27.110000610351562,27.270000457763672,27.079999923706055,27.239999771118164,27.239999771118164,50600,0.0,0.0,0.0
2025-01-15 00:00:00-05:00,27.399999618530273,27.6299991607666,27.329999923706055,27.600000381469727,27.600000381469727,246500,0.0,0.0,0.0
2025-01-16 00:00:00-05:00,27.6299991607666,27.799999237060547,27.559999465942383,27.75,27.75,164800,0.0,0.0,0.0
2025-01-17 00:00:00-05:00,27.459999084472656,27.5,27.25,27.25,27.25,259400,0.0,0.0,0.0
2025-01-21 00:00:00-05:00,27.0,27.229999542236328,26.950000762939453,27.229999542236328,27.229999542236328,108800,0.0,0.0,0.0
2025-01-22 00:00:00-05:00,27.149999618530273,27.149999618530273,26.84000015258789,27.0,27.0,65200,0.0,0.0,0.0
2025-01-23 00:00:00-05:00,27.0,27.209999084472656,26.899999618530273,27.1299991607666,27.1299991607666,50400,0.0,0.0,0.0
2025-01-24 00:00:00-05:00,27.219999313354492,27.260000228881836,27.030000686645508,27.149999618530273,27.149999618530273,204300,0.0,0.0,0.0
2025-01-27 00:00:00-05:00,26.809999465942383,26.8700008392334,26.59000015258789,26.6299991607666,26.6299991607666,47300,0.0,0.0,0.0
2025-01-28 00:00:00-05:00,26.809999465942383,26.8700008392334,26.68000030517578,26.690000534057617,26.690000534057617,74400,0.0,0.0,0.0
2025-01-29 00:00:00-05:00,26.809999465942383,27.06999969482422,26.809999465942383,26.899999618530273,26.899999618530273,40200,0.0,0.0,0.0
2025-01-30 00:00:00-05:00,27.110000610351562,27.280000686645508,27.09000015258789,27.170000076293945,27.170000076293945,46600,0.0,0.0,0.0
2025-01-31 00:00:00-05:00,26.90999984741211,27.0,26.760000228881836,26.850000381469727,26.850000381469727,36000,0.0,0.0,0.0
2025-02-03 00:00:00-05:00,26.84000015258789,27.229999542236328,26.760000228881836,27.15999984741211,27.15999984741211,67000,0.0,0.0,0.0
2025-02-04 00:00:00-05:00,27.25,27.5,27.239999771118164,27.479999542236328,27.479999542236328,167700,0.0,0.0,0.0
2025-02-05 00:00:00-05:00,27.450000762939453,28.0,27.450000762939453,27.93000030517578,27.93000030517578,150600,0.0,0.0,0.0
2025-02-06 00:00:00-05:00,28.040000915527344,28.100000381469727,27.780000686645508,28.09000015258789,28.09000015258789,84000,0.0,0.0,0.0
2025-02-07 00:00:00-05:00,28.729999542236328,28.979999542236328,28.690000534057617,28.899999618530273,28.899999618530273,249200,0.0,0.0,0.0
2025-02-10 00:00:00-05:00,29.25,29.6299991607666,29.219999313354492,29.5,29.5,160100,0.0,0.0,0.0
2025-02-11 00:00:00-05:00,28.700000762939453,28.969999313354492,28.600000381469727,28.8799991607666,28.8799991607666,186000,0.0,0.0,0.0
2025-02-12 00:00:00-05:00,29.040000915527344,29.649999618530273,29.010000228881836,29.579999923706055,29.579999923706055,150000,0.0,0.0,0.0
2025-02-13 00:00:00-05:00,29.68000030517578,30.18000030517578,29.6200008392334,30.15999984741211,30.15999984741211,179300,0.0,0.0,0.0
2025-02-14 00:00:00-05:00,29.6200008392334,29.709999084472656,29.170000076293945,29.270000457763672,29.270000457763672,201000,0.0,0.0,0.0
2025-02-18 00:00:00-05:00,28.81999969482422,28.93000030517578,28.290000915527344,28.84000015258789,28.84000015258789,161800,0.0,0.0,0.0
2025-02-19 00:00:00-05:00,28.959999084472656,28.959999084472656,28.700000762939453,28.809999465942383,28.809999465942383,45000,0.0,0.0,0.0
2025-02-20 00:00:00-05:00,29.049999237060547,29.200000762939453,29.010000228881836,29.06999969482422,29.06999969482422,67500,0.0,0.0,0.0
2025-02-21 00:00:00-05:00,29.0,29.0,28.600000381469727,28.600000381469727,28.600000381469727,77700,0.0,0.0,0.0
2025-02-24 00:00:00-05:00,28.510000228881836,28.579999923706055,28.350000381469727,28.399999618530273,28.399999618530273,68200,0.0,0.0,0.0
2025-02-25 00:00:00-05:00,28.6299991607666,28.709999084472656,28.15999984741211,28.360000610351562,28.360000610351562,135400,0.0,0.0,0.0
2025-02-26 00:00:00-05:00,28.850000381469727,28.8700008392334,28.459999084472656,28.600000381469727,28.600000381469727,81900,0.0,0.0,0.0
2025-02-27 00:00:00-05:00,28.979999542236328,29.010000228881836,28.600000381469727,28.690000534057617,28.690000534057617,69100,0.0,0.0,0.0
2025-02-28 00:00:00-05:00,28.360000610351562,28.420000076293945,28.100000381469727,28.3799991607666,28.3799991607666,208600,0.0,0.0,0.0
2025-03-03 00:00:00-05:00,28.93000030517578,29.0,28.530000686645508,28.56999969482422,28.56999969482422,128400,0.0,0.0,0.0
2025-03-04 00:00:00-05:00,28.59000015258789,28.729999542236328,28.270000457763672,28.489999771118164,28.489999771118164,67100,0.0,0.0,0.0
2025-03-05 00:00:00-05:00,29.59000015258789,30.100000381469727,29.59000015258789,30.079999923706055,30.079999923706055,258500,0.0,0.0,0.0
2025-03-06 00:00:00-05:00,29.979999542236328,30.299999237060547,29.850000381469727,29.899999618530273,29.899999618530273,202400,0.0,0.0,0.0
2025-03-07 00:00:00-05:00,29.530000686645508,29.899999618530273,29.270000457763672,29.479999542236328,29.479999542236328,106200,0.0,0.0,0.0
2025-03-10 00:00:00-04:00,29.25,29.350000381469727,28.90999984741211,29.079999923706055,29.079999923706055,84800,0.0,0.0,0.0
2025-03-11 00:00:00-04:00,29.579999923706055,30.049999237060547,29.559999465942383,29.899999618530273,29.899999618530273,236600,0.0,0.0,0.0
2025-03-12 00:00:00-04:00,30.579999923706055,30.649999618530273,30.1299991607666,30.219999313354492,30.219999313354492,266400,0.0,0.0,0.0
2025-03-13 00:00:00-04:00,30.239999771118164,30.860000610351562,30.209999084472656,30.780000686645508,30.780000686645508,303800,0.0,0.0,0.0
2025-03-14 00:00:00-04:00,30.719999313354492,30.719999313354492,30.440000534057617,30.459999084472656,30.459999084472656,181400,0.0,0.0,0.0
2025-03-17 00:00:00-04:00,30.670000076293945,31.149999618530273,30.579999923706055,31.079999923706055,31.079999923706055,131200,0.0,0.0,0.0
2025-03-18 00:00:00-04:00,31.34000015258789,31.399999618530273,31.079999923706055,31.31999969482422,31.31999969482422,229300,0.0,0.0,0.0
2025-03-19 00:00:00-04:00,31.59000015258789,32.04999923706055,31.520000457763672,32.0,32.0,261900,0.0,0.0,0.0
2025-03-20 00:00:00-04:00,31.790000915527344,31.989999771118164,31.6200008392334,31.989999771118164,31.989999771118164,274700,0.0,0.0,0.0
2025-03-21 00:00:00-04:00,31.6299991607666,32.0,31.399999618530273,31.899999618530273,31.899999618530273,206500,0.0,0.0,0.0
2025-03-24 00:00:00-04:00,32.16999816894531,32.29999923706055,31.739999771118164,31.84000015258789,31.84000015258789,304100,0.0,0.0,0.0
2025-03-25 00:00:00-04:00,32.31999969482422,32.70000076293945,32.31999969482422,32.68000030517578,32.68000030517578,324900,0.0,0.0,0.0
2025-03-26 00:00:00-04:00,33.04999923706055,33.11000061035156,32.66999816894531,32.75,32.75,327400,0.0,0.0,0.0
2025-03-27 00:00:00-04:00,32.2400016784668,32.2400016784668,31.799999237060547,31.959999084472656,31.959999084472656,480400,0.0,0.0,0.0
2025-03-28 00:00:00-04:00,32.25,32.279998779296875,31.860000610351562,31.950000762939453,31.950000762939453,213700,0.0,0.0,0.0
2025-03-31 00:00:00-04:00,31.5,31.639999389648438,31.139999389648438,31.600000381469727,31.600000381469727,247700,0.0,0.0,0.0
2025-04-01 00:00:00-04:00,31.600000381469727,31.6299991607666,31.329999923706055,31.520000457763672,31.520000457763672,150300,0.0,0.0,0.0
2025-04-02 00:00:00-04:00,31.670000076293945,31.739999771118164,31.440000534057617,31.530000686645508,31.530000686645508,135300,0.0,0.0,0.0
2025-04-03 00:00:00-04:00,30.5,30.549999237060547,30.040000915527344,30.06999969482422,30.06999969482422,609400,0.0,0.0,0.0
2025-04-04 00:00:00-04:00,28.170000076293945,28.34000015258789,27.350000381469727,27.520000457763672,27.520000457763672,519800,0.0,0.0,0.0
2025-04-07 00:00:00-04:00,26.729999542236328,27.790000915527344,26.209999084472656,26.68000030517578,26.68000030517578,603900,0.0,0.0,0.0
2025-04-08 00:00:00-04:00,26.799999237060547,26.8799991607666,25.649999618530273,25.719999313354492,25.719999313354492,218800,0.0,0.0,0.0
2025-04-09 00:00:00-04:00,26.450000762939453,28.030000686645508,26.309999465942383,27.739999771118164,27.739999771118164,448100,0.0,0.0,0.0
2025-04-10 00:00:00-04:00,27.299999237060547,27.889999389648438,27.1200008392334,27.489999771118164,27.489999771118164,236100,0.0,0.0,0.0
2025-04-11 00:00:00-04:00,27.739999771118164,28.649999618530273,27.739999771118164,28.510000228881836,28.510000228881836,140700,0.0,0.0,0.0
2025-04-14 00:00:00-04:00,28.829999923706055,29.459999084472656,28.6299991607666,29.399999618530273,29.399999618530273,206800,0.0,0.0,0.0
2025-04-15 00:00:00-04:00,28.940000534057617,29.110000610351562,28.860000610351562,29.010000228881836,29.010000228881836,122300,0.0,0.0,0.0
2025-04-16 00:00:00-04:00,28.860000610351562,29.5,28.780000686645508,29.31999969482422,29.31999969482422,55600,0.0,0.0,0.0
2025-04-17 00:00:00-04:00,29.1200008392334,29.829999923706055,28.90999984741211,29.469999313354492,29.469999313354492,96300,0.0,0.0,0.0
2025-04-21 00:00:00-04:00,30.020000457763672,30.110000610351562,29.5,29.790000915527344,29.790000915527344,186100,0.0,0.0,0.0
2025-04-22 00:00:00-04:00,30.209999084472656,30.65999984741211,30.110000610351562,30.3799991607666,30.3799991607666,135300,0.0,0.0,0.0
2025-04-23 00:00:00-04:00,30.770000457763672,30.770000457763672,30.209999084472656,30.3700008392334,30.3700008392334,165600,0.0,0.0,0.0
2025-04-24 00:00:00-04:00,30.139999389648438,30.790000915527344,30.06999969482422,30.610000610351562,30.610000610351562,62500,0.0,0.0,0.0
2025-04-25 00:00:00-04:00,30.280000686645508,30.549999237060547,30.1200008392334,30.3799991607666,30.3799991607666,65000,0.0,0.0,0.0
2025-04-28 00:00:00-04:00,30.559999465942383,30.559999465942383,30.209999084472656,30.440000534057617,30.440000534057617,66400,0.0,0.0,0.0
2025-04-29 00:00:00-04:00,30.559999465942383,30.559999465942383,30.059999465942383,30.18000030517578,30.18000030517578,84100,0.0,0.0,0.0
2025-04-30 00:00:00-04:00,28.6200008392334,28.8700008392334,28.270000457763672,28.540000915527344,28.540000915527344,266300,0.0,0.0,0.0
2025-05-01 00:00:00-04:00,28.90999984741211,29.040000915527344,28.670000076293945,28.81999969482422,28.81999969482422,185000,0.0,0.0,0.0
2025-05-02 00:00:00-04:00,29.280000686645508,29.350000381469727,28.760000228881836,29.100000381469727,29.100000381469727,71800,0.0,0.0,0.0
2025-05-05 00:00:00-04:00,29.5,29.649999618530273,29.06999969482422,29.239999771118164,29.239999771118164,31200,0.0,0.0,0.0
2025-05-06 00:00:00-04:00,29.5,29.790000915527344,29.5,29.65999984741211,29.65999984741211,81400,0.0,0.0,0.0
2025-05-07 00:00:00-04:00,29.18000030517578,29.18000030517578,28.700000762939453,28.739999771118164,28.739999771118164,247900,0.0,0.0,0.0
2025-05-08 00:00:00-04:00,28.899999618530273,28.93000030517578,28.450000762939453,28.579999923706055,28.579999923706055,61000,0.0,0.0,0.0
2025-05-09 00:00:00-04:00,28.8700008392334,29.209999084472656,28.8700008392334,28.940000534057617,28.940000534057617,39300,0.0,0.0,0.0
2025-05-12 00:00:00-04:00,28.959999084472656,28.959999084472656,28.649999618530273,28.920000076293945,28.920000076293945,134100,0.0,0.0,0.0
2025-05-13 00:00:00-04:00,28.93000030517578,29.549999237060547,28.920000076293945,29.40999984741211,29.40999984741211,316800,0.0,0.0,0.0
2025-05-14 00:00:00-04:00,29.260000228881836,29.260000228881836,28.90999984741211,29.0,29.0,160100,0.0,0.0,0.0
2025-05-15 00:00:00-04:00,28.899999618530273,29.329999923706055,28.799999237060547,29.270000457763672,29.270000457763672,95600,0.0,0.0,0.0
2025-05-16 00:00:00-04:00,28.829999923706055,28.90999984741211,28.540000915527344,28.610000610351562,28.610000610351562,135600,0.0,0.0,0.0
2025-05-19 00:00:00-04:00,28.860000610351562,29.200000762939453,28.860000610351562,29.09000015258789,29.09000015258789,170500,0.0,0.0,0.0
2025-05-20 00:00:00-04:00,28.799999237060547,29.25,28.799999237060547,29.239999771118164,29.239999771118164,225700,0.0,0.0,0.0
2025-05-21 00:00:00-04:00,29.280000686645508,29.3799991607666,29.06999969482422,29.209999084472656,29.209999084472656,170400,0.0,0.0,0.0
2025-05-22 00:00:00-04:00,29.059999465942383,29.34000015258789,28.8700008392334,29.229999542236328,29.229999542236328,95700,0.0,0.0,0.0
2025-05-23 00:00:00-04:00,29.329999923706055,30.5,29.270000457763672,30.389999389648438,30.389999389648438,247800,0.0,0.0,0.0
2025-05-27 00:00:00-04:00,30.0,30.040000915527344,29.549999237060547,29.649999618530273,29.649999618530273,259200,0.0,0.0,0.0
2025-05-28 00:00:00-04:00,29.3700008392334,29.3700008392334,29.149999618530273,29.209999084472656,29.209999084472656,122100,0.0,0.0,0.0
2025-05-29 00:00:00-04:00,29.420000076293945,29.450000762939453,29.139999389648438,29.15999984741211,29.15999984741211,141800,0.0,0.0,0.0
2025-05-30 00:00:00-04:00,29.200000762939453,29.3799991607666,29.06999969482422,29.360000610351562,29.360000610351562,76000,0.0,0.0,0.0
2025-06-02 00:00:00-04:00,30.440000534057617,30.729999542236328,30.200000762939453,30.3700008392334,30.3700008392334,225200,0.0,0.0,0.0
2025-06-03 00:00:00-04:00,30.31999969482422,30.420000076293945,30.149999618530273,30.389999389648438,30.389999389648438,88300,0.0,0.0,0.0
2025-06-04 00:00:00-04:00,30.5,30.799999237060547,30.399999618530273,30.510000228881836,30.510000228881836,176600,0.0,0.0,0.0
2025-06-05 00:00:00-04:00,31.5,31.6200008392334,30.729999542236328,30.760000228881836,30.760000228881836,180600,0.0,0.0,0.0
2025-06-06 00:00:00-04:00,30.8700008392334,30.8799991607666,30.200000762939453,30.229999542236328,30.229999542236328,108000,0.0,0.0,0.0
2025-06-09 00:00:00-04:00,30.700000762939453,30.889999389648438,30.610000610351562,30.68000030517578,30.68000030517578,123600,0.0,0.0,0.0
2025-06-10 00:00:00-04:00,30.670000076293945,30.790000915527344,30.520000457763672,30.700000762939453,30.700000762939453,126900,0.0,0.0,0.0
2025-06-11 00:00:00-04:00,30.239999771118164,30.329999923706055,29.959999084472656,30.020000457763672,30.020000457763672,445300,0.0,0.0,0.0
2025-06-12 00:00:00-04:00,30.0,30.350000381469727,30.0,30.260000228881836,30.260000228881836,252900,0.0,0.0,0.0
2025-06-13 00:00:00-04:00,29.84000015258789,30.18000030517578,29.690000534057617,29.770000457763672,29.770000457763672,191800,0.0,0.0,0.0
2025-06-16 00:00:00-04:00,30.209999084472656,30.3700008392334,30.100000381469727,30.200000762939453,30.200000762939453,82700,0.0,0.0,0.0
2025-06-17 00:00:00-04:00,30.1200008392334,30.229999542236328,29.8799991607666,29.959999084472656,29.959999084472656,169600,0.0,0.0,0.0
2025-06-18 00:00:00-04:00,30.299999237060547,30.420000076293945,30.1299991607666,30.350000381469727,30.350000381469727,103800,0.0,0.0,0.0
2025-06-20 00:00:00-04:00,30.25,30.34000015258789,30.030000686645508,30.290000915527344,30.290000915527344,95800,0.0,0.0,0.0
2025-06-23 00:00:00-04:00,30.100000381469727,30.75,30.06999969482422,30.649999618530273,30.649999618530273,151300,0.0,0.0,0.0
2025-06-24 00:00:00-04:00,30.510000228881836,30.700000762939453,30.280000686645508,30.690000534057617,30.690000534057617,296900,0.0,0.0,0.0
2025-06-25 00:00:00-04:00,30.700000762939453,30.940000534057617,30.559999465942383,30.860000610351562,30.860000610351562,98000,0.0,0.0,0.0
2025-06-26 00:00:00-04:00,31.65999984741211,31.920000076293945,31.579999923706055,31.700000762939453,31.700000762939453,273300,0.0,0.0,0.0
2025-06-27 00:00:00-04:00,31.299999237060547,31.760000228881836,31.1200008392334,31.670000076293945,31.670000076293945,216000,0.0,0.0,0.0
2025-06-30 00:00:00-04:00,31.489999771118164,31.649999618530273,31.309999465942383,31.639999389648438,31.639999389648438,118800,0.0,0.0,0.0
2025-07-01 00:00:00-04:00,32.0,32.13999938964844,31.510000228881836,31.56999969482422,31.56999969482422,86500,0.0,0.0,0.0
2025-07-02 00:00:00-04:00,31.8799991607666,32.279998779296875,31.8799991607666,32.2400016784668,32.2400016784668,115700,0.0,0.0,0.0
2025-07-03 00:00:00-04:00,32.099998474121094,32.119998931884766,31.770000457763672,31.90999984741211,31.90999984741211,168600,0.0,0.0,0.0
2025-07-07 00:00:00-04:00,31.09000015258789,31.309999465942383,31.0,31.149999618530273,31.149999618530273,258100,0.0,0.0,0.0
2025-07-08 00:00:00-04:00,31.1299991607666,35.0,30.8799991607666,33.77000045776367,33.77000045776367,1027900,0.0,0.0,0.0
2025-07-09 00:00:00-04:00,34.54999923706055,34.54999923706055,33.540000915527344,34.29999923706055,34.29999923706055,601600,0.0,0.0,0.0
2025-07-10 00:00:00-04:00,34.70000076293945,34.83000183105469,34.45000076293945,34.79999923706055,34.79999923706055,338600,0.0,0.0,0.0
2025-07-11 00:00:00-04:00,34.369998931884766,34.81999969482422,34.15999984741211,34.5099983215332,34.5099983215332,323700,0.0,0.0,0.0
2025-07-14 00:00:00-04:00,34.040000915527344,34.38999938964844,33.79999923706055,34.279998779296875,34.279998779296875,233700,0.0,0.0,0.0
2025-07-15 00:00:00-04:00,34.279998779296875,34.70000076293945,34.08000183105469,34.310001373291016,34.310001373291016,140800,0.0,0.0,0.0
2025-07-16 00:00:00-04:00,34.22999954223633,34.38999938964844,33.880001068115234,34.18000030517578,34.18000030517578,254200,0.0,0.0,0.0
2025-07-17 00:00:00-04:00,34.029998779296875,34.22999954223633,33.91999816894531,34.150001525878906,34.150001525878906,128600,0.0,0.0,0.0
2025-07-18 00:00:00-04:00,34.43000030517578,34.75,34.29999923706055,34.65999984741211,34.65999984741211,241600,0.0,0.0,0.0
2025-07-21 00:00:00-04:00,34.869998931884766,34.95000076293945,34.65999984741211,34.939998626708984,34.939998626708984,210300,0.0,0.0,0.0
2025-07-22 00:00:00-04:00,35.150001525878906,35.560001373291016,34.869998931884766,35.5,35.5,319800,0.0,0.0,0.0
2025-07-23 00:00:00-04:00,36.33000183105469,36.689998626708984,35.869998931884766,36.099998474121094,36.099998474121094,202400,0.0,0.0,0.0
2025-07-24 00:00:00-04:00,36.130001068115234,36.290000915527344,35.86000061035156,36.16999816894531,36.16999816894531,218100,0.0,0.0,0.0
2025-07-25 00:00:00-04:00,35.810001373291016,35.9900016784668,35.52000045776367,35.84000015258789,35.84000015258789,166900,0.0,0.0,0.0
2025-07-28 00:00:00-04:00,35.54999923706055,35.65999984741211,33.709999084472656,34.790000915527344,34.790000915527344,399700,0.0,0.0,0.0
2025-07-29 00:00:00-04:00,35.0,35.25,34.7400016784668,35.0,35.0,157500,0.0,0.0,0.0
2025-07-30 00:00:00-04:00,34.709999084472656,35.939998626708984,28.190000534057617,28.239999771118164,28.239999771118164,3275600,0.0,0.0,0.0
2025-07-31 00:00:00-04:00,27.139999389648438,27.65999984741211,27.079999923706055,27.450000762939453,27.450000762939453,2420500,0.0,0.0,0.0
2025-08-01 00:00:00-04:00,27.5,27.68000030517578,27.270000457763672,27.56999969482422,27.56999969482422,801000,0.0,0.0,0.0
2025-08-04 00:00:00-04:00,27.670000076293945,27.809999465942383,27.489999771118164,27.719999313354492,27.719999313354492,605500,0.0,0.0,0.0
2025-08-05 00:00:00-04:00,27.440000534057617,27.469999313354492,27.15999984741211,27.209999084472656,27.209999084472656,420800,0.0,0.0,0.0
2025-08-06 00:00:00-04:00,27.450000762939453,27.540000915527344,27.34000015258789,27.459999084472656,27.459999084472656,339300,0.0,0.0,0.0
2025-08-07 00:00:00-04:00,27.59000015258789,27.649999618530273,27.270000457763672,27.479999542236328,27.479999542236328,271200,0.0,0.0,0.0
2025-08-08 00:00:00-04:00,27.65999984741211,27.950000762939453,27.579999923706055,27.770000457763672,27.770000457763672,523600,0.0,0.0,0.0
2025-08-11 00:00:00-04:00,27.690000534057617,27.75,27.540000915527344,27.690000534057617,27.690000534057617,212800,0.0,0.0,0.0
2025-08-12 00:00:00-04:00,27.950000762939453,28.200000762939453,27.93000030517578,28.059999465942383,28.059999465942383,445300,0.0,0.0,0.0
2025-08-13 00:00:00-04:00,28.110000610351562,28.15999984741211,27.899999618530273,27.950000762939453,27.950000762939453,381500,0.0,0.0,0.0
2025-08-14 00:00:00-04:00,27.84000015258789,28.030000686645508,27.690000534057617,27.989999771118164,27.989999771118164,169800,0.0,0.0,0.0
2025-08-15 00:00:00-04:00,27.989999771118164,28.049999237060547,27.850000381469727,27.920000076293945,27.920000076293945,260900,0.0,0.0,0.0
2025-08-18 00:00:00-04:00,27.829999923706055,27.940000534057617,27.700000762939453,27.84000015258789,27.84000015258789,481100,0.0,0.0,0.0
2025-08-19 00:00:00-04:00,27.799999237060547,27.799999237060547,27.520000457763672,27.56999969482422,27.56999969482422,229000,0.0,0.0,0.0
2025-08-20 00:00:00-04:00,27.56999969482422,27.739999771118164,27.549999237060547,27.65999984741211,27.65999984741211,154200,0.0,0.0,0.0
2025-08-21 00:00:00-04:00,27.65999984741211,27.770000457763672,27.600000381469727,27.770000457763672,27.770000457763672,278100,0.0,0.0,0.0
2025-08-22 00:00:00-04:00,27.770000457763672,27.920000076293945,27.690000534057617,27.770000457763672,27.770000457763672,416500,0.0,0.0,0.0
2025-08-25 00:00:00-04:00,27.8700008392334,28.0,27.780000686645508,27.860000610351562,27.860000610351562,133900,0.0,0.0,0.0
2025-08-26 00:00:00-04:00,27.90999984741211,27.940000534057617,27.780000686645508,27.93000030517578,27.93000030517578,153200,0.0,0.0,0.0
2025-08-27 00:00:00-04:00,27.459999084472656,27.68000030517578,27.3700008392334,27.65999984741211,27.65999984741211,177700,0.0,0.0,0.0
2025-08-28 00:00:00-04:00,27.790000915527344,28.059999465942383,27.709999084472656,27.93000030517578,27.93000030517578,143900,0.0,0.0,0.0
2025-08-29 00:00:00-04:00,28.020000457763672,28.219999313354492,27.93000030517578,28.1299991607666,28.1299991607666,225500,0.0,0.0,0.0
2025-09-02 00:00:00-04:00,28.079999923706055,28.549999237060547,27.959999084472656,28.489999771118164,28.489999771118164,256800,0.0,0.0,0.0
2025-09-03 00:00:00-04:00,28.3700008392334,28.56999969482422,28.290000915527344,28.360000610351562,28.360000610351562,198000,0.0,0.0,0.0
2025-09-04 00:00:00-04:00,28.15999984741211,28.239999771118164,28.020000457763672,28.079999923706055,28.079999923706055,126700,0.0,0.0,0.0
2025-09-05 00:00:00-04:00,28.170000076293945,28.219999313354492,27.850000381469727,27.940000534057617,27.940000534057617,161400,0.0,0.0,0.0
2025-09-08 00:00:00-04:00,27.969999313354492,28.100000381469727,27.950000762939453,28.030000686645508,28.030000686645508,466200,0.0,0.0,0.0
2025-09-09 00:00:00-04:00,28.170000076293945,28.18000030517578,27.979999542236328,28.1299991607666,28.1299991607666,140600,0.0,0.0,0.0
2025-09-10 00:00:00-04:00,28.239999771118164,28.450000762939453,28.229999542236328,28.329999923706055,28.329999923706055,317500,0.0,0.0,0.0
2025-09-11 00:00:00-04:00,28.329999923706055,28.799999237060547,28.31999969482422,28.799999237060547,28.799999237060547,421500,0.0,0.0,0.0
2025-09-12 00:00:00-04:00,28.59000015258789,28.770000457763672,28.56999969482422,28.600000381469727,28.600000381469727,171200,0.0,0.0,0.0
2025-09-15 00:00:00-04:00,28.739999771118164,29.06999969482422,28.729999542236328,29.030000686645508,29.030000686645508,140300,0.0,0.0,0.0
2025-09-16 00:00:00-04:00,28.950000762939453,29.040000915527344,28.84000015258789,28.950000762939453,28.950000762939453,214700,0.0,0.0,0.0
2025-09-17 00:00:00-04:00,28.459999084472656,28.700000762939453,28.219999313354492,28.420000076293945,28.420000076293945,236900,0.0,0.0,0.0
2025-09-18 00:00:00-04:00,28.309999465942383,28.3700008392334,28.200000762939453,28.34000015258789,28.34000015258789,133100,0.0,0.0,0.0
2025-09-19 00:00:00-04:00,28.450000762939453,28.6299991607666,28.389999389648438,28.579999923706055,28.579999923706055,137900,0.0,0.0,0.0
2025-09-22 00:00:00-04:00,28.469999313354492,28.65999984741211,28.3700008392334,28.6200008392334,28.6200008392334,280100,0.0,0.0,0.0
2025-09-23 00:00:00-04:00,28.610000610351562,28.6200008392334,28.5,28.6200008392334,28.6200008392334,333500,0.0,0.0,0.0
2025-09-24 00:00:00-04:00,29.09000015258789,29.850000381469727,29.020000457763672,29.700000762939453,29.700000762939453,814300,0.0,0.0,0.0
2025-09-25 00:00:00-04:00,29.670000076293945,29.75,29.25,29.510000228881836,29.510000228881836,726500,0.0,0.0,0.0
2025-09-26 00:00:00-04:00,29.149999618530273,29.489999771118164,29.049999237060547,29.3700008392334,29.3700008392334,338400,0.0,0.0,0.0
2025-09-29 00:00:00-04:00,29.760000228881836,30.34000015258789,29.719999313354492,30.290000915527344,30.290000915527344,954700,0.0,0.0,0.0
2025-09-30 00:00:00-04:00,29.84000015258789,30.09000015258789,29.75,30.0,30.0,805400,0.0,0.0,0.0
2025-10-01 00:00:00-04:00,29.8700008392334,30.219999313354492,29.799999237060547,30.149999618530273,30.149999618530273,291700,0.0,0.0,0.0
2025-10-02 00:00:00-04:00,30.440000534057617,30.559999465942383,30.170000076293945,30.559999465942383,30.559999465942383,308600,0.0,0.0,0.0
2025-10-03 00:00:00-04:00,31.040000915527344,31.530000686645508,30.979999542236328,31.31999969482422,31.31999969482422,758600,0.0,0.0,0.0
2025-10-06 00:00:00-04:00,31.040000915527344,31.200000762939453,31.0,31.1299991607666,31.1299991607666,530900,0.0,0.0,0.0
2025-10-07 00:00:00-04:00,31.510000228881836,31.65999984741211,31.229999542236328,31.299999237060547,31.299999237060547,349200,0.0,0.0,0.0
2025-10-08 00:00:00-04:00,31.459999084472656,31.510000228881836,31.260000228881836,31.3799991607666,31.3799991607666,462900,0.0,0.0,0.0
2025-10-09 00:00:00-04:00,32.38999938964844,32.400001525878906,31.399999618530273,31.670000076293945,31.670000076293945,916300,0.0,0.0,0.0
2025-10-10 00:00:00-04:00,31.90999984741211,31.90999984741211,30.010000228881836,30.270000457763672,30.270000457763672,1449200,0.0,0.0,0.0
2025-10-13 00:00:00-04:00,31.6299991607666,31.93000030517578,31.469999313354492,31.59000015258789,31.59000015258789,547400,0.0,0.0,0.0
2025-10-14 00:00:00-04:00,30.729999542236328,31.100000381469727,30.600000381469727,30.850000381469727,30.850000381469727,1039600,0.0,0.0,0.0
2025-10-15 00:00:00-04:00,31.059999465942383,31.079999923706055,30.559999465942383,30.739999771118164,30.739999771118164,618000,0.0,0.0,0.0
2025-10-16 00:00:00-04:00,30.700000762939453,30.979999542236328,30.639999389648438,30.84000015258789,30.84000015258789,507000,0.0,0.0,0.0
2025-10-17 00:00:00-04:00,30.709999084472656,30.889999389648438,30.469999313354492,30.81999969482422,30.81999969482422,380000,0.0,0.0,0.0
2025-10-20 00:00:00-04:00,31.030000686645508,31.280000686645508,30.889999389648438,31.229999542236328,31.229999542236328,429900,0.0,0.0,0.0
2025-10-21 00:00:00-04:00,30.790000915527344,30.81999969482422,30.40999984741211,30.540000915527344,30.540000915527344,506600,0.0,0.0,0.0
2025-10-22 00:00:00-04:00,30.8700008392334,31.0,30.670000076293945,30.969999313354492,30.969999313354492,321900,0.0,0.0,0.0
2025-10-23 00:00:00-04:00,31.489999771118164,31.6299991607666,31.40999984741211,31.40999984741211,31.40999984741211,475100,0.0,0.0,0.0
2025-10-24 00:00:00-04:00,31.520000457763672,31.799999237060547,31.34000015258789,31.59000015258789,31.59000015258789,402200,0.0,0.0,0.0
2025-10-27 00:00:00-04:00,31.8799991607666,32.060001373291016,31.639999389648438,31.899999618530273,31.899999618530273,954600,0.0,0.0,0.0
2025-10-28 00:00:00-04:00,31.809999465942383,32.02000045776367,31.639999389648438,31.989999771118164,31.989999771118164,725500,0.0,0.0,0.0
2025-10-29 00:00:00-04:00,32.400001525878906,32.619998931884766,32.0,32.20000076293945,32.20000076293945,420600,0.0,0.0,0.0
2025-10-30 00:00:00-04:00,31.739999771118164,31.760000228881836,31.170000076293945,31.56999969482422,31.56999969482422,771000,0.0,0.0,0.0
2025-10-31 00:00:00-04:00,31.5,31.700000762939453,31.350000381469727,31.530000686645508,31.530000686645508,423000,0.0,0.0,0.0
2025-11-03 00:00:00-05:00,31.540000915527344,31.540000915527344,31.059999465942383,31.280000686645508,31.280000686645508,595800,0.0,0.0,0.0
2025-11-04 00:00:00-05:00,30.709999084472656,30.760000228881836,30.489999771118164,30.530000686645508,30.530000686645508,630600,0.0,0.0,0.0
2025-11-05 00:00:00-05:00,30.6200008392334,30.969999313354492,30.56999969482422,30.8799991607666,30.8799991607666,847300,0.0,0.0,0.0
2025-11-06 00:00:00-05:00,30.770000457763672,30.8799991607666,30.649999618530273,30.829999923706055,30.829999923706055,393100,0.0,0.0,0.0
2025-11-07 00:00:00-05:00,30.780000686645508,30.809999465942383,30.649999618530273,30.670000076293945,30.670000076293945,363300,0.0,0.0,0.0
2025-11-10 00:00:00-05:00,31.209999084472656,31.700000762939453,31.040000915527344,31.610000610351562,31.610000610351562,689400,0.0,0.0,0.0
2025-11-11 00:00:00-05:00,31.440000534057617,31.489999771118164,31.280000686645508,31.34000015258789,31.34000015258789,363900,0.0,0.0,0.0
2025-11-12 00:00:00-05:00,31.81999969482422,31.8700008392334,31.420000076293945,31.5,31.5,387800,0.0,0.0,0.0
2025-11-13 00:00:00-05:00,31.850000381469727,31.920000076293945,31.18000030517578,31.260000228881836,31.260000228881836,296500,0.0,0.0,0.0
2025-11-14 00:00:00-05:00,31.1299991607666,31.489999771118164,31.079999923706055,31.31999969482422,31.31999969482422,362800,0.0,0.0,0.0
2025-11-17 00:00:00-05:00,31.049999237060547,31.200000762939453,30.760000228881836,30.90999984741211,30.90999984741211,249400,0.0,0.0,0.0
2025-11-18 00:00:00-05:00,30.940000534057617,31.040000915527344,30.760000228881836,30.799999237060547,30.799999237060547,462700,0.0,0.0,0.0
2025-11-19 00:00:00-05:00,31.040000915527344,31.229999542236328,30.959999084472656,31.1299991607666,31.1299991607666,258800,0.0,0.0,0.0
2025-11-20 00:00:00-05:00,31.209999084472656,31.239999771118164,30.670000076293945,30.770000457763672,30.770000457763672,399100,0.0,0.0,0.0
2025-11-21 00:00:00-05:00,30.75,31.15999984741211,30.739999771118164,31.06999969482422,31.06999969482422,323900,0.0,0.0,0.0
2025-11-24 00:00:00-05:00,30.90999984741211,31.1299991607666,30.84000015258789,31.110000610351562,31.110000610351562,369100,0.0,0.0,0.0
2025-11-25 00:00:00-05:00,31.440000534057617,31.450000762939453,31.049999237060547,31.18000030517578,31.18000030517578,440800,0.0,0.0,0.0
2025-11-26 00:00:00-05:00,31.6299991607666,31.84000015258789,31.520000457763672,31.84000015258789,31.84000015258789,235300,0.0,0.0,0.0
2025-11-28 00:00:00-05:00,32.220001220703125,32.43000030517578,32.150001525878906,32.279998779296875,32.279998779296875,308500,0.0,0.0,0.0
2025-12-01 00:00:00-05:00,32.56999969482422,32.619998931884766,32.22999954223633,32.290000915527344,32.290000915527344,523800,0.0,0.0,0.0
2025-12-02 00:00:00-05:00,32.43000030517578,32.529998779296875,32.029998779296875,32.13999938964844,32.13999938964844,392100,0.0,0.0,0.0
2025-12-03 00:00:00-05:00,32.959999084472656,33.279998779296875,32.869998931884766,33.029998779296875,33.029998779296875,1108400,0.0,0.0,0.0
2025-12-04 00:00:00-05:00,32.900001525878906,32.95000076293945,32.70000076293945,32.84000015258789,32.84000015258789,428300,0.0,0.0,0.0
2025-12-05 00:00:00-05:00,33.130001068115234,33.5099983215332,33.130001068115234,33.349998474121094,33.349998474121094,609600,0.0,0.0,0.0
2025-12-08 00:00:00-05:00,33.400001525878906,33.41999816894531,33.02000045776367,33.2400016784668,33.2400016784668,443200,0.0,0.0,0.0
2025-12-09 00:00:00-05:00,32.63999938964844,32.77000045776367,32.529998779296875,32.650001525878906,32.650001525878906,644000,0.0,0.0,0.0
2025-12-10 00:00:00-05:00,32.900001525878906,33.150001525878906,32.70000076293945,33.06999969482422,33.06999969482422,403600,0.0,0.0,0.0
2025-12-11 00:00:00-05:00,33.279998779296875,33.7599983215332,33.20000076293945,33.61000061035156,33.61000061035156,782200,0.0,0.0,0.0
2025-12-12 00:00:00-05:00,33.810001373291016,33.81999969482422,32.400001525878906,32.83000183105469,32.83000183105469,734700,0.0,0.0,0.0
2025-12-15 00:00:00-05:00,33.45000076293945,33.470001220703125,33.08000183105469,33.150001525878906,33.150001525878906,543200,0.0,0.0,0.0
2025-12-16 00:00:00-05:00,32.900001525878906,32.93000030517578,32.709999084472656,32.88999938964844,32.88999938964844,456700,0.0,0.0,0.0
2025-12-17 00:00:00-05:00,33.220001220703125,33.34000015258789,33.119998931884766,33.22999954223633,33.22999954223633,378800,0.0,0.0,0.0
2025-12-18 00:00:00-05:00,33.279998779296875,33.45000076293945,33.0099983215332,33.2599983215332,33.2599983215332,356300,0.0,0.0,0.0
2025-12-19 00:00:00-05:00,33.83000183105469,34.0099983215332,33.540000915527344,33.599998474121094,33.599998474121094,785300,0.0,0.0,0.0
2025-12-22 00:00:00-05:00,33.77000045776367,33.790000915527344,33.59000015258789,33.72999954223633,33.72999954223633,468000,0.0,0.0,0.0
2025-12-23 00:00:00-05:00,34.209999084472656,34.209999084472656,33.79999923706055,34.150001525878906,34.150001525878906,828100,0.0,0.0,0.0
2025-12-24 00:00:00-05:00,34.349998474121094,34.40999984741211,33.91999816894531,34.20000076293945,34.20000076293945,367800,0.0,0.0,0.0
2025-12-26 00:00:00-05:00,35.560001373291016,36.09000015258789,35.52000045776367,35.810001373291016,35.810001373291016,2243100,0.0,0.0,0.0
2025-12-29 00:00:00-05:00,34.31999969482422,34.400001525878906,34.08000183105469,34.18000030517578,34.18000030517578,1292400,0.0,0.0,0.0
2025-12-30 00:00:00-05:00,35.16999816894531,35.54999923706055,34.91999816894531,35.25,35.25,1396000,0.0,0.0,0.0
2025-12-31 00:00:00-05:00,34.790000915527344,35.0,34.650001525878906,34.959999084472656,34.959999084472656,570800,0.0,0.0,0.0
2026-01-02 00:00:00-05:00,35.119998931884766,35.119998931884766,34.7599983215332,34.97999954223633,34.97999954223633,941900,0.0,0.0,0.0
2026-01-05 00:00:00-05:00,36.369998931884766,36.869998931884766,36.25,36.77000045776367,36.77000045776367,1497600,0.0,0.0,0.0
2026-01-06 00:00:00-05:00,37.08000183105469,37.349998474121094,37.02000045776367,37.27000045776367,37.27000045776367,1321400,0.0,0.0,0.0
2026-01-07 00:00:00-05:00,36.43000030517578,36.439998626708984,35.880001068115234,35.90999984741211,35.90999984741211,1459400,0.0,0.0,0.0
2026-01-08 00:00:00-05:00,35.349998474121094,35.689998626708984,34.97999954223633,35.68000030517578,35.68000030517578,883700,0.0,0.0,0.0
2026-01-09 00:00:00-05:00,36.2400016784668,36.41999816894531,36.09000015258789,36.150001525878906,36.150001525878906,984900,0.0,0.0,0.0
2026-01-12 00:00:00-05:00,36.47999954223633,37.08000183105469,36.47999954223633,36.880001068115234,36.880001068115234,1738600,0.0,0.0,0.0
2026-01-13 00:00:00-05:00,37.130001068115234,37.20000076293945,36.779998779296875,36.88999938964844,36.88999938964844,988700,0.0,0.0,0.0
2026-01-14 00:00:00-05:00,37.349998474121094,37.5099983215332,36.91999816894531,37.5,37.5,1849200,0.0,0.0,0.0
2026-01-15 00:00:00-05:00,36.689998626708984,36.91999816894531,36.41999816894531,36.77000045776367,36.77000045776367,1589100,0.0,0.0,0.0
2026-01-16 00:00:00-05:00,35.7599983215332,35.939998626708984,35.459999084472656,35.939998626708984,35.939998626708984,1927900,0.0,0.0,0.0
2026-01-20 00:00:00-05:00,35.70000076293945,35.77000045776367,35.310001373291016,35.709999084472656,35.709999084472656,1640400,0.0,0.0,0.0
2026-01-21 00:00:00-05:00,35.939998626708984,36.0,35.209999084472656,35.68000030517578,35.68000030517578,1654700,0.0,0.0,0.0
2026-01-22 00:00:00-05:00,35.349998474121094,35.7599983215332,35.18000030517578,35.65999984741211,35.65999984741211,1422100,0.0,0.0,0.0
2026-01-23 00:00:00-05:00,36.34000015258789,36.68000030517578,36.2400016784668,36.52000045776367,36.52000045776367,2595800,0.0,0.0,0.0
2026-01-26 00:00:00-05:00,37.0099983215332,37.150001525878906,36.34000015258789,36.540000915527344,36.540000915527344,3864300,0.0,0.0,0.0
2026-01-27 00:00:00-05:00,36.04999923706055,36.59000015258789,35.720001220703125,36.58000183105469,36.58000183105469,1890500,0.0,0.0,0.0
2026-01-28 00:00:00-05:00,36.45000076293945,36.880001068115234,36.290000915527344,36.779998779296875,36.779998779296875,2184400,0.0,0.0,0.0
2026-01-29 00:00:00-05:00,40.349998474121094,40.439998626708984,37.029998779296875,38.709999084472656,38.709999084472656,9379500,0.0,0.0,0.0
2026-01-30 00:00:00-05:00,37.099998474121094,37.279998779296875,35.380001068115234,36.43000030517578,36.43000030517578,4503000,0.0,0.0,0.0
2026-02-02 00:00:00-05:00,35.68000030517578,36.040000915527344,35.5,35.880001068115234,35.880001068115234,1993200,0.0,0.0,0.0
2026-02-03 00:00:00-05:00,37.25,37.52000045776367,37.0,37.47999954223633,37.47999954223633,1971700,0.0,0.0,0.0
2026-02-04 00:00:00-05:00,36.959999084472656,37.0099983215332,35.849998474121094,36.290000915527344,36.290000915527344,1365000,0.0,0.0,0.0
2026-02-05 00:00:00-05:00,35.7599983215332,35.93000030517578,35.18000030517578,35.2400016784668,35.2400016784668,2563700,0.0,0.0,0.0
2026-02-06 00:00:00-05:00,35.720001220703125,36.2400016784668,35.68000030517578,36.2400016784668,36.2400016784668,864100,0.0,0.0,0.0
2026-02-09 00:00:00-05:00,36.25,36.779998779296875,36.2400016784668,36.77000045776367,36.77000045776367,988600,0.0,0.0,0.0
2026-02-10 00:00:00-05:00,36.529998779296875,36.54999923706055,36.25,36.33000183105469,36.33000183105469,552400,0.0,0.0,0.0
2026-02-11 00:00:00-05:00,36.790000915527344,36.84000015258789,36.34000015258789,36.79999923706055,36.79999923706055,689100,0.0,0.0,0.0
2026-02-12 00:00:00-05:00,36.650001525878906,36.75,35.41999816894531,35.5099983215332,35.5099983215332,2255200,0.0,0.0,0.0
2026-02-13 00:00:00-05:00,35.56999969482422,35.810001373291016,35.20000076293945,35.560001373291016,35.560001373291016,521400,0.0,0.0,0.0
2026-02-17 00:00:00-05:00,34.849998474121094,35.029998779296875,34.63999938964844,34.939998626708984,34.939998626708984,1306800,0.0,0.0,0.0
2026-02-18 00:00:00-05:00,35.36000061035156,35.75,35.29999923706055,35.58000183105469,35.58000183105469,499500,0.0,0.0,0.0
2026-02-19 00:00:00-05:00,35.150001525878906,35.560001373291016,35.0099983215332,35.540000915527344,35.540000915527344,1171700,0.0,0.0,0.0
2026-02-20 00:00:00-05:00,35.459999084472656,36.18000030517578,35.400001525878906,36.16999816894531,36.16999816894531,588900,0.0,0.0,0.0
2026-02-23 00:00:00-05:00,35.790000915527344,35.880001068115234,35.43000030517578,35.68000030517578,35.68000030517578,644800,0.0,0.0,0.0
2026-02-24 00:00:00-05:00,36.189998626708984,36.59000015258789,36.13999938964844,36.29999923706055,36.29999923706055,1661300,0.0,0.0,0.0
2026-02-25 00:00:00-05:00,36.650001525878906,36.959999084472656,36.54999923706055,36.779998779296875,36.779998779296875,756800,0.0,0.0,0.0
2026-02-26 00:00:00-05:00,36.790000915527344,36.93000030517578,36.380001068115234,36.72999954223633,36.72999954223633,1142900,0.0,0.0,0.0
2026-02-27 00:00:00-05:00,37.13999938964844,37.16999816894531,36.75,36.880001068115234,36.880001068115234,558100,0.0,0.0,0.0
2026-03-02 00:00:00-05:00,36.38999938964844,36.5,36.130001068115234,36.38999938964844,36.38999938964844,682300,0.0,0.0,0.0
2026-03-03 00:00:00-05:00,35.52000045776367,35.79999923706055,35.220001220703125,35.599998474121094,35.599998474121094,1848100,0.0,0.0,0.0
2026-03-04 00:00:00-05:00,35.970001220703125,36.150001525878906,35.81999969482422,35.970001220703125,35.970001220703125,500300,0.0,0.0,0.0
2026-03-05 00:00:00-05:00,35.349998474121094,35.720001220703125,35.22999954223633,35.58000183105469,35.58000183105469,1563700,0.0,0.0,0.0
2026-03-06 00:00:00-05:00,35.40999984741211,35.650001525878906,35.29999923706055,35.630001068115234,35.630001068115234,437100,0.0,0.0,0.0
2026-03-09 00:00:00-04:00,35.34000015258789,35.939998626708984,35.13999938964844,35.900001525878906,35.900001525878906,437300,0.0,0.0,0.0
2026-03-10 00:00:00-04:00,36.11000061035156,36.380001068115234,36.029998779296875,36.08000183105469,36.08000183105469,977500,0.0,0.0,0.0
2026-03-11 00:00:00-04:00,35.88999938964844,36.15999984741211,35.75,36.119998931884766,36.119998931884766,488200,0.0,0.0,0.0
2026-03-12 00:00:00-04:00,35.849998474121094,35.880001068115234,35.54999923706055,35.56999969482422,35.56999969482422,597700,0.0,0.0,0.0
2026-03-13 00:00:00-04:00,35.459999084472656,35.58000183105469,34.77000045776367,34.81999969482422,34.81999969482422,872200,0.0,0.0,0.0
2026-03-16 00:00:00-04:00,35.459999084472656,35.779998779296875,35.400001525878906,35.689998626708984,35.689998626708984,823600,0.0,0.0,0.0
2026-03-17 00:00:00-04:00,35.36000061035156,35.41999816894531,35.06999969482422,35.209999084472656,35.209999084472656,530600,0.0,0.0,0.0
2026-03-18 00:00:00-04:00,34.099998474121094,34.279998779296875,33.59000015258789,33.650001525878906,33.650001525878906,1542000,0.0,0.0,0.0
2026-03-19 00:00:00-04:00,32.79999923706055,33.81999969482422,32.70000076293945,33.720001220703125,33.720001220703125,2924200,0.0,0.0,0.0
2026-03-20 00:00:00-04:00,33.11000061035156,33.18000030517578,32.310001373291016,32.349998474121094,32.349998474121094,1257900,0.0,0.0,0.0
2026-03-23 00:00:00-04:00,33.20000076293945,33.869998931884766,33.18000030517578,33.529998779296875,33.529998779296875,823900,0.0,0.0,0.0
2026-03-24 00:00:00-04:00,33.060001373291016,33.45000076293945,33.0099983215332,33.349998474121094,33.349998474121094,347600,0.0,0.0,0.0
2026-03-25 00:00:00-04:00,33.790000915527344,34.16999816894531,33.689998626708984,33.790000915527344,33.790000915527344,383200,0.0,0.0,0.0
2026-03-26 00:00:00-04:00,33.689998626708984,33.86000061035156,33.290000915527344,33.33000183105469,33.33000183105469,303100,0.0,0.0,0.0
2026-03-27 00:00:00-04:00,33.529998779296875,33.810001373291016,33.38999938964844,33.45000076293945,33.45000076293945,717300,0.0,0.0,0.0
2026-03-30 00:00:00-04:00,33.65999984741211,33.7599983215332,33.439998626708984,33.59000015258789,33.59000015258789,516200,0.0,0.0,0.0
2026-03-31 00:00:00-04:00,33.810001373291016,34.439998626708984,33.810001373291016,34.43000030517578,34.43000030517578,864200,0.0,0.0,0.0
2026-04-01 00:00:00-04:00,34.31999969482422,34.540000915527344,34.20000076293945,34.34000015258789,34.34000015258789,1142800,0.0,0.0,0.0
2026-04-02 00:00:00-04:00,33.880001068115234,34.959999084472656,33.84000015258789,34.369998931884766,34.369998931884766,1956300,0.0,0.0,0.0
2026-04-06 00:00:00-04:00,34.380001068115234,34.40999984741211,34.165000915527344,34.165000915527344,34.165000915527344,48479,0.0,0.0,0.0
