Date,open,high,low,close,adj close,volume,dividends,stock splits
2023-04-06 00:00:00-04:00,105.26000213623047,109.16999816894531,104.33000183105469,108.41999816894531,107.53125762939453,48711500,0.0,0.0
2023-04-10 00:00:00-04:00,106.9800033569336,107.58999633789062,105.12000274658203,106.44000244140625,105.5674819946289,27067400,0.0,0.0
2023-04-11 00:00:00-04:00,106.55000305175781,106.7300033569336,104.68000030517578,105.3499984741211,104.48641967773438,26311800,0.0,0.0
2023-04-12 00:00:00-04:00,106.58000183105469,106.75,104.33999633789062,104.63999938964844,103.78224182128906,24370300,0.0,0.0
2023-04-13 00:00:00-04:00,105.83999633789062,107.48999786376953,105.83999633789062,107.43000030517578,106.54936981201172,24843600,0.0,0.0
2023-04-14 00:00:00-04:00,106.88999938964844,108.94000244140625,106.83999633789062,108.87000274658203,107.9775619506836,26578000,0.0,0.0
2023-04-17 00:00:00-04:00,104.66000366210938,106.16000366210938,104.5199966430664,105.97000122070312,105.10133361816406,37571200,0.0,0.0
2023-04-18 00:00:00-04:00,106.48999786376953,106.54000091552734,104.06999969482422,104.5,103.64338684082031,26596400,0.0,0.0
2023-04-19 00:00:00-04:00,103.58000183105469,104.9800033569336,103.06999969482422,104.18000030517578,103.32601928710938,20905700,0.0,0.0
2023-04-20 00:00:00-04:00,103.91000366210938,106.25,103.87000274658203,105.29000091552734,104.42691040039062,27820800,0.0,0.0
2023-04-21 00:00:00-04:00,105.47000122070312,106.0,104.77999877929688,105.41000366210938,104.54592895507812,25800100,0.0,0.0
2023-04-24 00:00:00-04:00,105.48999786376953,106.62999725341797,104.69999694824219,105.97000122070312,105.10133361816406,23542800,0.0,0.0
2023-04-25 00:00:00-04:00,105.83000183105469,106.69000244140625,103.83999633789062,103.8499984741211,102.99872589111328,46664100,0.0,0.0
2023-04-26 00:00:00-04:00,104.91999816894531,106.3499984741211,102.62999725341797,103.70999908447266,102.85986328125,53347600,0.0,0.0
2023-04-27 00:00:00-04:00,104.44999694824219,108.37000274658203,103.54000091552734,107.58999633789062,106.70806121826172,50089200,0.0,0.0
2023-04-28 00:00:00-04:00,107.04000091552734,107.3499984741211,105.08999633789062,107.33999633789062,106.46011352539062,36139800,0.0,0.0
2023-05-01 00:00:00-04:00,106.83999633789062,107.98999786376953,106.81999969482422,107.19999694824219,106.32125854492188,26681700,0.0,0.0
2023-05-02 00:00:00-04:00,107.13999938964844,107.19999694824219,103.70999908447266,105.31999969482422,104.4566650390625,30997200,0.0,0.0
2023-05-03 00:00:00-04:00,105.52999877929688,107.48999786376953,104.95999908447266,105.41000366210938,104.54592895507812,21795400,0.0,0.0
2023-05-04 00:00:00-04:00,105.48999786376953,105.5999984741211,103.97000122070312,104.69000244140625,103.83183288574219,23419500,0.0,0.0
2023-05-05 00:00:00-04:00,104.81999969482422,105.87999725341797,104.11000061035156,105.56999969482422,104.70460510253906,26639300,0.0,0.0
2023-05-08 00:00:00-04:00,105.18000030517578,107.95999908447266,105.16000366210938,107.7699966430664,106.88658142089844,26511400,0.0,0.0
2023-05-09 00:00:00-04:00,108.38999938964844,110.1500015258789,107.19000244140625,107.3499984741211,106.47002410888672,36360100,0.0,0.0
2023-05-10 00:00:00-04:00,107.97000122070312,112.94000244140625,107.93000030517578,111.75,110.83395385742188,63153400,0.0,0.0
2023-05-11 00:00:00-04:00,115.4000015258789,117.91999816894531,114.41000366210938,116.56999969482422,115.61444854736328,78900000,0.0,0.0
2023-05-12 00:00:00-04:00,116.68000030517578,118.02999877929688,116.11000061035156,117.51000213623047,116.54674530029297,41102300,0.0,0.0
2023-05-15 00:00:00-04:00,116.11000061035156,118.4800033569336,116.01000213623047,116.51000213623047,115.55493927001953,36266800,0.0,0.0
2023-05-16 00:00:00-04:00,116.48999786376953,120.75,116.43000030517578,119.51000213623047,118.53034210205078,45035600,0.0,0.0
2023-05-17 00:00:00-04:00,119.61000061035156,121.66999816894531,118.88999938964844,120.83999633789062,119.84944915771484,33323600,0.0,0.0
2023-05-18 00:00:00-04:00,120.94999694824219,123.30999755859375,120.83000183105469,122.83000183105469,121.8231430053711,35234200,0.0,0.0
2023-05-19 00:00:00-04:00,123.55000305175781,125.97000122070312,122.1500015258789,122.76000213623047,121.75371551513672,41353400,0.0,0.0
2023-05-22 00:00:00-04:00,122.94000244140625,126.43000030517578,122.73999786376953,125.05000305175781,124.02494812011719,35253000,0.0,0.0
2023-05-23 00:00:00-04:00,124.16000366210938,124.62999725341797,122.20999908447266,122.55999755859375,121.55534362792969,34046300,0.0,0.0
2023-05-24 00:00:00-04:00,121.12000274658203,121.91000366210938,119.86000061035156,120.9000015258789,119.90895080566406,34182600,0.0,0.0
2023-05-25 00:00:00-04:00,124.5199966430664,125.31999969482422,121.95999908447266,123.4800033569336,122.46781158447266,42317000,0.0,0.0
2023-05-26 00:00:00-04:00,123.16999816894531,125.26000213623047,122.44999694824219,124.61000061035156,123.58853912353516,35635900,0.0,0.0
2023-05-30 00:00:00-04:00,125.63999938964844,125.66000366210938,122.0,123.66999816894531,122.65625,35076700,0.0,0.0
2023-05-31 00:00:00-04:00,122.75,124.05999755859375,122.5,122.87000274658203,121.8628158569336,37325800,0.0,0.0
2023-06-01 00:00:00-04:00,122.81999969482422,124.41999816894531,122.62000274658203,123.72000122070312,122.7058334350586,30772700,0.0,0.0
2023-06-02 00:00:00-04:00,123.98999786376953,126.1500015258789,123.76000213623047,124.66999816894531,123.6480484008789,26980100,0.0,0.0
2023-06-05 00:00:00-04:00,124.01000213623047,127.43000030517578,123.83999633789062,126.01000213623047,124.97705841064453,32305500,0.0,0.0
2023-06-06 00:00:00-04:00,126.01000213623047,128.2899932861328,125.36000061035156,127.30999755859375,126.26640319824219,26638300,0.0,0.0
2023-06-07 00:00:00-04:00,126.97000122070312,129.0399932861328,122.12000274658203,122.5,121.49583435058594,52539000,0.0,0.0
2023-06-08 00:00:00-04:00,122.2300033569336,123.2300033569336,121.23999786376953,122.13999938964844,121.13878631591797,29389200,0.0,0.0
2023-06-09 00:00:00-04:00,122.25,123.76000213623047,121.91000366210938,122.2300033569336,121.22805786132812,23778300,0.0,0.0
2023-06-12 00:00:00-04:00,122.79000091552734,124.05000305175781,121.66000366210938,123.63999938964844,122.6264877319336,28306400,0.0,0.0
2023-06-13 00:00:00-04:00,124.9800033569336,125.16000366210938,123.18000030517578,123.83000183105469,122.81492614746094,22278300,0.0,0.0
2023-06-14 00:00:00-04:00,123.0999984741211,124.05000305175781,121.44999694824219,123.66999816894531,122.65625,30592300,0.0,0.0
2023-06-15 00:00:00-04:00,123.13999938964844,125.45999908447266,122.4000015258789,125.08999633789062,124.06462097167969,35246300,0.0,0.0
2023-06-16 00:00:00-04:00,125.93000030517578,126.11000061035156,123.27999877929688,123.52999877929688,122.51740264892578,45535600,0.0,0.0
2023-06-20 00:00:00-04:00,122.93000030517578,124.56999969482422,122.13999938964844,123.0999984741211,122.09091186523438,26097500,0.0,0.0
2023-06-21 00:00:00-04:00,122.4000015258789,122.66000366210938,120.0999984741211,120.55000305175781,119.56183624267578,30306300,0.0,0.0
2023-06-22 00:00:00-04:00,120.0,123.23999786376953,118.83000183105469,123.1500015258789,122.14051055908203,26952200,0.0,0.0
2023-06-23 00:00:00-04:00,121.37999725341797,122.79000091552734,121.05999755859375,122.33999633789062,121.33714294433594,34913600,0.0,0.0
2023-06-26 00:00:00-04:00,120.76000213623047,122.0,118.2699966430664,118.33999633789062,117.36993408203125,33969900,0.0,0.0
2023-06-27 00:00:00-04:00,117.08000183105469,119.08000183105469,116.0999984741211,118.33000183105469,117.36002349853516,39535900,0.0,0.0
2023-06-28 00:00:00-04:00,117.08999633789062,120.38999938964844,116.8499984741211,120.18000030517578,119.19485473632812,27091400,0.0,0.0
2023-06-29 00:00:00-04:00,119.23999786376953,120.05999755859375,118.30000305175781,119.0999984741211,118.12371063232422,24090900,0.0,0.0
2023-06-30 00:00:00-04:00,120.16999816894531,121.08000183105469,119.69000244140625,119.69999694824219,118.71879577636719,29532200,0.0,0.0
2023-07-03 00:00:00-04:00,119.23999786376953,120.19000244140625,118.81999969482422,119.9000015258789,118.91715240478516,14467900,0.0,0.0
2023-07-05 00:00:00-04:00,119.23999786376953,122.61000061035156,119.2300033569336,121.75,120.7519760131836,27584800,0.0,0.0
2023-07-06 00:00:00-04:00,119.80000305175781,120.30000305175781,118.4000015258789,120.11000061035156,119.12543487548828,24745200,0.0,0.0
2023-07-07 00:00:00-04:00,120.0999984741211,121.05000305175781,119.4000015258789,119.4800033569336,118.50059509277344,21709500,0.0,0.0
2023-07-10 00:00:00-04:00,118.30000305175781,118.30999755859375,116.13999938964844,116.44999694824219,115.49543762207031,35315200,0.0,0.0
2023-07-11 00:00:00-04:00,116.29000091552734,117.70999908447266,115.3499984741211,117.13999938964844,116.17977905273438,23078800,0.0,0.0
2023-07-12 00:00:00-04:00,118.80000305175781,120.33000183105469,118.41000366210938,118.93000030517578,117.9551010131836,30404400,0.0,0.0
2023-07-13 00:00:00-04:00,120.93000030517578,124.83000183105469,120.44999694824219,124.54000091552734,123.51910400390625,44297900,0.0,0.0
2023-07-14 00:00:00-04:00,124.80000305175781,126.77999877929688,123.48999786376953,125.41999816894531,124.39189910888672,33283100,0.0,0.0
2023-07-17 00:00:00-04:00,125.94000244140625,127.0999984741211,124.19999694824219,124.6500015258789,123.62821197509766,25716200,0.0,0.0
2023-07-18 00:00:00-04:00,124.5999984741211,124.68000030517578,122.95999908447266,123.76000213623047,122.74551391601562,26193600,0.0,0.0
2023-07-19 00:00:00-04:00,124.5999984741211,125.18000030517578,121.80000305175781,122.02999877929688,121.0296859741211,37224000,0.0,0.0
2023-07-20 00:00:00-04:00,121.41999816894531,124.08999633789062,118.22000122070312,119.19999694824219,118.22289276123047,37906800,0.0,0.0
2023-07-21 00:00:00-04:00,120.62000274658203,120.98999786376953,118.7300033569336,120.0199966430664,119.03616333007812,72937900,0.0,0.0
2023-07-24 00:00:00-04:00,121.66000366210938,123.0,120.9800033569336,121.52999877929688,120.5337905883789,29686100,0.0,0.0
2023-07-25 00:00:00-04:00,121.36000061035156,123.1500015258789,121.0199966430664,122.20999908447266,121.20820617675781,52509600,0.0,0.0
2023-07-26 00:00:00-04:00,130.07000732421875,130.97999572753906,128.32000732421875,129.27000427246094,128.21035766601562,61682100,0.0,0.0
2023-07-27 00:00:00-04:00,131.6699981689453,133.24000549316406,128.7899932861328,129.39999389648438,128.33926391601562,44952100,0.0,0.0
2023-07-28 00:00:00-04:00,130.77999877929688,133.74000549316406,130.57000732421875,132.5800018310547,131.49322509765625,36591200,0.0,0.0
2023-07-31 00:00:00-04:00,132.72999572753906,133.52999877929688,131.77999877929688,132.72000122070312,131.63204956054688,28055500,0.0,0.0
2023-08-01 00:00:00-04:00,130.77999877929688,132.6300048828125,130.67999267578125,131.5500030517578,130.4716796875,23166800,0.0,0.0
2023-08-02 00:00:00-04:00,129.4499969482422,130.08999633789062,127.55999755859375,128.3800048828125,127.32765197753906,26273300,0.0,0.0
2023-08-03 00:00:00-04:00,127.97000122070312,129.38999938964844,127.41999816894531,128.4499969482422,127.39705657958984,20089500,0.0,0.0
2023-08-04 00:00:00-04:00,129.27999877929688,131.50999450683594,127.91000366210938,128.11000061035156,127.05984497070312,26147200,0.0,0.0
2023-08-07 00:00:00-04:00,129.16000366210938,131.61000061035156,129.02000427246094,131.52999877929688,130.45179748535156,22746300,0.0,0.0
2023-08-08 00:00:00-04:00,130.6199951171875,131.50999450683594,129.5399932861328,131.39999389648438,130.32289123535156,23535200,0.0,0.0
2023-08-09 00:00:00-04:00,131.66000366210938,132.0399932861328,129.0,129.66000366210938,128.59715270996094,24912900,0.0,0.0
2023-08-10 00:00:00-04:00,131.32000732421875,132.0500030517578,129.4499969482422,129.69000244140625,128.6269073486328,20857800,0.0,0.0
2023-08-11 00:00:00-04:00,128.66000366210938,129.92999267578125,128.1699981689453,129.55999755859375,128.4979705810547,19591100,0.0,0.0
2023-08-14 00:00:00-04:00,129.38999938964844,131.3699951171875,128.9600067138672,131.3300018310547,130.2534637451172,24695600,0.0,0.0
2023-08-15 00:00:00-04:00,131.10000610351562,131.4199981689453,129.27999877929688,129.77999877929688,128.71617126464844,19770700,0.0,0.0
2023-08-16 00:00:00-04:00,128.6999969482422,130.27999877929688,127.87000274658203,128.6999969482422,127.64501953125,25216100,0.0,0.0
2023-08-17 00:00:00-04:00,129.8000030517578,131.99000549316406,129.2899932861328,129.9199981689453,128.85501098632812,33446300,0.0,0.0
2023-08-18 00:00:00-04:00,128.50999450683594,129.25,126.37999725341797,127.45999908447266,126.4151840209961,30504800,0.0,0.0
2023-08-21 00:00:00-04:00,127.18000030517578,128.72999572753906,126.55999755859375,128.3699951171875,127.31771087646484,25248700,0.0,0.0
2023-08-22 00:00:00-04:00,128.50999450683594,130.27999877929688,128.32000732421875,129.0800018310547,128.0219268798828,22054900,0.0,0.0
2023-08-23 00:00:00-04:00,130.17999267578125,133.41000366210938,129.8699951171875,132.3699951171875,131.284912109375,27819700,0.0,0.0
2023-08-24 00:00:00-04:00,133.9499969482422,134.25,129.57000732421875,129.77999877929688,128.71617126464844,28500700,0.0,0.0
2023-08-25 00:00:00-04:00,129.5399932861328,130.75999450683594,127.25,129.8800048828125,128.81533813476562,26762900,0.0,0.0
2023-08-28 00:00:00-04:00,131.30999755859375,132.5399932861328,130.13999938964844,131.00999450683594,129.9360809326172,20543300,0.0,0.0
2023-08-29 00:00:00-04:00,132.24000549316406,136.57000732421875,132.24000549316406,134.57000732421875,133.46690368652344,43075600,0.0,0.0
2023-08-30 00:00:00-04:00,134.77999877929688,136.27999877929688,134.07000732421875,135.8800048828125,134.7661590576172,28315800,0.0,0.0
2023-08-31 00:00:00-04:00,136.00999450683594,138.0,135.7899932861328,136.1699981689453,135.05377197265625,30053800,0.0,0.0
2023-09-01 00:00:00-04:00,137.4600067138672,137.4600067138672,134.85000610351562,135.66000366210938,134.5479736328125,21543700,0.0,0.0
2023-09-05 00:00:00-04:00,135.44000244140625,136.4199981689453,134.5800018310547,135.77000427246094,134.65707397460938,19403100,0.0,0.0
2023-09-06 00:00:00-04:00,136.02000427246094,136.52999877929688,133.6699981689453,134.4600067138672,133.35780334472656,18684500,0.0,0.0
2023-09-07 00:00:00-04:00,133.58999633789062,135.5800018310547,132.9499969482422,135.25999450683594,134.1512451171875,18844300,0.0,0.0
2023-09-08 00:00:00-04:00,134.91000366210938,136.66000366210938,134.85000610351562,136.3800048828125,135.26206970214844,23558300,0.0,0.0
2023-09-11 00:00:00-04:00,136.5399932861328,137.47999572753906,135.7899932861328,136.9199981689453,135.79763793945312,20763400,0.0,0.0
2023-09-12 00:00:00-04:00,136.25999450683594,136.8699951171875,135.19000244140625,135.33999633789062,134.23057556152344,18405500,0.0,0.0
2023-09-13 00:00:00-04:00,135.08999633789062,136.89999389648438,134.14999389648438,136.7100067138672,135.58937072753906,20749500,0.0,0.0
2023-09-14 00:00:00-04:00,137.60000610351562,138.6999969482422,136.24000549316406,138.10000610351562,136.96798706054688,24751000,0.0,0.0
2023-09-15 00:00:00-04:00,137.97999572753906,138.52000427246094,136.47999572753906,137.39999389648438,136.27369689941406,38919600,0.0,0.0
2023-09-18 00:00:00-04:00,136.61000061035156,139.16000366210938,136.61000061035156,138.2100067138672,137.07705688476562,21861300,0.0,0.0
2023-09-19 00:00:00-04:00,137.4199981689453,138.41000366210938,136.6199951171875,138.0399932861328,136.908447265625,20353700,0.0,0.0
2023-09-20 00:00:00-04:00,138.0800018310547,138.0800018310547,133.6199951171875,133.74000549316406,132.64370727539062,29927500,0.0,0.0
2023-09-21 00:00:00-04:00,131.44000244140625,132.22999572753906,130.07000732421875,130.44000244140625,129.3707733154297,31503900,0.0,0.0
2023-09-22 00:00:00-04:00,130.75999450683594,132.02999877929688,129.60000610351562,130.25,129.1822967529297,26397300,0.0,0.0
2023-09-25 00:00:00-04:00,129.8300018310547,131.1699981689453,128.9600067138672,131.11000061035156,130.03524780273438,20094600,0.0,0.0
2023-09-26 00:00:00-04:00,129.77000427246094,130.36000061035156,127.22000122070312,128.57000732421875,127.5160903930664,25718700,0.0,0.0
2023-09-27 00:00:00-04:00,128.57000732421875,130.89999389648438,128.57000732421875,130.5399932861328,129.46990966796875,22746500,0.0,0.0
2023-09-28 00:00:00-04:00,129.83999633789062,133.3000030517578,129.7899932861328,132.30999755859375,131.22543334960938,22513100,0.0,0.0
2023-09-29 00:00:00-04:00,133.27999877929688,134.0500030517578,130.36000061035156,130.86000061035156,129.78729248046875,30859800,0.0,0.0
2023-10-02 00:00:00-04:00,131.2100067138672,134.4199981689453,131.1699981689453,134.1699981689453,133.07017517089844,22288000,0.0,0.0
2023-10-03 00:00:00-04:00,133.94000244140625,134.25999450683594,131.83999633789062,132.42999267578125,131.3444366455078,22989400,0.0,0.0
2023-10-04 00:00:00-04:00,132.7899932861328,135.57000732421875,132.52999877929688,135.24000549316406,134.13140869140625,26752300,0.0,0.0
2023-10-05 00:00:00-04:00,135.07000732421875,135.49000549316406,133.4499969482422,135.07000732421875,133.9628143310547,19832600,0.0,0.0
2023-10-06 00:00:00-04:00,134.00999450683594,138.16000366210938,134.00999450683594,137.5800018310547,136.45223999023438,27597600,0.0,0.0
2023-10-09 00:00:00-04:00,136.94000244140625,138.94000244140625,135.61000061035156,138.4199981689453,137.28533935546875,19278100,0.0,0.0
2023-10-10 00:00:00-04:00,138.5,139.72000122070312,137.3300018310547,138.05999755859375,136.92828369140625,27786600,0.0,0.0
2023-10-11 00:00:00-04:00,138.5800018310547,141.11000061035156,138.5800018310547,140.5500030517578,139.3978729248047,25884300,0.0,0.0
2023-10-12 00:00:00-04:00,141.0500030517578,141.22000122070312,138.25999450683594,138.97000122070312,137.83082580566406,24765500,0.0,0.0
2023-10-13 00:00:00-04:00,139.3800048828125,140.0,136.6199951171875,137.36000061035156,136.23402404785156,23420500,0.0,0.0
2023-10-16 00:00:00-04:00,138.1699981689453,139.6300048828125,137.99000549316406,139.10000610351562,137.9597625732422,28501900,0.0,0.0
2023-10-17 00:00:00-04:00,138.6300048828125,139.89999389648438,137.17999267578125,139.72000122070312,138.57469177246094,23515800,0.0,0.0
2023-10-18 00:00:00-04:00,139.4499969482422,140.72000122070312,137.3800048828125,137.9600067138672,136.82913208007812,23375000,0.0,0.0
2023-10-19 00:00:00-04:00,138.5,139.66000366210938,137.3800048828125,137.75,136.62083435058594,26066000,0.0,0.0
2023-10-20 00:00:00-04:00,137.3300018310547,137.8699951171875,135.0800018310547,135.60000610351562,134.48846435546875,26335700,0.0,0.0
2023-10-23 00:00:00-04:00,135.0399932861328,137.66000366210938,133.9499969482422,136.5,135.38107299804688,26317900,0.0,0.0
2023-10-24 00:00:00-04:00,137.8300018310547,139.36000061035156,137.4199981689453,138.80999755859375,137.67213439941406,44814300,0.0,0.0
2023-10-25 00:00:00-04:00,128.16000366210938,128.30999755859375,125.06999969482422,125.61000061035156,124.58033752441406,84366200,0.0,0.0
2023-10-26 00:00:00-04:00,123.2699966430664,124.33000183105469,121.2699966430664,122.27999877929688,121.27764129638672,57061100,0.0,0.0
2023-10-27 00:00:00-04:00,122.87999725341797,123.30999755859375,120.20999908447266,122.16999816894531,121.16854095458984,44566500,0.0,0.0
2023-10-30 00:00:00-04:00,123.20999908447266,125.4000015258789,122.75,124.45999908447266,123.43977355957031,28940100,0.0,0.0
2023-10-31 00:00:00-04:00,125.05999755859375,125.37000274658203,122.69000244140625,124.08000183105469,123.06289672851562,26292300,0.0,0.0
2023-11-01 00:00:00-04:00,124.06999969482422,126.48999786376953,123.72000122070312,126.44999694824219,125.41345977783203,30082400,0.0,0.0
2023-11-02 00:00:00-04:00,128.4199981689453,128.97999572753906,126.93000030517578,127.48999786376953,126.44493103027344,27124600,0.0,0.0
2023-11-03 00:00:00-04:00,128.02000427246094,129.52999877929688,127.86000061035156,129.10000610351562,128.04176330566406,26393100,0.0,0.0
2023-11-06 00:00:00-05:00,129.0500030517578,130.33999633789062,128.6699981689453,130.25,129.1822967529297,19052700,0.0,0.0
2023-11-07 00:00:00-05:00,130.7100067138672,131.91000366210938,129.8800048828125,130.97000122070312,129.89639282226562,29757300,0.0,0.0
2023-11-08 00:00:00-05:00,130.97000122070312,132.2100067138672,130.77999877929688,131.83999633789062,130.75926208496094,26425800,0.0,0.0
2023-11-09 00:00:00-05:00,131.9600067138672,132.5500030517578,130.07000732421875,130.24000549316406,129.17239379882812,23747800,0.0,0.0
2023-11-10 00:00:00-05:00,130.10000610351562,132.8000030517578,129.41000366210938,132.58999633789062,131.50311279296875,26913300,0.0,0.0
2023-11-13 00:00:00-05:00,131.77999877929688,132.58999633789062,131.25,132.08999633789062,131.00723266601562,18324800,0.0,0.0
2023-11-14 00:00:00-05:00,134.19000244140625,135.6999969482422,133.32000732421875,133.6199951171875,132.524658203125,32395200,0.0,0.0
2023-11-15 00:00:00-05:00,134.8699951171875,135.02999877929688,133.57000732421875,134.6199951171875,133.51644897460938,23861500,0.0,0.0
2023-11-16 00:00:00-05:00,135.19000244140625,137.22000122070312,134.32000732421875,136.92999267578125,135.8075408935547,28013200,0.0,0.0
2023-11-17 00:00:00-05:00,136.0,136.05999755859375,133.64999389648438,135.30999755859375,134.20083618164062,37240600,0.0,0.0
2023-11-20 00:00:00-05:00,133.69000244140625,136.66000366210938,133.6199951171875,136.25,135.13311767578125,27815500,0.0,0.0
2023-11-21 00:00:00-05:00,136.2899932861328,137.17999267578125,135.9600067138672,136.97000122070312,135.8472442626953,22635300,0.0,0.0
2023-11-22 00:00:00-05:00,137.47000122070312,139.4199981689453,137.47000122070312,138.49000549316406,137.35476684570312,17813900,0.0,0.0
2023-11-24 00:00:00-05:00,138.02999877929688,138.1300048828125,135.99000549316406,136.69000244140625,135.5695343017578,12514300,0.0,0.0
2023-11-27 00:00:00-05:00,136.02999877929688,138.4199981689453,136.0,136.41000366210938,135.2917938232422,23436500,0.0,0.0
2023-11-28 00:00:00-05:00,136.0800018310547,137.25,135.4199981689453,137.1999969482422,136.07533264160156,18730000,0.0,0.0
2023-11-29 00:00:00-05:00,137.57000732421875,138.2899932861328,134.83999633789062,134.99000549316406,133.88345336914062,23967200,0.0,0.0
2023-11-30 00:00:00-05:00,135.0500030517578,135.5500030517578,131.27999877929688,132.52999877929688,131.44361877441406,38988300,0.0,0.0
2023-12-01 00:00:00-05:00,131.86000061035156,132.11000061035156,130.6699981689453,131.86000061035156,130.7791290283203,31442300,0.0,0.0
2023-12-04 00:00:00-05:00,129.8800048828125,130.02999877929688,127.9000015258789,129.27000427246094,128.21035766601562,36669900,0.0,0.0
2023-12-05 00:00:00-05:00,128.9499969482422,132.13999938964844,128.25,130.99000549316406,129.91622924804688,27384800,0.0,0.0
2023-12-06 00:00:00-05:00,131.44000244140625,131.83999633789062,129.8800048828125,130.02000427246094,128.95419311523438,23576200,0.0,0.0
2023-12-07 00:00:00-05:00,135.0399932861328,138.55999755859375,134.6999969482422,136.92999267578125,135.8075408935547,56767100,0.0,0.0
2023-12-08 00:00:00-05:00,134.1999969482422,136.39999389648438,134.02999877929688,134.99000549316406,133.88345336914062,32260100,0.0,0.0
2023-12-11 00:00:00-05:00,132.3800048828125,133.33999633789062,131.36000061035156,133.2899932861328,132.19737243652344,31138000,0.0,0.0
2023-12-12 00:00:00-05:00,131.80999755859375,133.0,131.25999450683594,132.52000427246094,131.4336700439453,29032800,0.0,0.0
2023-12-13 00:00:00-05:00,133.3800048828125,133.5,131.57000732421875,132.57000732421875,131.48329162597656,30104800,0.0,0.0
2023-12-14 00:00:00-05:00,133.3800048828125,133.72000122070312,129.69000244140625,131.94000244140625,130.8584747314453,38722400,0.0,0.0
2023-12-15 00:00:00-05:00,131.6199951171875,133.50999450683594,131.17999267578125,132.60000610351562,131.5130615234375,50847100,0.0,0.0
2023-12-18 00:00:00-05:00,132.6300048828125,137.14999389648438,132.42999267578125,135.8000030517578,134.68679809570312,32258000,0.0,0.0
2023-12-19 00:00:00-05:00,136.83999633789062,137.47000122070312,136.0800018310547,136.64999389648438,135.5298309326172,25476800,0.0,0.0
2023-12-20 00:00:00-05:00,138.97000122070312,141.6999969482422,138.07000732421875,138.33999633789062,137.2059783935547,49107200,0.0,0.0
2023-12-21 00:00:00-05:00,139.49000549316406,140.69000244140625,139.17999267578125,140.4199981689453,139.26895141601562,27488300,0.0,0.0
2023-12-22 00:00:00-05:00,140.77000427246094,141.99000549316406,140.7100067138672,141.49000549316406,140.3302001953125,26532200,0.0,0.0
2023-12-26 00:00:00-05:00,141.58999633789062,142.67999267578125,141.19000244140625,141.52000427246094,140.3599090576172,16780300,0.0,0.0
2023-12-27 00:00:00-05:00,141.58999633789062,142.0800018310547,139.88999938964844,140.3699951171875,139.21934509277344,19628600,0.0,0.0
2023-12-28 00:00:00-05:00,140.77999877929688,141.13999938964844,139.75,140.22999572753906,139.08050537109375,16045700,0.0,0.0
2023-12-29 00:00:00-05:00,139.6300048828125,140.36000061035156,138.77999877929688,139.69000244140625,138.544921875,18733000,0.0,0.0
2024-01-02 00:00:00-05:00,138.5500030517578,139.4499969482422,136.47999572753906,138.1699981689453,137.03738403320312,23711200,0.0,0.0
2024-01-03 00:00:00-05:00,137.25,139.6300048828125,137.0800018310547,138.9199981689453,137.78123474121094,24212100,0.0,0.0
2024-01-04 00:00:00-05:00,138.4199981689453,139.16000366210938,136.35000610351562,136.38999938964844,135.27197265625,27137700,0.0,0.0
2024-01-05 00:00:00-05:00,136.75,137.16000366210938,135.14999389648438,135.72999572753906,134.6173858642578,22513900,0.0,0.0
2024-01-08 00:00:00-05:00,136.2899932861328,139.00999450683594,136.25999450683594,138.83999633789062,137.70188903808594,21404000,0.0,0.0
2024-01-09 00:00:00-05:00,138.5,141.49000549316406,138.14999389648438,140.9499969482422,139.7946014404297,24759600,0.0,0.0
2024-01-10 00:00:00-05:00,141.0,143.0,140.91000366210938,142.27999877929688,141.1137237548828,21320200,0.0,0.0
2024-01-11 00:00:00-05:00,143.49000549316406,145.22000122070312,140.63999938964844,142.0800018310547,140.91534423828125,24008700,0.0,0.0
2024-01-12 00:00:00-05:00,142.6699981689453,143.1999969482422,141.82000732421875,142.64999389648438,141.48065185546875,18785500,0.0,0.0
2024-01-16 00:00:00-05:00,142.0,144.35000610351562,141.4499969482422,142.49000549316406,141.3219757080078,22670500,0.0,0.0
2024-01-17 00:00:00-05:00,141.35000610351562,141.83999633789062,138.89999389648438,141.47000122070312,140.31033325195312,20968600,0.0,0.0
2024-01-18 00:00:00-05:00,142.0500030517578,144.2100067138672,141.99000549316406,143.47999572753906,142.30386352539062,25746400,0.0,0.0
2024-01-19 00:00:00-05:00,144.74000549316406,146.4499969482422,144.3800048828125,146.3800048828125,145.1800994873047,34271900,0.0,0.0
2024-01-22 00:00:00-05:00,147.10000610351562,148.38999938964844,145.83999633789062,145.99000549316406,144.79330444335938,32200400,0.0,0.0
2024-01-23 00:00:00-05:00,145.88999938964844,147.17999267578125,145.5,147.0399932861328,145.8346710205078,21636100,0.0,0.0
2024-01-24 00:00:00-05:00,148.5399932861328,149.85000610351562,148.10000610351562,148.6999969482422,147.48106384277344,25233500,0.0,0.0
2024-01-25 00:00:00-05:00,150.07000732421875,153.0500030517578,149.5399932861328,151.8699951171875,150.62509155273438,29149100,0.0,0.0
2024-01-26 00:00:00-05:00,151.10000610351562,152.5399932861328,151.00999450683594,152.19000244140625,150.9424591064453,26115500,0.0,0.0
2024-01-29 00:00:00-05:00,152.05999755859375,153.77999877929688,151.42999267578125,153.50999450683594,152.25161743164062,27784300,0.0,0.0
2024-01-30 00:00:00-05:00,152.8000030517578,153.6199951171875,151.19000244140625,151.4600067138672,150.2184600830078,36331800,0.0,0.0
2024-01-31 00:00:00-05:00,143.6199951171875,144.0,139.8699951171875,140.10000610351562,138.95156860351562,71910000,0.0,0.0
2024-02-01 00:00:00-05:00,142.1199951171875,143.05999755859375,140.7899932861328,141.16000366210938,140.00286865234375,40466500,0.0,0.0
2024-02-02 00:00:00-05:00,139.25999450683594,142.6199951171875,136.5,142.3800048828125,141.21286010742188,62499600,0.0,0.0
2024-02-05 00:00:00-05:00,142.82000732421875,145.47000122070312,142.77999877929688,143.67999267578125,142.50222778320312,38505400,0.0,0.0
2024-02-06 00:00:00-05:00,144.64999389648438,145.36000061035156,143.19000244140625,144.10000610351562,142.91880798339844,29128200,0.0,0.0
2024-02-07 00:00:00-05:00,144.75999450683594,145.6199951171875,143.92999267578125,145.5399932861328,144.3469696044922,25208900,0.0,0.0
2024-02-08 00:00:00-05:00,145.8300018310547,146.3300018310547,145.10000610351562,145.91000366210938,144.71395874023438,22563800,0.0,0.0
2024-02-09 00:00:00-05:00,146.67999267578125,149.44000244140625,146.17999267578125,149.0,147.77859497070312,26829500,0.0,0.0
2024-02-12 00:00:00-05:00,148.4199981689453,149.33999633789062,147.3699951171875,147.52999877929688,146.3206787109375,21564100,0.0,0.0
2024-02-13 00:00:00-05:00,144.9199981689453,146.6699981689453,143.69000244140625,145.13999938964844,143.9502716064453,27837700,0.0,0.0
2024-02-14 00:00:00-05:00,146.0800018310547,146.52000427246094,144.08999633789062,145.94000244140625,144.74368286132812,22704200,0.0,0.0
2024-02-15 00:00:00-05:00,143.13999938964844,143.52000427246094,140.4600067138672,142.77000427246094,141.5996856689453,37590700,0.0,0.0
2024-02-16 00:00:00-05:00,142.99000549316406,143.19000244140625,140.13999938964844,140.52000427246094,139.36813354492188,31468900,0.0,0.0
2024-02-20 00:00:00-05:00,139.66000366210938,142.0800018310547,139.49000549316406,141.1199951171875,139.96319580078125,25144700,0.0,0.0
2024-02-21 00:00:00-05:00,141.4499969482422,142.69000244140625,140.67999267578125,142.5500030517578,141.38148498535156,23223300,0.0,0.0
2024-02-22 00:00:00-05:00,144.92999267578125,145.0,142.8000030517578,144.08999633789062,142.9088592529297,27191900,0.0,0.0
2024-02-23 00:00:00-05:00,143.6699981689453,144.67999267578125,143.42999267578125,143.9600067138672,142.77992248535156,19493800,0.0,0.0
2024-02-26 00:00:00-05:00,142.13999938964844,142.44000244140625,137.38999938964844,137.57000732421875,136.44232177734375,53641800,0.0,0.0
2024-02-27 00:00:00-05:00,138.02000427246094,139.25,137.08999633789062,138.8800048828125,137.74154663085938,33099200,0.0,0.0
2024-02-28 00:00:00-05:00,137.89999389648438,138.00999450683594,135.41000366210938,136.3800048828125,135.26206970214844,37328600,0.0,0.0
2024-02-29 00:00:00-05:00,137.27999877929688,138.86000061035156,136.39999389648438,138.4600067138672,137.3250274658203,42133000,0.0,0.0
2024-03-01 00:00:00-05:00,138.42999267578125,138.8699951171875,136.9199981689453,137.13999938964844,136.0158233642578,31151100,0.0,0.0
2024-03-04 00:00:00-05:00,135.66000366210938,135.66000366210938,131.91000366210938,133.35000610351562,132.2569122314453,55999400,0.0,0.0
2024-03-05 00:00:00-05:00,131.8800048828125,133.24000549316406,130.6699981689453,132.6699981689453,131.5824737548828,40194800,0.0,0.0
2024-03-06 00:00:00-05:00,133.1199951171875,133.5800018310547,130.85000610351562,131.39999389648438,130.32289123535156,35318600,0.0,0.0
2024-03-07 00:00:00-05:00,132.7899932861328,134.94000244140625,131.61000061035156,134.3800048828125,133.27842712402344,37738200,0.0,0.0
2024-03-08 00:00:00-05:00,134.2100067138672,138.08999633789062,134.0,135.41000366210938,134.29998779296875,39370400,0.0,0.0
2024-03-11 00:00:00-04:00,136.1300048828125,139.10000610351562,136.1300048828125,137.6699981689453,136.54148864746094,32437800,0.0,0.0
2024-03-12 00:00:00-04:00,137.02999877929688,139.3800048828125,137.02999877929688,138.5,137.36468505859375,27563400,0.0,0.0
2024-03-13 00:00:00-04:00,139.0,141.08999633789062,138.99000549316406,139.7899932861328,138.64413452148438,23347200,0.0,0.0
2024-03-14 00:00:00-04:00,141.19000244140625,143.58999633789062,140.4600067138672,143.10000610351562,141.92697143554688,42753400,0.0,0.0
2024-03-15 00:00:00-04:00,142.5,143.17999267578125,140.02999877929688,141.17999267578125,140.022705078125,49475400,0.0,0.0
2024-03-18 00:00:00-04:00,148.61000061035156,152.14999389648438,147.1699981689453,147.67999267578125,146.4694366455078,69273700,0.0,0.0
2024-03-19 00:00:00-04:00,148.16000366210938,148.7899932861328,146.0800018310547,147.02999877929688,145.82476806640625,24070400,0.0,0.0
2024-03-20 00:00:00-04:00,148.0,148.86000061035156,146.74000549316406,148.74000549316406,147.52073669433594,21311500,0.0,0.0
2024-03-21 00:00:00-04:00,149.47000122070312,150.3699951171875,146.89999389648438,147.60000610351562,146.39007568359375,24755600,0.0,0.0
2024-03-22 00:00:00-04:00,149.1199951171875,151.5800018310547,148.97999572753906,150.77000427246094,149.53411865234375,29211800,0.0,0.0
2024-03-25 00:00:00-04:00,149.94000244140625,150.3800048828125,147.82000732421875,150.07000732421875,148.83984375,19229300,0.0,0.0
2024-03-26 00:00:00-04:00,150.22000122070312,152.25999450683594,149.97999572753906,150.6699981689453,149.4348907470703,22149100,0.0,0.0
2024-03-27 00:00:00-04:00,151.17999267578125,151.63999938964844,148.89999389648438,150.8699951171875,149.63328552246094,22879200,0.0,0.0
2024-03-28 00:00:00-04:00,150.85000610351562,151.42999267578125,150.1699981689453,150.92999267578125,149.69277954101562,24485400,0.0,0.0
2024-04-01 00:00:00-04:00,150.69000244140625,155.74000549316406,150.61000061035156,155.49000549316406,154.21542358398438,31730800,0.0,0.0
2024-04-02 00:00:00-04:00,153.5,154.6999969482422,152.14999389648438,154.55999755859375,153.29302978515625,24586000,0.0,0.0
2024-04-03 00:00:00-04:00,153.60000610351562,155.0800018310547,152.72999572753906,154.9199981689453,153.6500701904297,24705000,0.0,0.0
2024-04-04 00:00:00-04:00,153.5,154.77000427246094,150.4499969482422,150.52999877929688,149.29608154296875,34724700,0.0,0.0
2024-04-05 00:00:00-04:00,150.02999877929688,153.4199981689453,149.60000610351562,152.5,151.24990844726562,23459200,0.0,0.0
2024-04-08 00:00:00-04:00,152.77999877929688,155.27000427246094,152.61000061035156,154.85000610351562,153.58067321777344,20702000,0.0,0.0
2024-04-09 00:00:00-04:00,156.08999633789062,158.55999755859375,155.19000244140625,156.60000610351562,155.3163299560547,31079500,0.0,0.0
2024-04-10 00:00:00-04:00,156.2100067138672,156.61000061035156,154.67999267578125,156.13999938964844,154.86007690429688,22838600,0.0,0.0
2024-04-11 00:00:00-04:00,156.91000366210938,159.67999267578125,156.4600067138672,159.41000366210938,158.10330200195312,27166400,0.0,0.0
2024-04-12 00:00:00-04:00,157.9600067138672,160.22000122070312,157.13999938964844,157.72999572753906,156.43702697753906,25353700,0.0,0.0
2024-04-15 00:00:00-04:00,158.86000061035156,159.24000549316406,154.58999633789062,154.86000061035156,153.590576171875,27136500,0.0,0.0
2024-04-16 00:00:00-04:00,154.19000244140625,155.64999389648438,153.42999267578125,154.39999389648438,153.1343231201172,20779500,0.0,0.0
2024-04-17 00:00:00-04:00,155.6199951171875,157.0800018310547,154.5800018310547,155.47000122070312,154.195556640625,21763100,0.0,0.0
2024-04-18 00:00:00-04:00,155.33999633789062,156.94000244140625,154.6199951171875,156.00999450683594,154.73117065429688,19883000,0.0,0.0
2024-04-19 00:00:00-04:00,156.1999969482422,156.36000061035156,152.3000030517578,154.08999633789062,152.82688903808594,32615600,0.0,0.0
2024-04-22 00:00:00-04:00,154.30999755859375,157.63999938964844,154.05999755859375,156.27999877929688,154.99893188476562,26446200,0.0,0.0
2024-04-23 00:00:00-04:00,156.9600067138672,158.97000122070312,156.27999877929688,158.25999450683594,156.9627227783203,21151600,0.0,0.0
2024-04-24 00:00:00-04:00,157.49000549316406,159.57000732421875,157.1699981689453,159.1300048828125,157.82559204101562,22779100,0.0,0.0
2024-04-25 00:00:00-04:00,151.3300018310547,156.49000549316406,150.8699951171875,156.0,154.72122192382812,57109700,0.0,0.0
2024-04-26 00:00:00-04:00,174.3699951171875,174.7100067138672,169.64999389648438,171.9499969482422,170.5404815673828,64665300,0.0,0.0
2024-04-29 00:00:00-04:00,169.05999755859375,169.5500030517578,165.2100067138672,166.14999389648438,164.7880401611328,45610000,0.0,0.0
2024-04-30 00:00:00-04:00,165.61000061035156,168.10000610351562,162.60000610351562,162.77999877929688,161.44564819335938,33562900,0.0,0.0
2024-05-01 00:00:00-04:00,164.3000030517578,167.1199951171875,163.08999633789062,163.86000061035156,162.5167999267578,33493200,0.0,0.0
2024-05-02 00:00:00-04:00,164.7899932861328,166.72999572753906,163.88999938964844,166.6199951171875,165.25418090820312,24294500,0.0,0.0
2024-05-03 00:00:00-04:00,167.55999755859375,167.9600067138672,163.0500030517578,167.24000549316406,165.86907958984375,34662400,0.0,0.0
2024-05-06 00:00:00-04:00,167.4600067138672,168.13999938964844,166.02999877929688,168.10000610351562,166.7220458984375,21871300,0.0,0.0
2024-05-07 00:00:00-04:00,168.5,171.75999450683594,168.38999938964844,171.25,169.84622192382812,28039700,0.0,0.0
2024-05-08 00:00:00-04:00,169.0,170.14999389648438,168.74000549316406,169.3800048828125,167.99156188964844,19569100,0.0,0.0
2024-05-09 00:00:00-04:00,169.38999938964844,170.69000244140625,168.17999267578125,169.9600067138672,168.5668182373047,15346700,0.0,0.0
2024-05-10 00:00:00-04:00,168.02999877929688,169.85000610351562,166.19000244140625,168.64999389648438,167.26751708984375,29799900,0.0,0.0
2024-05-13 00:00:00-04:00,164.25999450683594,169.27999877929688,164.0,169.13999938964844,167.75352478027344,31327600,0.0,0.0
2024-05-14 00:00:00-04:00,169.77000427246094,171.25,168.8000030517578,170.33999633789062,168.9436798095703,25127100,0.0,0.0
2024-05-15 00:00:00-04:00,170.6300048828125,172.64999389648438,170.50999450683594,172.50999450683594,171.0959014892578,26948400,0.0,0.0
2024-05-16 00:00:00-04:00,173.2899932861328,175.1199951171875,172.69000244140625,174.17999267578125,172.752197265625,27867900,0.0,0.0
2024-05-17 00:00:00-04:00,174.17999267578125,176.27000427246094,173.69000244140625,176.05999755859375,174.61679077148438,24479300,0.0,0.0
2024-05-20 00:00:00-04:00,176.19000244140625,178.77000427246094,176.0800018310547,176.9199981689453,175.46975708007812,22554400,0.0,0.0
2024-05-21 00:00:00-04:00,176.89999389648438,178.14999389648438,175.80999755859375,177.85000610351562,176.39212036132812,16989400,0.0,0.0
2024-05-22 00:00:00-04:00,176.63999938964844,177.14999389648438,175.2100067138672,176.3800048828125,174.93417358398438,17880000,0.0,0.0
2024-05-23 00:00:00-04:00,177.07000732421875,178.25,172.9499969482422,173.5500030517578,172.1273651123047,21024900,0.0,0.0
2024-05-24 00:00:00-04:00,174.97999572753906,175.77000427246094,173.64999389648438,174.99000549316406,173.55557250976562,16579400,0.0,0.0
2024-05-28 00:00:00-04:00,174.4499969482422,177.27000427246094,174.3699951171875,176.39999389648438,174.95401000976562,20572200,0.0,0.0
2024-05-29 00:00:00-04:00,175.42999267578125,176.83999633789062,174.72000122070312,175.89999389648438,174.45811462402344,23388700,0.0,0.0
2024-05-30 00:00:00-04:00,175.1999969482422,175.22000122070312,171.7899932861328,172.11000061035156,170.6991729736328,22931500,0.0,0.0
2024-05-31 00:00:00-04:00,171.86000061035156,173.05999755859375,169.44000244140625,172.5,171.08596801757812,37638900,0.0,0.0
2024-06-03 00:00:00-04:00,172.5399932861328,174.52999877929688,171.16000366210938,173.1699981689453,171.75047302246094,27459100,0.0,0.0
2024-06-04 00:00:00-04:00,173.27999877929688,173.85000610351562,171.88999938964844,173.7899932861328,172.3654022216797,26879600,0.0,0.0
2024-06-05 00:00:00-04:00,175.1999969482422,176.64999389648438,173.92999267578125,175.41000366210938,173.9721221923828,22068500,0.0,0.0
2024-06-06 00:00:00-04:00,175.89999389648438,177.14999389648438,175.75,176.72999572753906,175.28131103515625,23251000,0.0,0.0
2024-06-07 00:00:00-04:00,177.0500030517578,177.8699951171875,174.3000030517578,174.4600067138672,173.0299072265625,19661400,0.0,0.0
2024-06-10 00:00:00-04:00,174.97000122070312,177.05999755859375,172.75999450683594,175.00999450683594,173.77459716796875,23726700,0.2,0.0
2024-06-11 00:00:00-04:00,176.22000122070312,176.83999633789062,173.77000427246094,176.6199951171875,175.37322998046875,21540600,0.0,0.0
2024-06-12 00:00:00-04:00,178.25,180.41000366210938,176.11000061035156,177.7899932861328,176.53497314453125,27864700,0.0,0.0
2024-06-13 00:00:00-04:00,176.11000061035156,176.74000549316406,174.8800048828125,175.16000366210938,173.9235382080078,20913300,0.0,0.0
2024-06-14 00:00:00-04:00,174.22000122070312,177.05999755859375,174.14999389648438,176.7899932861328,175.5420684814453,18063600,0.0,0.0
2024-06-17 00:00:00-04:00,175.4600067138672,178.36000061035156,174.80999755859375,177.24000549316406,175.98887634277344,19618500,0.0,0.0
2024-06-18 00:00:00-04:00,177.13999938964844,177.38999938964844,174.10000610351562,175.08999633789062,173.85403442382812,21869900,0.0,0.0
2024-06-20 00:00:00-04:00,175.3699951171875,177.2899932861328,174.99000549316406,176.3000030517578,175.05551147460938,20160100,0.0,0.0
2024-06-21 00:00:00-04:00,177.0,180.85000610351562,176.61000061035156,179.6300048828125,178.36199951171875,57759000,0.0,0.0
2024-06-24 00:00:00-04:00,180.16000366210938,180.88999938964844,178.6699981689453,179.22000122070312,177.95489501953125,18298000,0.0,0.0
2024-06-25 00:00:00-04:00,179.6199951171875,184.2899932861328,179.4199981689453,184.02999877929688,182.73094177246094,23130200,0.0,0.0
2024-06-26 00:00:00-04:00,182.6300048828125,184.50999450683594,182.47999572753906,183.8800048828125,182.58203125,19839000,0.0,0.0
2024-06-27 00:00:00-04:00,184.17999267578125,186.0500030517578,184.02000427246094,185.41000366210938,184.1011962890625,18848900,0.0,0.0
2024-06-28 00:00:00-04:00,184.32000732421875,185.1300048828125,181.9600067138672,182.14999389648438,180.86419677734375,29156600,0.0,0.0
2024-07-01 00:00:00-04:00,183.02999877929688,183.8800048828125,181.3000030517578,182.99000549316406,181.69830322265625,16006100,0.0,0.0
2024-07-02 00:00:00-04:00,182.0500030517578,185.57000732421875,181.55999755859375,185.24000549316406,183.93238830566406,17372500,0.0,0.0
2024-07-03 00:00:00-04:00,184.85000610351562,186.08999633789062,184.0,185.82000732421875,184.50831604003906,10242100,0.0,0.0
2024-07-05 00:00:00-04:00,185.86000061035156,190.86000061035156,185.8000030517578,190.60000610351562,189.2545623779297,20967500,0.0,0.0
2024-07-08 00:00:00-04:00,189.89999389648438,190.1699981689453,187.77999877929688,189.02999877929688,187.69564819335938,21035900,0.0,0.0
2024-07-09 00:00:00-04:00,190.30999755859375,191.36000061035156,188.72000122070312,188.97999572753906,187.64598083496094,15121400,0.0,0.0
2024-07-10 00:00:00-04:00,189.14999389648438,191.75,189.02999877929688,191.17999267578125,189.83045959472656,15952500,0.0,0.0
2024-07-11 00:00:00-04:00,189.85000610351562,190.86000061035156,185.0800018310547,185.57000732421875,184.2600860595703,25625800,0.0,0.0
2024-07-12 00:00:00-04:00,185.0800018310547,187.11000061035156,184.49000549316406,185.07000732421875,183.76361083984375,22898400,0.0,0.0
2024-07-15 00:00:00-04:00,184.9199981689453,188.24000549316406,184.9199981689453,186.52999877929688,185.21328735351562,16474000,0.0,0.0
2024-07-16 00:00:00-04:00,187.36000061035156,188.67999267578125,183.3699951171875,183.9199981689453,182.62171936035156,18290700,0.0,0.0
2024-07-17 00:00:00-04:00,182.97000122070312,183.5500030517578,179.89999389648438,181.02000427246094,179.7421875,20734100,0.0,0.0
2024-07-18 00:00:00-04:00,181.92999267578125,182.5,176.47000122070312,177.69000244140625,176.43569946289062,25315700,0.0,0.0
2024-07-19 00:00:00-04:00,178.8800048828125,180.2899932861328,177.1300048828125,177.66000366210938,176.40591430664062,18881900,0.0,0.0
2024-07-22 00:00:00-04:00,180.58999633789062,182.6999969482422,180.22999572753906,181.6699981689453,180.38760375976562,24100300,0.0,0.0
2024-07-23 00:00:00-04:00,182.0500030517578,183.61000061035156,181.5399932861328,181.7899932861328,180.50672912597656,36352700,0.0,0.0
2024-07-24 00:00:00-04:00,173.60000610351562,176.19000244140625,171.82000732421875,172.6300048828125,171.41140747070312,49585200,0.0,0.0
2024-07-25 00:00:00-04:00,172.52000427246094,173.4199981689453,167.19000244140625,167.27999877929688,166.09918212890625,44852000,0.0,0.0
2024-07-26 00:00:00-04:00,167.14999389648438,168.08999633789062,164.05999755859375,167.0,165.82115173339844,41336900,0.0,0.0
2024-07-29 00:00:00-04:00,168.8300018310547,170.42999267578125,167.99000549316406,169.52999877929688,168.3332977294922,20293800,0.0,0.0
2024-07-30 00:00:00-04:00,170.24000549316406,171.22999572753906,168.44000244140625,170.2899932861328,169.08790588378906,18959700,0.0,0.0
2024-07-31 00:00:00-04:00,173.24000549316406,174.25,170.00999450683594,171.5399932861328,170.3291015625,25729100,0.0,0.0
2024-08-01 00:00:00-04:00,170.25,174.0500030517578,168.8800048828125,170.75999450683594,169.5546112060547,24531400,0.0,0.0
2024-08-02 00:00:00-04:00,166.44000244140625,168.50999450683594,164.6699981689453,166.66000366210938,165.48358154296875,29130100,0.0,0.0
2024-08-05 00:00:00-04:00,155.5,164.42999267578125,154.92999267578125,159.25,158.12588500976562,53630700,0.0,0.0
2024-08-06 00:00:00-04:00,159.3300018310547,160.57000732421875,156.41000366210938,158.2899932861328,157.17263793945312,49004600,0.0,0.0
2024-08-07 00:00:00-04:00,161.25,162.97999572753906,158.47000122070312,158.94000244140625,157.81805419921875,25138600,0.0,0.0
2024-08-08 00:00:00-04:00,160.50999450683594,163.69000244140625,160.2100067138672,162.02999877929688,160.88623046875,25578800,0.0,0.0
2024-08-09 00:00:00-04:00,160.00999450683594,163.7899932861328,159.05999755859375,163.6699981689453,162.51466369628906,28602300,0.0,0.0
2024-08-12 00:00:00-04:00,164.35000610351562,164.89999389648438,161.83999633789062,162.2899932861328,161.14439392089844,15895300,0.0,0.0
2024-08-13 00:00:00-04:00,163.41000366210938,164.72999572753906,162.97000122070312,164.16000366210938,163.00120544433594,18551700,0.0,0.0
2024-08-14 00:00:00-04:00,162.39999389648438,163.22000122070312,157.7100067138672,160.3699951171875,159.23794555664062,40591100,0.0,0.0
2024-08-15 00:00:00-04:00,160.5,161.63999938964844,159.61000061035156,161.3000030517578,160.161376953125,31524300,0.0,0.0
2024-08-16 00:00:00-04:00,161.47000122070312,165.05999755859375,161.1300048828125,162.9600067138672,161.80967712402344,24208600,0.0,0.0
2024-08-19 00:00:00-04:00,165.27999877929688,166.69000244140625,164.25999450683594,166.6699981689453,165.4934844970703,22416200,0.0,0.0
2024-08-20 00:00:00-04:00,166.89999389648438,168.63999938964844,166.82000732421875,167.17999267578125,165.9998779296875,18341500,0.0,0.0
2024-08-21 00:00:00-04:00,165.14999389648438,166.85000610351562,164.6699981689453,165.85000610351562,164.67929077148438,22902000,0.0,0.0
2024-08-22 00:00:00-04:00,167.25999450683594,167.58999633789062,163.30999755859375,163.8000030517578,162.6437530517578,22493300,0.0,0.0
2024-08-23 00:00:00-04:00,164.72000122070312,166.17999267578125,163.8300018310547,165.6199951171875,164.4508819580078,13955700,0.0,0.0
2024-08-26 00:00:00-04:00,166.3800048828125,167.5500030517578,164.4600067138672,166.16000366210938,164.987060546875,14190400,0.0,0.0
2024-08-27 00:00:00-04:00,165.83999633789062,166.44000244140625,164.4600067138672,164.67999267578125,163.51751708984375,11821900,0.0,0.0
2024-08-28 00:00:00-04:00,165.0399932861328,165.60000610351562,161.52999877929688,162.85000610351562,161.70046997070312,16407400,0.0,0.0
2024-08-29 00:00:00-04:00,164.30999755859375,165.97000122070312,160.25,161.77999877929688,160.63800048828125,19699800,0.0,0.0
2024-08-30 00:00:00-04:00,162.6199951171875,163.66000366210938,161.69000244140625,163.3800048828125,162.2267303466797,22123800,0.0,0.0
2024-09-03 00:00:00-04:00,161.72000122070312,161.85000610351562,156.47999572753906,157.36000061035156,156.2492218017578,38945300,0.0,0.0
2024-09-04 00:00:00-04:00,156.66000366210938,159.0,155.9600067138672,156.4499969482422,155.34561157226562,19353800,0.0,0.0
2024-09-05 00:00:00-04:00,156.3000030517578,159.4499969482422,155.97999572753906,157.24000549316406,156.1300506591797,18688700,0.0,0.0
2024-09-06 00:00:00-04:00,157.3000030517578,157.8300018310547,150.5500030517578,150.9199981689453,149.8546905517578,37912100,0.0,0.0
2024-09-09 00:00:00-04:00,152.50999450683594,153.39999389648438,147.22000122070312,148.7100067138672,147.856201171875,39260500,0.2,0.0
2024-09-10 00:00:00-04:00,150.4499969482422,151.27000427246094,148.33999633789062,148.66000366210938,147.8064727783203,31118800,0.0,0.0
2024-09-11 00:00:00-04:00,149.9199981689453,151.5,147.52000427246094,151.16000366210938,150.29214477539062,29607700,0.0,0.0
2024-09-12 00:00:00-04:00,153.8000030517578,154.82000732421875,152.64999389648438,154.69000244140625,153.80186462402344,29621500,0.0,0.0
2024-09-13 00:00:00-04:00,155.42999267578125,158.3800048828125,155.2100067138672,157.4600067138672,156.55596923828125,29591200,0.0,0.0
2024-09-16 00:00:00-04:00,157.30999755859375,158.25,156.60000610351562,158.05999755859375,157.1525115966797,18379800,0.0,0.0
2024-09-17 00:00:00-04:00,159.02000427246094,160.5500030517578,158.3800048828125,159.32000732421875,158.40528869628906,20715600,0.0,0.0
2024-09-18 00:00:00-04:00,159.86000061035156,160.5,158.60000610351562,159.80999755859375,158.89248657226562,23677300,0.0,0.0
2024-09-19 00:00:00-04:00,163.7100067138672,163.7899932861328,161.33999633789062,162.13999938964844,161.2091064453125,26587700,0.0,0.0
2024-09-20 00:00:00-04:00,163.5,163.72999572753906,162.05999755859375,163.58999633789062,162.65077209472656,40896400,0.0,0.0
2024-09-23 00:00:00-04:00,164.35000610351562,165.49000549316406,161.6699981689453,161.85000610351562,160.9207763671875,24150900,0.0,0.0
2024-09-24 00:00:00-04:00,163.02999877929688,163.22000122070312,160.69000244140625,162.2899932861328,161.3582305908203,23332100,0.0,0.0
2024-09-25 00:00:00-04:00,161.47000122070312,162.80999755859375,161.3000030517578,161.49000549316406,160.56283569335938,18869200,0.0,0.0
2024-09-26 00:00:00-04:00,163.63999938964844,164.0800018310547,162.27999877929688,162.72999572753906,161.7957000732422,20319300,0.0,0.0
2024-09-27 00:00:00-04:00,162.80999755859375,165.6999969482422,162.6300048828125,163.9499969482422,163.0087127685547,21101300,0.0,0.0
2024-09-30 00:00:00-04:00,163.32000732421875,166.14999389648438,163.25999450683594,165.85000610351562,164.89781188964844,20413900,0.0,0.0
2024-10-01 00:00:00-04:00,167.69000244140625,169.16000366210938,164.5800018310547,166.99000549316406,166.03125,28338100,0.0,0.0
2024-10-02 00:00:00-04:00,166.4199981689453,167.52000427246094,164.72999572753906,165.86000061035156,164.90774536132812,17760200,0.0,0.0
2024-10-03 00:00:00-04:00,164.41000366210938,166.63999938964844,163.9199981689453,165.86000061035156,164.90774536132812,15073100,0.0,0.0
2024-10-04 00:00:00-04:00,168.05999755859375,168.22999572753906,165.47999572753906,167.05999755859375,166.10084533691406,19047400,0.0,0.0
2024-10-07 00:00:00-04:00,167.72000122070312,168.47999572753906,162.75,162.97999572753906,162.0442657470703,22463100,0.0,0.0
2024-10-08 00:00:00-04:00,163.94000244140625,164.72999572753906,162.8699951171875,164.3800048828125,163.4362335205078,23072700,0.0,0.0
2024-10-09 00:00:00-04:00,163.4499969482422,164.83999633789062,159.74000549316406,161.86000061035156,160.9307098388672,31181800,0.0,0.0
2024-10-10 00:00:00-04:00,160.8699951171875,163.07000732421875,160.39999389648438,162.0800018310547,161.14944458007812,14144100,0.0,0.0
2024-10-11 00:00:00-04:00,162.1300048828125,163.89999389648438,161.24000549316406,163.24000549316406,162.3027801513672,15344300,0.0,0.0
2024-10-14 00:00:00-04:00,163.63999938964844,166.22999572753906,163.39999389648438,164.9600067138672,164.01290893554688,19016100,0.0,0.0
2024-10-15 00:00:00-04:00,165.7899932861328,167.67999267578125,164.6300048828125,165.4600067138672,164.51002502441406,20247200,0.0,0.0
2024-10-16 00:00:00-04:00,164.52999877929688,165.8000030517578,163.74000549316406,165.16000366210938,164.21176147460938,16406000,0.0,0.0
2024-10-17 00:00:00-04:00,165.72999572753906,166.3699951171875,162.75999450683594,162.92999267578125,161.9945526123047,21453400,0.0,0.0
2024-10-18 00:00:00-04:00,163.19000244140625,164.7100067138672,163.0800018310547,163.4199981689453,162.48175048828125,19757700,0.0,0.0
2024-10-21 00:00:00-04:00,162.9499969482422,164.5,162.6199951171875,164.07000732421875,163.12802124023438,20946500,0.0,0.0
2024-10-22 00:00:00-04:00,162.97999572753906,165.77000427246094,162.97999572753906,165.13999938964844,164.19186401367188,16568100,0.0,0.0
2024-10-23 00:00:00-04:00,164.75999450683594,165.82000732421875,161.92999267578125,162.77999877929688,161.8454132080078,18280500,0.0,0.0
2024-10-24 00:00:00-04:00,162.8300018310547,163.3300018310547,161.00999450683594,162.72000122070312,161.7857666015625,22412500,0.0,0.0
2024-10-25 00:00:00-04:00,163.6699981689453,165.58999633789062,163.4199981689453,165.27000427246094,164.32110595703125,19828900,0.0,0.0
2024-10-28 00:00:00-04:00,168.75,168.75,163.9499969482422,166.72000122070312,165.76280212402344,32138600,0.0,0.0
2024-10-29 00:00:00-04:00,167.72999572753906,170.3800048828125,167.08999633789062,169.67999267578125,168.70579528808594,42169000,0.0,0.0
2024-10-30 00:00:00-04:00,180.67999267578125,182.02000427246094,174.05999755859375,174.4600067138672,173.45835876464844,68890800,0.0,0.0
2024-10-31 00:00:00-04:00,173.1300048828125,176.82000732421875,171.0,171.11000061035156,170.12757873535156,44769000,0.0,0.0
2024-11-01 00:00:00-04:00,170.07000732421875,172.32000732421875,168.8800048828125,171.2899932861328,170.30654907226562,31796500,0.0,0.0
2024-11-04 00:00:00-05:00,169.92999267578125,170.72999572753906,168.00999450683594,169.24000549316406,168.26834106445312,21492700,0.0,0.0
2024-11-05 00:00:00-05:00,169.42999267578125,170.52999877929688,168.83999633789062,169.74000549316406,168.76547241210938,18242100,0.0,0.0
2024-11-06 00:00:00-05:00,173.8000030517578,176.94000244140625,173.5,176.50999450683594,175.49661254882812,33695500,0.0,0.0
2024-11-07 00:00:00-05:00,177.41000366210938,181.0800018310547,177.19000244140625,180.75,179.71224975585938,25352900,0.0,0.0
2024-11-08 00:00:00-05:00,180.64999389648438,180.89999389648438,178.0800018310547,178.35000610351562,177.32601928710938,22006200,0.0,0.0
2024-11-11 00:00:00-05:00,178.5800018310547,180.5500030517578,178.47000122070312,180.35000610351562,179.31454467773438,17450400,0.0,0.0
2024-11-12 00:00:00-05:00,179.82000732421875,182.49000549316406,179.38999938964844,181.6199951171875,180.57725524902344,25134900,0.0,0.0
2024-11-13 00:00:00-05:00,180.4600067138672,180.9600067138672,178.5399932861328,178.8800048828125,177.85296630859375,23184000,0.0,0.0
2024-11-14 00:00:00-05:00,178.27999877929688,178.82000732421875,174.32000732421875,175.5800018310547,174.57192993164062,31007500,0.0,0.0
2024-11-15 00:00:00-05:00,173.72999572753906,174.13999938964844,171.22000122070312,172.49000549316406,171.4996795654297,32504600,0.0,0.0
2024-11-18 00:00:00-05:00,173.4199981689453,175.44000244140625,172.89999389648438,175.3000030517578,174.2935333251953,20135300,0.0,0.0
2024-11-19 00:00:00-05:00,173.72000122070312,178.8699951171875,173.55999755859375,178.1199951171875,177.0973358154297,23434900,0.0,0.0
2024-11-20 00:00:00-05:00,177.33999633789062,177.67999267578125,173.77999877929688,175.97999572753906,174.96961975097656,18997100,0.0,0.0
2024-11-21 00:00:00-05:00,173.89999389648438,174.1300048828125,163.6999969482422,167.6300048828125,166.66758728027344,59734400,0.0,0.0
2024-11-22 00:00:00-05:00,165.85000610351562,166.4600067138672,163.89999389648438,164.75999450683594,163.81405639648438,38604600,0.0,0.0
2024-11-25 00:00:00-05:00,166.08999633789062,168.6300048828125,165.61000061035156,167.64999389648438,166.68743896484375,33135300,0.0,0.0
2024-11-26 00:00:00-05:00,167.6300048828125,169.82000732421875,167.5800018310547,169.1199951171875,168.14901733398438,20486700,0.0,0.0
2024-11-27 00:00:00-05:00,169.0,169.47999572753906,168.02000427246094,169.22999572753906,168.25839233398438,19266500,0.0,0.0
2024-11-29 00:00:00-05:00,168.5,169.42999267578125,167.16000366210938,168.9499969482422,167.97999572753906,14257200,0.0,0.0
2024-12-02 00:00:00-05:00,168.77000427246094,172.0800018310547,168.57000732421875,171.49000549316406,170.50543212890625,23789100,0.0,0.0
2024-12-03 00:00:00-05:00,171.49000549316406,172.67999267578125,170.85000610351562,171.33999633789062,170.3562774658203,22248700,0.0,0.0
2024-12-04 00:00:00-05:00,171.14999389648438,174.91000366210938,171.05999755859375,174.3699951171875,173.36888122558594,31615100,0.0,0.0
2024-12-05 00:00:00-05:00,175.36000061035156,176.05999755859375,172.3300018310547,172.63999938964844,171.6488037109375,21356200,0.0,0.0
2024-12-06 00:00:00-05:00,172.02999877929688,175.0800018310547,171.86000061035156,174.7100067138672,173.70692443847656,21462400,0.0,0.0
2024-12-09 00:00:00-05:00,173.9600067138672,176.25999450683594,173.64999389648438,175.3699951171875,174.56298828125,25389600,0.2,0.0
2024-12-10 00:00:00-05:00,182.85000610351562,186.36000061035156,181.0500030517578,185.1699981689453,184.31787109375,54813000,0.0,0.0
2024-12-11 00:00:00-05:00,185.30999755859375,195.61000061035156,184.85000610351562,195.39999389648438,194.50079345703125,67894100,0.0,0.0
2024-12-12 00:00:00-05:00,195.0,195.17999267578125,191.7100067138672,191.9600067138672,191.07662963867188,34817500,0.0,0.0
2024-12-13 00:00:00-05:00,191.00999450683594,192.72999572753906,189.63999938964844,189.82000732421875,188.9464874267578,25143500,0.0,0.0
2024-12-16 00:00:00-05:00,192.8699951171875,199.0,192.6199951171875,196.66000366210938,195.75498962402344,44934900,0.0,0.0
2024-12-17 00:00:00-05:00,197.25,201.4199981689453,194.97999572753906,195.4199981689453,194.52069091796875,43504000,0.0,0.0
2024-12-18 00:00:00-05:00,195.22000122070312,197.0,187.74000549316406,188.39999389648438,187.53298950195312,34166100,0.0,0.0
2024-12-19 00:00:00-05:00,191.6300048828125,193.02999877929688,188.3800048828125,188.50999450683594,187.6425018310547,32265200,0.0,0.0
2024-12-20 00:00:00-05:00,185.77999877929688,192.88999938964844,185.22000122070312,191.41000366210938,190.52915954589844,63462900,0.0,0.0
2024-12-23 00:00:00-05:00,192.6199951171875,195.10000610351562,190.14999389648438,194.6300048828125,193.73434448242188,25675000,0.0,0.0
2024-12-24 00:00:00-05:00,194.83999633789062,196.11000061035156,193.77999877929688,196.11000061035156,195.20751953125,10403300,0.0,0.0
2024-12-26 00:00:00-05:00,195.14999389648438,196.75,194.3800048828125,195.60000610351562,194.69989013671875,12046600,0.0,0.0
2024-12-27 00:00:00-05:00,194.9499969482422,195.32000732421875,190.64999389648438,192.75999450683594,191.8729248046875,18891400,0.0,0.0
2024-12-30 00:00:00-05:00,189.8000030517578,192.5500030517578,189.1199951171875,191.24000549316406,190.35995483398438,14264700,0.0,0.0
2024-12-31 00:00:00-05:00,191.0800018310547,191.9600067138672,188.50999450683594,189.3000030517578,188.42886352539062,17466900,0.0,0.0
2025-01-02 00:00:00-05:00,190.64999389648438,192.0,187.5,189.42999267578125,188.5582733154297,20370800,0.0,0.0
2025-01-03 00:00:00-05:00,191.3699951171875,193.2100067138672,189.97999572753906,191.7899932861328,190.9073944091797,18596200,0.0,0.0
2025-01-06 00:00:00-05:00,193.97999572753906,198.22000122070312,193.85000610351562,196.8699951171875,195.96401977539062,29563600,0.0,0.0
2025-01-07 00:00:00-05:00,197.11000061035156,201.0,194.60000610351562,195.49000549316406,194.59039306640625,26487200,0.0,0.0
2025-01-08 00:00:00-05:00,192.57000732421875,196.2899932861328,192.3800048828125,193.9499969482422,193.0574493408203,24864800,0.0,0.0
2025-01-10 00:00:00-05:00,194.3000030517578,196.52000427246094,190.30999755859375,192.0399932861328,191.15625,26665200,0.0,0.0
2025-01-13 00:00:00-05:00,190.07000732421875,191.17999267578125,187.36000061035156,191.00999450683594,190.13099670410156,21823700,0.0,0.0
2025-01-14 00:00:00-05:00,191.24000549316406,191.97999572753906,188.30999755859375,189.66000366210938,188.78720092773438,17174900,0.0,0.0
2025-01-15 00:00:00-05:00,193.08999633789062,196.36000061035156,191.86000061035156,195.5500030517578,194.65011596679688,21776000,0.0,0.0
2025-01-16 00:00:00-05:00,194.13999938964844,195.47999572753906,192.80999755859375,192.91000366210938,192.0222625732422,17815400,0.0,0.0
2025-01-17 00:00:00-05:00,196.52999877929688,197.22999572753906,193.75,196.0,195.09803771972656,27735100,0.0,0.0
2025-01-21 00:00:00-05:00,199.07000732421875,202.2899932861328,197.8699951171875,198.0500030517578,197.1385955810547,29971300,0.0,0.0
2025-01-22 00:00:00-05:00,199.05999755859375,200.47999572753906,197.52999877929688,198.3699951171875,197.45712280273438,26200600,0.0,0.0
2025-01-23 00:00:00-05:00,198.13999938964844,200.3000030517578,195.1999969482422,197.97999572753906,197.0689239501953,26951400,0.0,0.0
2025-01-24 00:00:00-05:00,198.10000610351562,200.89999389648438,198.0,200.2100067138672,199.28866577148438,23877500,0.0,0.0
2025-01-27 00:00:00-05:00,192.41000366210938,196.8800048828125,190.72999572753906,191.80999755859375,190.9273223876953,41728900,0.0,0.0
2025-01-28 00:00:00-05:00,192.75,195.47999572753906,190.67999267578125,195.3000030517578,194.40126037597656,24157900,0.0,0.0
2025-01-29 00:00:00-05:00,195.55999755859375,196.7899932861328,193.42999267578125,195.41000366210938,194.5107421875,18218300,0.0,0.0
2025-01-30 00:00:00-05:00,198.0,201.39999389648438,197.6699981689453,200.8699951171875,199.9456329345703,24354700,0.0,0.0
2025-01-31 00:00:00-05:00,202.0,205.47999572753906,201.8000030517578,204.02000427246094,203.0811309814453,32001100,0.0,0.0
2025-02-03 00:00:00-05:00,200.69000244140625,203.75,200.10000610351562,201.22999572753906,200.303955078125,27838300,0.0,0.0
2025-02-04 00:00:00-05:00,203.38999938964844,207.0500030517578,202.80999755859375,206.3800048828125,205.43026733398438,43856400,0.0,0.0
2025-02-05 00:00:00-05:00,191.07000732421875,192.75,188.02999877929688,191.3300018310547,190.44952392578125,70373900,0.0,0.0
2025-02-06 00:00:00-05:00,189.5,192.10000610351562,188.72000122070312,191.60000610351562,190.71827697753906,29297400,0.0,0.0
2025-02-07 00:00:00-05:00,191.0500030517578,191.17999267578125,183.24000549316406,185.33999633789062,184.48709106445312,49315000,0.0,0.0
2025-02-10 00:00:00-05:00,187.35000610351562,188.1999969482422,185.86000061035156,186.47000122070312,185.6118927001953,23105600,0.0,0.0
2025-02-11 00:00:00-05:00,185.02999877929688,186.94000244140625,184.27999877929688,185.32000732421875,184.46719360351562,21239500,0.0,0.0
2025-02-12 00:00:00-05:00,183.22000122070312,185.11000061035156,181.8300018310547,183.61000061035156,182.76504516601562,22072600,0.0,0.0
2025-02-13 00:00:00-05:00,184.32000732421875,186.27999877929688,183.13999938964844,186.13999938964844,185.2834014892578,21402500,0.0,0.0
2025-02-14 00:00:00-05:00,185.05999755859375,186.39999389648438,184.32000732421875,185.22999572753906,184.37759399414062,20448400,0.0,0.0
2025-02-18 00:00:00-05:00,185.60000610351562,185.9600067138672,181.74000549316406,183.77000427246094,182.92431640625,29916700,0.0,0.0
2025-02-19 00:00:00-05:00,184.07000732421875,185.4600067138672,183.58999633789062,185.27000427246094,184.41741943359375,19549400,0.0,0.0
2025-02-20 00:00:00-05:00,184.8000030517578,185.30999755859375,182.72000122070312,184.55999755859375,183.71067810058594,20441500,0.0,0.0
2025-02-21 00:00:00-05:00,185.14999389648438,185.33999633789062,179.0800018310547,179.66000366210938,178.83322143554688,35199200,0.0,0.0
2025-02-24 00:00:00-05:00,181.99000549316406,183.1199951171875,178.88999938964844,179.25,178.4251251220703,29854200,0.0,0.0
2025-02-25 00:00:00-05:00,178.0399932861328,178.74000549316406,174.69000244140625,175.4199981689453,174.61273193359375,41913400,0.0,0.0
2025-02-26 00:00:00-05:00,175.07000732421875,176.0800018310547,171.5800018310547,172.72999572753906,171.93508911132812,35431300,0.0,0.0
2025-02-27 00:00:00-05:00,173.99000549316406,174.55999755859375,167.94000244140625,168.5,167.72457885742188,39991000,0.0,0.0
2025-02-28 00:00:00-05:00,168.67999267578125,170.61000061035156,166.77000427246094,170.27999877929688,169.4963836669922,48130600,0.0,0.0
2025-03-03 00:00:00-05:00,171.92999267578125,173.3699951171875,165.92999267578125,167.00999450683594,166.24143981933594,40770500,0.0,0.0
2025-03-04 00:00:00-05:00,166.24000549316406,173.2899932861328,165.8000030517578,170.9199981689453,170.13345336914062,45388000,0.0,0.0
2025-03-05 00:00:00-05:00,170.52000427246094,173.77999877929688,169.05999755859375,173.02000427246094,172.22381591796875,30954900,0.0,0.0
2025-03-06 00:00:00-05:00,170.52999877929688,174.80999755859375,170.5,172.35000610351562,171.556884765625,28302000,0.0,0.0
2025-03-07 00:00:00-05:00,171.25999450683594,174.97000122070312,170.27000427246094,173.86000061035156,173.05990600585938,27385800,0.0,0.0
2025-03-10 00:00:00-04:00,168.25999450683594,168.4600067138672,163.69000244140625,165.8699951171875,165.2968292236328,43604000,0.2,0.0
2025-03-11 00:00:00-04:00,164.91000366210938,166.75,161.3699951171875,164.0399932861328,163.47314453125,39587400,0.0,0.0
2025-03-12 00:00:00-04:00,166.5800018310547,167.63999938964844,163.52999877929688,167.11000061035156,166.53256225585938,28372400,0.0,0.0
2025-03-13 00:00:00-04:00,166.0399932861328,166.1300048828125,162.11000061035156,162.75999450683594,162.19757080078125,31756200,0.0,0.0
2025-03-14 00:00:00-04:00,163.27000427246094,166.49000549316406,162.4499969482422,165.49000549316406,164.91815185546875,31995900,0.0,0.0
2025-03-17 00:00:00-04:00,165.02999877929688,166.3000030517578,163.6699981689453,164.2899932861328,163.72230529785156,31184300,0.0,0.0
2025-03-18 00:00:00-04:00,163.67999267578125,164.25,156.72000122070312,160.6699981689453,160.11480712890625,42074800,0.0,0.0
2025-03-19 00:00:00-04:00,161.75999450683594,165.8699951171875,161.0,163.88999938964844,163.3236846923828,34275600,0.0,0.0
2025-03-20 00:00:00-04:00,161.57000732421875,164.88999938964844,160.9600067138672,162.8000030517578,162.23744201660156,28138500,0.0,0.0
2025-03-21 00:00:00-04:00,161.2100067138672,164.24000549316406,160.88999938964844,163.99000549316406,163.42333984375,36625800,0.0,0.0
2025-03-24 00:00:00-04:00,167.07000732421875,168.32000732421875,165.13999938964844,167.67999267578125,167.1005859375,30879100,0.0,0.0
2025-03-25 00:00:00-04:00,168.97999572753906,170.6300048828125,168.32000732421875,170.55999755859375,169.9706573486328,24174400,0.0,0.0
2025-03-26 00:00:00-04:00,169.0,169.61000061035156,164.83999633789062,165.05999755859375,164.48963928222656,28901600,0.0,0.0
2025-03-27 00:00:00-04:00,164.6300048828125,165.4199981689453,162.0,162.24000549316406,161.67938232421875,24508300,0.0,0.0
2025-03-28 00:00:00-04:00,160.49000549316406,161.82000732421875,153.6300048828125,154.3300018310547,153.7967071533203,48669300,0.0,0.0
2025-03-31 00:00:00-04:00,153.11000061035156,155.5399932861328,150.66000366210938,154.63999938964844,154.1056365966797,54603500,0.0,0.0
2025-04-01 00:00:00-04:00,153.6199951171875,158.10000610351562,153.6199951171875,157.07000732421875,156.5272674560547,30672900,0.0,0.0
2025-04-02 00:00:00-04:00,155.14999389648438,158.41000366210938,154.6999969482422,157.0399932861328,156.49734497070312,25041700,0.0,0.0
2025-04-03 00:00:00-04:00,151.11000061035156,152.77999877929688,150.38999938964844,150.72000122070312,150.19918823242188,46883400,0.0,0.0
2025-04-04 00:00:00-04:00,148.00999450683594,151.07000732421875,145.3800048828125,145.60000610351562,145.09689331054688,62259500,0.0,0.0
2025-04-07 00:00:00-04:00,141.5500030517578,152.85000610351562,140.52999877929688,146.75,146.24290466308594,76794100,0.0,0.0
2025-04-08 00:00:00-04:00,151.22000122070312,152.24000549316406,143.02999877929688,144.6999969482422,144.19998168945312,52200200,0.0,0.0
2025-04-09 00:00:00-04:00,144.4199981689453,159.5500030517578,143.91000366210938,158.7100067138672,158.16159057617188,70406200,0.0,0.0
2025-04-10 00:00:00-04:00,156.5399932861328,157.72000122070312,149.92999267578125,152.82000732421875,152.29193115234375,48022000,0.0,0.0
2025-04-11 00:00:00-04:00,152.89999389648438,157.6699981689453,152.82000732421875,157.13999938964844,156.5970001220703,33636200,0.0,0.0
2025-04-14 00:00:00-04:00,160.0,161.72000122070312,157.55999755859375,159.07000732421875,158.5203399658203,30333000,0.0,0.0
2025-04-15 00:00:00-04:00,159.1300048828125,159.64999389648438,155.2100067138672,156.30999755859375,155.76988220214844,27551500,0.0,0.0
2025-04-16 00:00:00-04:00,153.10000610351562,155.88999938964844,151.50999450683594,153.3300018310547,152.80018615722656,28187400,0.0,0.0
2025-04-17 00:00:00-04:00,154.2899932861328,154.67999267578125,148.5,151.16000366210938,150.63766479492188,33046600,0.0,0.0
2025-04-21 00:00:00-04:00,148.8800048828125,148.9499969482422,146.10000610351562,147.6699981689453,147.15972900390625,26049100,0.0,0.0
2025-04-22 00:00:00-04:00,148.88999938964844,152.19000244140625,148.5399932861328,151.47000122070312,150.9466094970703,26971800,0.0,0.0
2025-04-23 00:00:00-04:00,155.61000061035156,157.52999877929688,153.80999755859375,155.35000610351562,154.81320190429688,31128800,0.0,0.0
2025-04-24 00:00:00-04:00,156.14999389648438,159.58999633789062,155.7899932861328,159.27999877929688,158.7296142578125,45894000,0.0,0.0
2025-04-25 00:00:00-04:00,165.07000732421875,166.10000610351562,161.0399932861328,161.9600067138672,161.4003448486328,56034000,0.0,0.0
2025-04-28 00:00:00-04:00,162.42999267578125,163.14999389648438,158.60000610351562,160.61000061035156,160.0550079345703,29745800,0.0,0.0
2025-04-29 00:00:00-04:00,160.32000732421875,160.74000549316406,157.52000427246094,160.16000366210938,159.60658264160156,26809000,0.0,0.0
2025-04-30 00:00:00-04:00,157.97999572753906,159.27000427246094,155.39999389648438,158.8000030517578,158.2512664794922,34981100,0.0,0.0
2025-05-01 00:00:00-04:00,160.4499969482422,161.9499969482422,158.91000366210938,161.3000030517578,160.7426300048828,30203200,0.0,0.0
2025-05-02 00:00:00-04:00,163.41000366210938,164.97000122070312,161.8699951171875,164.02999877929688,163.4632110595703,25715000,0.0,0.0
2025-05-05 00:00:00-04:00,163.0,165.38999938964844,162.72000122070312,164.2100067138672,163.642578125,21341800,0.0,0.0
2025-05-06 00:00:00-04:00,162.1699981689453,164.8000030517578,161.19000244140625,163.22999572753906,162.6659698486328,21277200,0.0,0.0
2025-05-07 00:00:00-04:00,164.0800018310547,165.0,147.83999633789062,151.3800048828125,150.85691833496094,127490100,0.0,0.0
2025-05-08 00:00:00-04:00,155.0,155.92999267578125,152.89999389648438,154.27999877929688,153.74688720703125,57498700,0.0,0.0
2025-05-09 00:00:00-04:00,154.1699981689453,155.0500030517578,152.1999969482422,152.75,152.22218322753906,32435300,0.0,0.0
2025-05-12 00:00:00-04:00,157.49000549316406,159.10000610351562,156.25,158.4600067138672,157.91246032714844,44138800,0.0,0.0
2025-05-13 00:00:00-04:00,158.7899932861328,160.57000732421875,156.16000366210938,159.52999877929688,158.978759765625,42382100,0.0,0.0
2025-05-14 00:00:00-04:00,159.9600067138672,167.0,159.61000061035156,165.3699951171875,164.79855346679688,48755900,0.0,0.0
2025-05-15 00:00:00-04:00,165.83999633789062,166.2100067138672,162.3699951171875,163.9600067138672,163.39344787597656,33146700,0.0,0.0
2025-05-16 00:00:00-04:00,167.72999572753906,169.35000610351562,165.6199951171875,166.19000244140625,165.61572265625,42846900,0.0,0.0
2025-05-19 00:00:00-04:00,164.50999450683594,166.63999938964844,164.22000122070312,166.5399932861328,165.96450805664062,30426100,0.0,0.0
2025-05-20 00:00:00-04:00,166.42999267578125,168.5,162.89999389648438,163.97999572753906,163.41336059570312,46607700,0.0,0.0
2025-05-21 00:00:00-04:00,163.69000244140625,173.13999938964844,163.55999755859375,168.55999755859375,167.97755432128906,73416000,0.0,0.0
2025-05-22 00:00:00-04:00,171.85000610351562,176.77000427246094,170.7100067138672,170.8699951171875,170.279541015625,74864400,0.0,0.0
2025-05-23 00:00:00-04:00,169.05999755859375,169.9600067138672,167.88999938964844,168.47000122070312,167.8878631591797,35211400,0.0,0.0
2025-05-27 00:00:00-04:00,170.16000366210938,173.1699981689453,170.0,172.89999389648438,172.30255126953125,37995700,0.0,0.0
2025-05-28 00:00:00-04:00,173.16000366210938,175.27000427246094,171.91000366210938,172.36000061035156,171.76441955566406,34784000,0.0,0.0
2025-05-29 00:00:00-04:00,174.0,174.4199981689453,170.6300048828125,171.86000061035156,171.26614379882812,29317300,0.0,0.0
2025-05-30 00:00:00-04:00,171.35000610351562,172.2100067138672,167.44000244140625,171.74000549316406,171.14654541015625,52639900,0.0,0.0
2025-06-02 00:00:00-04:00,167.83999633789062,169.8699951171875,167.38999938964844,169.02999877929688,168.4459228515625,38612300,0.0,0.0
2025-06-03 00:00:00-04:00,167.49000549316406,168.47999572753906,165.27999877929688,166.17999267578125,165.6057586669922,45084900,0.0,0.0
2025-06-04 00:00:00-04:00,166.74000549316406,168.22000122070312,166.36000061035156,168.0500030517578,167.4693145751953,26900800,0.0,0.0
2025-06-05 00:00:00-04:00,170.33999633789062,170.92999267578125,167.58999633789062,168.2100067138672,167.62876892089844,36379100,0.0,0.0
2025-06-06 00:00:00-04:00,170.8300018310547,174.5,170.8300018310547,173.67999267578125,173.07984924316406,35731800,0.0,0.0
2025-06-09 00:00:00-04:00,174.5399932861328,176.47000122070312,174.3699951171875,176.08999633789062,175.6939697265625,28935900,0.21,0.0
2025-06-10 00:00:00-04:00,176.1999969482422,181.11000061035156,174.91000366210938,178.60000610351562,178.19833374023438,61766100,0.0,0.0
2025-06-11 00:00:00-04:00,179.77000427246094,180.3699951171875,176.75,177.35000610351562,176.95114135742188,31646800,0.0,0.0
2025-06-12 00:00:00-04:00,176.17999267578125,176.72000122070312,174.75,175.6999969482422,175.30484008789062,20941900,0.0,0.0
2025-06-13 00:00:00-04:00,172.44000244140625,177.1300048828125,172.38999938964844,174.6699981689453,174.27716064453125,27663100,0.0,0.0
2025-06-16 00:00:00-04:00,174.72999572753906,176.94000244140625,174.64999389648438,176.77000427246094,176.3724365234375,27389200,0.0,0.0
2025-06-17 00:00:00-04:00,175.6999969482422,177.36000061035156,174.5800018310547,175.9499969482422,175.5542755126953,24973000,0.0,0.0
2025-06-18 00:00:00-04:00,176.00999450683594,176.55999755859375,173.1999969482422,173.32000732421875,172.93020629882812,28707500,0.0,0.0
2025-06-20 00:00:00-04:00,173.9499969482422,174.33999633789062,165.4600067138672,166.63999938964844,166.26522827148438,75659900,0.0,0.0
2025-06-23 00:00:00-04:00,166.27000427246094,167.33999633789062,162.0,165.19000244140625,164.8184814453125,57671000,0.0,0.0
2025-06-24 00:00:00-04:00,166.9199981689453,168.22000122070312,166.1300048828125,166.77000427246094,166.3949432373047,40524300,0.0,0.0
2025-06-25 00:00:00-04:00,167.6300048828125,172.36000061035156,167.5500030517578,170.67999267578125,170.296142578125,35479000,0.0,0.0
2025-06-26 00:00:00-04:00,172.42999267578125,173.69000244140625,169.94000244140625,173.5399932861328,173.14968872070312,31796700,0.0,0.0
2025-06-27 00:00:00-04:00,173.5399932861328,178.67999267578125,171.72999572753906,178.52999877929688,178.12847900390625,108140200,0.0,0.0
2025-06-30 00:00:00-04:00,180.77999877929688,181.22999572753906,174.5800018310547,176.22999572753906,175.83364868164062,63378900,0.0,0.0
2025-07-01 00:00:00-04:00,175.74000549316406,176.08999633789062,173.52999877929688,175.83999633789062,175.44451904296875,35904500,0.0,0.0
2025-07-02 00:00:00-04:00,175.5399932861328,178.86000061035156,175.07000732421875,178.63999938964844,178.23822021484375,29128900,0.0,0.0
2025-07-03 00:00:00-04:00,178.5,179.6699981689453,177.0500030517578,179.52999877929688,179.126220703125,21689700,0.0,0.0
2025-07-07 00:00:00-04:00,179.05999755859375,179.3000030517578,175.67999267578125,176.7899932861328,176.3923797607422,34175600,0.0,0.0
2025-07-08 00:00:00-04:00,177.85000610351562,177.9499969482422,172.80999755859375,174.36000061035156,173.9678497314453,40442500,0.0,0.0
2025-07-09 00:00:00-04:00,175.25,179.44000244140625,172.77000427246094,176.6199951171875,176.22276306152344,43025600,0.0,0.0
2025-07-10 00:00:00-04:00,175.6300048828125,178.42999267578125,174.3800048828125,177.6199951171875,177.22052001953125,29252400,0.0,0.0
2025-07-11 00:00:00-04:00,176.7899932861328,181.42999267578125,176.47999572753906,180.19000244140625,179.78475952148438,34282900,0.0,0.0
2025-07-14 00:00:00-04:00,181.00999450683594,183.6699981689453,179.67999267578125,181.55999755859375,181.1516571044922,32536600,0.0,0.0
2025-07-15 00:00:00-04:00,182.80999755859375,184.22000122070312,181.60000610351562,182.0,181.59066772460938,33448300,0.0,0.0
2025-07-16 00:00:00-04:00,183.24000549316406,184.3300018310547,182.02999877929688,182.97000122070312,182.55850219726562,33104200,0.0,0.0
2025-07-17 00:00:00-04:00,182.13999938964844,184.05999755859375,180.47999572753906,183.5800018310547,183.1671142578125,31992600,0.0,0.0
2025-07-18 00:00:00-04:00,185.39999389648438,186.4199981689453,183.7100067138672,185.05999755859375,184.64378356933594,34014500,0.0,0.0
2025-07-21 00:00:00-04:00,186.25,190.2899932861328,186.14999389648438,190.10000610351562,189.67245483398438,45803100,0.0,0.0
2025-07-22 00:00:00-04:00,191.5,191.64999389648438,187.4600067138672,191.33999633789062,190.90966796875,44660200,0.0,0.0
2025-07-23 00:00:00-04:00,191.5,192.52999877929688,189.17999267578125,190.22999572753906,189.8021697998047,58681900,0.0,0.0
2025-07-24 00:00:00-04:00,197.02999877929688,197.9499969482422,191.0,192.1699981689453,191.73779296875,74881700,0.0,0.0
2025-07-25 00:00:00-04:00,191.97999572753906,194.3300018310547,191.25999450683594,193.17999267578125,192.7455291748047,39785900,0.0,0.0
2025-07-28 00:00:00-04:00,193.64999389648438,194.0500030517578,190.83999633789062,192.5800018310547,192.14686584472656,38139500,0.0,0.0
2025-07-29 00:00:00-04:00,192.42999267578125,195.9199981689453,192.0800018310547,195.75,195.30975341796875,41389200,0.0,0.0
2025-07-30 00:00:00-04:00,195.60000610351562,197.60000610351562,194.69000244140625,196.52999877929688,196.08799743652344,32445400,0.0,0.0
2025-07-31 00:00:00-04:00,195.7100067138672,195.99000549316406,191.08999633789062,191.89999389648438,191.46839904785156,51329200,0.0,0.0
2025-08-01 00:00:00-04:00,189.02999877929688,190.8300018310547,187.82000732421875,189.1300048828125,188.7046356201172,34832200,0.0,0.0
2025-08-04 00:00:00-04:00,190.2899932861328,195.27000427246094,190.1199951171875,195.0399932861328,194.60133361816406,31547400,0.0,0.0
2025-08-05 00:00:00-04:00,194.7100067138672,197.86000061035156,193.88999938964844,194.6699981689453,194.232177734375,31602300,0.0,0.0
2025-08-06 00:00:00-04:00,194.5,196.6300048828125,193.6699981689453,196.08999633789062,195.6489715576172,21562900,0.0,0.0
2025-08-07 00:00:00-04:00,197.05999755859375,197.5399932861328,194.3300018310547,196.52000427246094,196.07801818847656,26321800,0.0,0.0
2025-08-08 00:00:00-04:00,197.22000122070312,202.61000061035156,197.1699981689453,201.4199981689453,200.9669952392578,39161800,0.0,0.0
2025-08-11 00:00:00-04:00,200.94000244140625,201.47999572753906,199.07000732421875,201.0,200.54794311523438,25832400,0.0,0.0
2025-08-12 00:00:00-04:00,201.3699951171875,204.5,200.58999633789062,203.33999633789062,202.88267517089844,30397900,0.0,0.0
2025-08-13 00:00:00-04:00,204.1300048828125,204.52999877929688,197.50999450683594,201.9600067138672,201.50579833984375,28342900,0.0,0.0
2025-08-14 00:00:00-04:00,201.5,204.44000244140625,201.22999572753906,202.94000244140625,202.48358154296875,25230400,0.0,0.0
2025-08-15 00:00:00-04:00,203.85000610351562,206.44000244140625,201.27999877929688,203.89999389648438,203.44140625,34931400,0.0,0.0
2025-08-18 00:00:00-04:00,204.1999969482422,205.27000427246094,202.49000549316406,203.5,203.04232788085938,18526600,0.0,0.0
2025-08-19 00:00:00-04:00,203.02999877929688,203.44000244140625,199.9600067138672,201.57000732421875,201.11666870117188,24240200,0.0,0.0
2025-08-20 00:00:00-04:00,200.72999572753906,201.27999877929688,196.60000610351562,199.32000732421875,198.87171936035156,28955500,0.0,0.0
2025-08-21 00:00:00-04:00,199.75,202.47999572753906,199.42999267578125,199.75,199.3007354736328,19774600,0.0,0.0
2025-08-22 00:00:00-04:00,202.72999572753906,208.5399932861328,201.3000030517578,206.08999633789062,205.62649536132812,42827000,0.0,0.0
2025-08-25 00:00:00-04:00,206.42999267578125,210.52000427246094,205.27999877929688,208.49000549316406,208.02108764648438,29928900,0.0,0.0
2025-08-26 00:00:00-04:00,207.50999450683594,207.85000610351562,205.6999969482422,207.13999938964844,206.6741180419922,28464100,0.0,0.0
2025-08-27 00:00:00-04:00,205.6999969482422,208.91000366210938,205.64999389648438,207.47999572753906,207.01336669921875,23022900,0.0,0.0
2025-08-28 00:00:00-04:00,207.25,212.22000122070312,206.89999389648438,211.63999938964844,211.16400146484375,32339300,0.0,0.0
2025-08-29 00:00:00-04:00,210.50999450683594,214.64999389648438,210.1999969482422,212.91000366210938,212.43115234375,39728400,0.0,0.0
2025-09-02 00:00:00-04:00,208.44000244140625,211.67999267578125,206.1999969482422,211.35000610351562,210.8746795654297,47523000,0.0,0.0
2025-09-03 00:00:00-04:00,226.2100067138672,231.30999755859375,224.7899932861328,230.66000366210938,230.1412353515625,103336100,0.0,0.0
2025-09-04 00:00:00-04:00,229.64999389648438,232.3699951171875,226.11000061035156,232.3000030517578,231.7775421142578,51684200,0.0,0.0
2025-09-05 00:00:00-04:00,232.1999969482422,235.75999450683594,231.89999389648438,235.0,234.4714813232422,46588900,0.0,0.0
2025-09-08 00:00:00-04:00,235.47000122070312,238.1300048828125,233.6699981689453,234.0399932861328,233.72247314453125,32474700,0.21,0.0
2025-09-09 00:00:00-04:00,234.1699981689453,240.47000122070312,233.22999572753906,239.6300048828125,239.30490112304688,38061000,0.0,0.0
2025-09-10 00:00:00-04:00,238.89999389648438,241.66000366210938,237.85000610351562,239.1699981689453,238.84552001953125,35141100,0.0,0.0
2025-09-11 00:00:00-04:00,239.8800048828125,242.25,236.25,240.3699951171875,240.0438995361328,30599300,0.0,0.0
2025-09-12 00:00:00-04:00,240.3699951171875,242.0800018310547,238.0,240.8000030517578,240.4733123779297,26771600,0.0,0.0
2025-09-15 00:00:00-04:00,244.66000366210938,252.41000366210938,244.66000366210938,251.61000061035156,251.26864624023438,58383800,0.0,0.0
2025-09-16 00:00:00-04:00,252.0800018310547,253.0399932861328,249.47000122070312,251.16000366210938,250.8192596435547,34109700,0.0,0.0
2025-09-17 00:00:00-04:00,251.22000122070312,251.60000610351562,246.27999877929688,249.52999877929688,249.19146728515625,34108000,0.0,0.0
2025-09-18 00:00:00-04:00,251.67999267578125,253.99000549316406,249.8000030517578,252.02999877929688,251.68807983398438,31239500,0.0,0.0
2025-09-19 00:00:00-04:00,253.25,256.0,251.80999755859375,254.72000122070312,254.3744354248047,55571400,0.0,0.0
2025-09-22 00:00:00-04:00,254.42999267578125,255.77999877929688,250.3000030517578,252.52999877929688,252.18740844726562,32290500,0.0,0.0
2025-09-23 00:00:00-04:00,253.0399932861328,254.36000061035156,250.47999572753906,251.66000366210938,251.31858825683594,26628000,0.0,0.0
2025-09-24 00:00:00-04:00,251.66000366210938,252.35000610351562,246.44000244140625,247.13999938964844,246.80471801757812,28201000,0.0,0.0
2025-09-25 00:00:00-04:00,244.39999389648438,246.49000549316406,240.74000549316406,245.7899932861328,245.45652770996094,31020400,0.0,0.0
2025-09-26 00:00:00-04:00,247.07000732421875,249.4199981689453,245.97000122070312,246.5399932861328,246.2055206298828,18503200,0.0,0.0
2025-09-29 00:00:00-04:00,247.85000610351562,251.14999389648438,242.77000427246094,244.0500030517578,243.71890258789062,32505800,0.0,0.0
2025-09-30 00:00:00-04:00,242.80999755859375,243.2899932861328,239.25,243.10000610351562,242.77020263671875,34724300,0.0,0.0
2025-10-01 00:00:00-04:00,240.75,246.3000030517578,238.61000061035156,244.89999389648438,244.5677490234375,31658200,0.0,0.0
2025-10-02 00:00:00-04:00,245.14999389648438,246.80999755859375,242.3000030517578,245.69000244140625,245.356689453125,25483300,0.0,0.0
2025-10-03 00:00:00-04:00,244.49000549316406,246.3000030517578,241.66000366210938,245.35000610351562,245.0171356201172,30249600,0.0,0.0
2025-10-06 00:00:00-04:00,244.77999877929688,251.32000732421875,244.5800018310547,250.42999267578125,250.09024047851562,28894700,0.0,0.0
2025-10-07 00:00:00-04:00,248.27000427246094,250.44000244140625,245.52000427246094,245.75999450683594,245.42657470703125,23181300,0.0,0.0
2025-10-08 00:00:00-04:00,244.9600067138672,246.00999450683594,243.82000732421875,244.6199951171875,244.2881317138672,21307100,0.0,0.0
2025-10-09 00:00:00-04:00,244.47000122070312,244.75999450683594,239.14999389648438,241.52999877929688,241.2023162841797,27892100,0.0,0.0
2025-10-10 00:00:00-04:00,241.42999267578125,244.08999633789062,235.83999633789062,236.57000732421875,236.24905395507812,33180300,0.0,0.0
2025-10-13 00:00:00-04:00,240.2100067138672,244.5,239.7100067138672,244.14999389648438,243.8187713623047,24995000,0.0,0.0
2025-10-14 00:00:00-04:00,241.22999572753906,247.1199951171875,240.50999450683594,245.4499969482422,245.11700439453125,22111600,0.0,0.0
2025-10-15 00:00:00-04:00,247.25,252.11000061035156,245.99000549316406,251.02999877929688,250.68943786621094,27007700,0.0,0.0
2025-10-16 00:00:00-04:00,251.77000427246094,256.9599914550781,250.10000610351562,251.4600067138672,251.1188507080078,27997200,0.0,0.0
2025-10-17 00:00:00-04:00,250.75999450683594,254.22000122070312,247.80999755859375,253.3000030517578,252.95635986328125,29671600,0.0,0.0
2025-10-20 00:00:00-04:00,254.69000244140625,257.3299865722656,254.22999572753906,256.54998779296875,256.2019348144531,22350200,0.0,0.0
2025-10-21 00:00:00-04:00,254.74000549316406,254.8800048828125,244.14999389648438,250.4600067138672,250.12020874023438,47312100,0.0,0.0
2025-10-22 00:00:00-04:00,254.3699951171875,256.3599853515625,249.2899932861328,251.69000244140625,251.34854125976562,35029400,0.0,0.0
2025-10-23 00:00:00-04:00,252.97999572753906,255.0399932861328,251.85000610351562,253.0800018310547,252.7366485595703,19901400,0.0,0.0
2025-10-24 00:00:00-04:00,256.5799865722656,261.67999267578125,255.32000732421875,259.9200134277344,259.5674133300781,28655100,0.0,0.0
2025-10-27 00:00:00-04:00,264.82000732421875,270.1400146484375,264.2799987792969,269.2699890136719,268.9046630859375,35235200,0.0,0.0
2025-10-28 00:00:00-04:00,269.69000244140625,270.7300109863281,266.5,267.4700012207031,267.1071472167969,29738600,0.0,0.0
2025-10-29 00:00:00-04:00,267.75,275.3399963378906,267.6700134277344,274.57000732421875,274.197509765625,43580300,0.0,0.0
2025-10-30 00:00:00-04:00,291.5899963378906,291.5899963378906,280.05999755859375,281.4800109863281,281.09814453125,74876000,0.0,0.0
2025-10-31 00:00:00-04:00,283.2099914550781,286.0,277.0299987792969,281.19000244140625,280.80853271484375,39267900,0.0,0.0
2025-11-03 00:00:00-05:00,282.17999267578125,285.5299987792969,279.79998779296875,283.7200012207031,283.3350830078125,29786000,0.0,0.0
2025-11-04 00:00:00-05:00,276.75,281.2699890136719,276.260009765625,277.5400085449219,277.1634826660156,30078400,0.0,0.0
2025-11-05 00:00:00-05:00,278.8699951171875,286.4200134277344,277.3399963378906,284.30999755859375,283.9242858886719,31010300,0.0,0.0
2025-11-06 00:00:00-05:00,285.3299865722656,288.3500061035156,281.1400146484375,284.75,284.36370849609375,37173600,0.0,0.0
2025-11-07 00:00:00-05:00,283.2099914550781,283.7799987792969,275.19000244140625,278.8299865722656,278.4516906738281,34479600,0.0,0.0
2025-11-10 00:00:00-05:00,284.4200134277344,290.79998779296875,282.8599853515625,290.1000061035156,289.7064208984375,29557300,0.0,0.0
2025-11-11 00:00:00-05:00,287.75,291.9200134277344,287.32000732421875,291.30999755859375,290.9147644042969,19842100,0.0,0.0
2025-11-12 00:00:00-05:00,291.67999267578125,292.010009765625,283.69000244140625,286.7099914550781,286.3210144042969,24829900,0.0,0.0
2025-11-13 00:00:00-05:00,282.3399963378906,282.8399963378906,277.239990234375,278.57000732421875,278.19207763671875,29494000,0.0,0.0
2025-11-14 00:00:00-05:00,271.4100036621094,278.55999755859375,270.70001220703125,276.4100036621094,276.0350036621094,31647200,0.0,0.0
2025-11-17 00:00:00-05:00,285.7799987792969,293.95001220703125,283.57000732421875,285.0199890136719,284.63330078125,52670200,0.0,0.0
2025-11-18 00:00:00-05:00,287.9200134277344,288.79998779296875,278.20001220703125,284.2799987792969,283.8943176269531,49158700,0.0,0.0
2025-11-19 00:00:00-05:00,287.1600036621094,303.80999755859375,286.6300048828125,292.80999755859375,292.4127502441406,68198900,0.0,0.0
2025-11-20 00:00:00-05:00,304.5400085449219,306.4200134277344,288.6700134277344,289.45001220703125,289.05731201171875,62025200,0.0,0.0
2025-11-21 00:00:00-05:00,296.4200134277344,303.9200134277344,293.8500061035156,299.6600036621094,299.2534484863281,74137700,0.0,0.0
2025-11-24 00:00:00-05:00,311.1300048828125,319.4800109863281,309.6000061035156,318.5799865722656,318.14776611328125,85165100,0.0,0.0
2025-11-25 00:00:00-05:00,326.2099914550781,328.8299865722656,317.6499938964844,323.44000244140625,323.0011901855469,88632100,0.0,0.0
2025-11-26 00:00:00-05:00,320.67999267578125,324.5,316.7900085449219,319.95001220703125,319.5159606933594,51373400,0.0,0.0
2025-11-28 00:00:00-05:00,323.3699951171875,326.8500061035156,316.7900085449219,320.17999267578125,319.74560546875,26018600,0.0,0.0
2025-12-01 00:00:00-05:00,317.70001220703125,319.8500061035156,313.8900146484375,314.8900146484375,314.4627990722656,41183000,0.0,0.0
2025-12-02 00:00:00-05:00,316.739990234375,318.3800048828125,313.9100036621094,315.80999755859375,315.38153076171875,35854700,0.0,0.0
2025-12-03 00:00:00-05:00,315.8900146484375,321.5799865722656,314.1000061035156,319.6300048828125,319.1963806152344,41838300,0.0,0.0
2025-12-04 00:00:00-05:00,322.2300109863281,322.3599853515625,314.70001220703125,317.6199951171875,317.1890869140625,31240900,0.0,0.0
2025-12-05 00:00:00-05:00,319.489990234375,323.1600036621094,319.1700134277344,321.2699890136719,320.8341064453125,28851700,0.0,0.0
2025-12-08 00:00:00-05:00,320.04998779296875,320.44000244140625,311.2200012207031,313.7200012207031,313.49932861328125,33909400,0.21,0.0
2025-12-09 00:00:00-05:00,312.3699951171875,317.989990234375,311.8999938964844,317.0799865722656,316.85693359375,30194000,0.0,0.0
2025-12-10 00:00:00-05:00,315.8299865722656,321.30999755859375,314.67999267578125,320.2099914550781,319.9847412109375,33428900,0.0,0.0
2025-12-11 00:00:00-05:00,320.0799865722656,321.1199951171875,308.6000061035156,312.42999267578125,312.210205078125,42353700,0.0,0.0
2025-12-12 00:00:00-05:00,313.70001220703125,314.8699951171875,305.55999755859375,309.2900085449219,309.07244873046875,35940200,0.0,0.0
2025-12-15 00:00:00-05:00,311.32000732421875,311.4200134277344,304.8800048828125,308.2200012207031,308.003173828125,29151900,0.0,0.0
2025-12-16 00:00:00-05:00,304.95001220703125,310.7699890136719,302.5899963378906,306.57000732421875,306.3543395996094,30585000,0.0,0.0
2025-12-17 00:00:00-05:00,308.010009765625,308.0899963378906,296.1199951171875,296.7200012207031,296.5112609863281,43930400,0.0,0.0
2025-12-18 00:00:00-05:00,301.7200012207031,303.9599914550781,299.2300109863281,302.4599914550781,302.2472229003906,33518000,0.0,0.0
2025-12-19 00:00:00-05:00,301.7300109863281,307.25,300.9700012207031,307.1600036621094,306.9439392089844,59943200,0.0,0.0
2025-12-22 00:00:00-05:00,309.8800048828125,310.1300048828125,305.29998779296875,309.7799987792969,309.56207275390625,26429900,0.0,0.0
2025-12-23 00:00:00-05:00,309.6300048828125,314.94000244140625,309.32000732421875,314.3500061035156,314.1288757324219,25478700,0.0,0.0
2025-12-24 00:00:00-05:00,314.7699890136719,315.0799865722656,311.9200134277344,314.0899963378906,313.8690490722656,10097400,0.0,0.0
2025-12-26 00:00:00-05:00,314.4800109863281,315.0899963378906,312.2799987792969,313.510009765625,313.2894592285156,10899000,0.0,0.0
2025-12-29 00:00:00-05:00,311.3699951171875,314.0199890136719,310.6199951171875,313.55999755859375,313.33941650390625,19621800,0.0,0.0
2025-12-30 00:00:00-05:00,312.5,316.95001220703125,312.4599914550781,313.8500061035156,313.6292419433594,17380900,0.0,0.0
2025-12-31 00:00:00-05:00,312.8500061035156,314.5799865722656,311.44000244140625,313.0,312.7798156738281,16377700,0.0,0.0
2026-01-02 00:00:00-05:00,316.8999938964844,322.5,310.3299865722656,315.1499938964844,314.9283142089844,32009400,0.0,0.0
2026-01-05 00:00:00-05:00,317.6600036621094,319.0199890136719,314.6300048828125,316.5400085449219,316.3173522949219,30195600,0.0,0.0
2026-01-06 00:00:00-05:00,316.3999938964844,320.94000244140625,311.7799987792969,314.3399963378906,314.1188659667969,31212100,0.0,0.0
2026-01-07 00:00:00-05:00,314.3599853515625,326.1499938964844,314.19000244140625,321.9800109863281,321.7535095214844,35104400,0.0,0.0
2026-01-08 00:00:00-05:00,328.9700012207031,330.32000732421875,321.5,325.44000244140625,325.2110595703125,31896100,0.0,0.0
2026-01-09 00:00:00-05:00,327.0899963378906,330.8299865722656,325.79998779296875,328.57000732421875,328.3388671875,26214200,0.0,0.0
2026-01-12 00:00:00-05:00,325.79998779296875,334.0400085449219,325.0,331.8599853515625,331.62652587890625,33923900,0.0,0.0
2026-01-13 00:00:00-05:00,334.95001220703125,340.489990234375,333.6199951171875,335.9700012207031,335.7336730957031,33517600,0.0,0.0
2026-01-14 00:00:00-05:00,335.05999755859375,336.5199890136719,330.4800109863281,335.8399963378906,335.603759765625,28525600,0.0,0.0
2026-01-15 00:00:00-05:00,337.6499938964844,337.69000244140625,330.739990234375,332.7799987792969,332.5458984375,28442400,0.0,0.0
2026-01-16 00:00:00-05:00,334.4100036621094,334.6499938964844,327.70001220703125,330.0,329.7678527832031,40341600,0.0,0.0
2026-01-20 00:00:00-05:00,320.8699951171875,327.7300109863281,320.42999267578125,322.0,321.77349853515625,35361000,0.0,0.0
2026-01-21 00:00:00-05:00,320.9200134277344,332.4800109863281,319.3500061035156,328.3800048828125,328.1490173339844,35386600,0.0,0.0
2026-01-22 00:00:00-05:00,334.45001220703125,335.1499938964844,328.75,330.5400085449219,330.3074951171875,26253600,0.0,0.0
2026-01-23 00:00:00-05:00,332.489990234375,333.69000244140625,327.45001220703125,327.92999267578125,327.6993103027344,27280000,0.0,0.0
2026-01-26 00:00:00-05:00,327.80999755859375,335.8399963378906,327.0,333.260009765625,333.02557373046875,26042100,0.0,0.0
2026-01-27 00:00:00-05:00,335.3699951171875,337.9100036621094,333.4800109863281,334.54998779296875,334.31463623046875,21636200,0.0,0.0
2026-01-28 00:00:00-05:00,336.05999755859375,337.5400085449219,331.94000244140625,336.010009765625,335.7736511230469,27434400,0.0,0.0
2026-01-29 00:00:00-05:00,340.29998779296875,342.2900085449219,326.5400085449219,338.25,338.0120544433594,39785600,0.0,0.0
2026-01-30 00:00:00-05:00,340.0,340.0,332.2900085449219,338.0,337.7622375488281,31024000,0.0,0.0
2026-02-02 00:00:00-05:00,336.2200012207031,344.8299865722656,335.6300048828125,343.69000244140625,343.4482421875,32006100,0.0,0.0
2026-02-03 00:00:00-05:00,347.3399963378906,349.0,337.4700012207031,339.7099914550781,339.47100830078125,36506700,0.0,0.0
2026-02-04 00:00:00-05:00,342.9599914550781,343.30999755859375,328.5199890136719,333.0400085449219,332.80572509765625,70618400,0.0,0.0
2026-02-05 00:00:00-05:00,312.2200012207031,332.69000244140625,306.4599914550781,331.25,331.0169677734375,88205800,0.0,0.0
2026-02-06 00:00:00-05:00,327.17999267578125,330.3800048828125,319.9200134277344,322.8599853515625,322.63287353515625,56380500,0.0,0.0
2026-02-09 00:00:00-05:00,320.92999267578125,327.70001220703125,317.260009765625,324.32000732421875,324.09185791015625,39640100,0.0,0.0
2026-02-10 00:00:00-05:00,320.9700012207031,321.6700134277344,314.6099853515625,318.5799865722656,318.3558654785156,39170000,0.0,0.0
2026-02-11 00:00:00-05:00,318.9700012207031,321.05999755859375,309.6600036621094,310.9599914550781,310.7412414550781,45406400,0.0,0.0
2026-02-12 00:00:00-05:00,312.0899963378906,316.239990234375,307.20001220703125,309.0,308.7826232910156,47761300,0.0,0.0
2026-02-13 00:00:00-05:00,307.7300109863281,308.6300048828125,303.7099914550781,305.7200012207031,305.50494384765625,38499700,0.0,0.0
2026-02-17 00:00:00-05:00,300.0400085449219,304.44000244140625,296.25,302.0199890136719,301.8075256347656,39247600,0.0,0.0
2026-02-18 00:00:00-05:00,302.0899963378906,305.3800048828125,301.25,303.3299865722656,303.1166076660156,28482100,0.0,0.0
2026-02-19 00:00:00-05:00,301.82000732421875,305.4700012207031,300.0400085449219,302.8500061035156,302.636962890625,25834400,0.0,0.0
2026-02-20 00:00:00-05:00,304.32000732421875,316.5,303.8999938964844,314.9800109863281,314.7584228515625,53210800,0.0,0.0
2026-02-23 00:00:00-05:00,319.04998779296875,319.5199890136719,309.8699951171875,311.489990234375,311.2708740234375,31423000,0.0,0.0
2026-02-24 00:00:00-05:00,310.5199890136719,312.2699890136719,305.92999267578125,310.8999938964844,310.6813049316406,25615600,0.0,0.0
2026-02-25 00:00:00-05:00,312.05999755859375,313.6400146484375,309.44000244140625,312.8999938964844,312.67987060546875,29963600,0.0,0.0
2026-02-26 00:00:00-05:00,312.6400146484375,313.1400146484375,302.3500061035156,307.3800048828125,307.1637878417969,36431200,0.0,0.0
2026-02-27 00:00:00-05:00,304.1400146484375,312.3699951171875,303.79998779296875,311.760009765625,311.54071044921875,44640600,0.0,0.0
2026-03-02 00:00:00-05:00,303.2300109863281,308.489990234375,301.29998779296875,306.5199890136719,306.3043518066406,34790200,0.0,0.0
2026-03-03 00:00:00-05:00,298.5899963378906,303.94000244140625,296.7099914550781,303.5799865722656,303.3664245605469,35497000,0.0,0.0
2026-03-04 00:00:00-05:00,302.8900146484375,305.4700012207031,300.75,303.1300048828125,302.9167785644531,29536200,0.0,0.0
2026-03-05 00:00:00-05:00,303.0400085449219,303.29998779296875,297.989990234375,300.8800048828125,300.6683349609375,35752300,0.0,0.0
2026-03-06 00:00:00-05:00,296.0899963378906,300.5299987792969,295.17999267578125,298.5199890136719,298.30999755859375,25576900,0.0,0.0
2026-03-09 00:00:00-04:00,294.3599853515625,306.79998779296875,294.0799865722656,306.3599853515625,306.3599853515625,29312100,0.21,0.0
2026-03-10 00:00:00-04:00,306.1700134277344,309.510009765625,305.57000732421875,307.0400085449219,307.0400085449219,23239700,0.0,0.0
2026-03-11 00:00:00-04:00,306.75,311.4200134277344,305.9200134277344,308.70001220703125,308.70001220703125,24125700,0.0,0.0
2026-03-12 00:00:00-04:00,306.82000732421875,308.94000244140625,301.0299987792969,303.54998779296875,303.54998779296875,24928300,0.0,0.0
2026-03-13 00:00:00-04:00,307.010009765625,307.69000244140625,300.44000244140625,302.2799987792969,302.2799987792969,23693100,0.0,0.0
2026-03-16 00:00:00-04:00,304.3500061035156,306.489990234375,303.0199890136719,305.55999755859375,305.55999755859375,23519700,0.0,0.0
2026-03-17 00:00:00-04:00,305.8599853515625,311.4200134277344,305.5,310.9200134277344,310.9200134277344,21955200,0.0,0.0
2026-03-18 00:00:00-04:00,309.2699890136719,312.4700012207031,306.92999267578125,307.69000244140625,307.69000244140625,20009800,0.0,0.0
2026-03-19 00:00:00-04:00,304.010009765625,308.05999755859375,302.3500061035156,307.1300048828125,307.1300048828125,25075800,0.0,0.0
2026-03-20 00:00:00-04:00,305.4599914550781,306.0,298.2699890136719,301.0,301.0,44364100,0.0,0.0
2026-03-23 00:00:00-04:00,302.1099853515625,305.9800109863281,300.92999267578125,302.05999755859375,302.05999755859375,29326900,0.0,0.0
2026-03-24 00:00:00-04:00,299.20001220703125,299.9200134277344,290.3299865722656,290.44000244140625,290.44000244140625,36864300,0.0,0.0
2026-03-25 00:00:00-04:00,293.44000244140625,296.0,289.239990234375,290.92999267578125,290.92999267578125,29460700,0.0,0.0
2026-03-26 00:00:00-04:00,287.9100036621094,287.95001220703125,278.5,280.9200134277344,280.9200134277344,39080600,0.0,0.0
2026-03-27 00:00:00-04:00,277.2799987792969,279.3699951171875,273.95001220703125,274.3399963378906,274.3399963378906,35890600,0.0,0.0
2026-03-30 00:00:00-04:00,276.4200134277344,277.0899963378906,272.1099853515625,273.5,273.5,35141200,0.0,0.0
2026-03-31 00:00:00-04:00,278.0400085449219,288.0799865722656,277.0899963378906,287.55999755859375,287.55999755859375,43875400,0.0,0.0
2026-04-01 00:00:00-04:00,290.8399963378906,300.5199890136719,290.4100036621094,297.3900146484375,297.3900146484375,37684500,0.0,0.0
2026-04-02 00:00:00-04:00,290.69000244140625,298.0799865722656,289.45001220703125,295.7699890136719,295.7699890136719,21666500,0.0,0.0
2026-04-06 00:00:00-04:00,296.0799865722656,298.6400146484375,295.17999267578125,297.04998779296875,297.04998779296875,2473945,0.0,0.0
