Date,open,high,low,close,adj close,volume,dividends,stock splits
2023-04-06 00:00:00-04:00,26.583999633789062,27.079999923706055,26.427000045776367,27.03700065612793,27.013086318969727,397654000,0.0,0.0
2023-04-10 00:00:00-04:00,26.822999954223633,27.621000289916992,26.66900062561035,27.57900047302246,27.554609298706055,395279000,0.0,0.0
2023-04-11 00:00:00-04:00,27.724000930786133,27.790000915527344,27.125999450683594,27.16900062561035,27.144969940185547,314378000,0.0,0.0
2023-04-12 00:00:00-04:00,27.3700008392334,27.468000411987305,26.447999954223633,26.4950008392334,26.471569061279297,446259000,0.0,0.0
2023-04-13 00:00:00-04:00,26.733999252319336,26.886999130249023,26.32900047302246,26.46299934387207,26.439594268798828,353615000,0.0,0.0
2023-04-14 00:00:00-04:00,26.503999710083008,26.882999420166016,26.219999313354492,26.757999420166016,26.73433494567871,395660000,0.0,0.0
2023-04-17 00:00:00-04:00,26.565000534057617,27.006000518798828,26.433000564575195,27.00200080871582,26.97811508178711,321471000,0.0,0.0
2023-04-18 00:00:00-04:00,27.533000946044922,28.110000610351562,27.35700035095215,27.66699981689453,27.642528533935547,604812000,0.0,0.0
2023-04-19 00:00:00-04:00,27.361000061035156,28.0,27.23200035095215,27.930999755859375,27.906295776367188,358660000,0.0,0.0
2023-04-20 00:00:00-04:00,27.67099952697754,28.030000686645508,27.0,27.104000091552734,27.080028533935547,427713000,0.0,0.0
2023-04-21 00:00:00-04:00,26.95199966430664,27.183000564575195,26.722000122070312,27.118999481201172,27.095012664794922,345103000,0.0,0.0
2023-04-24 00:00:00-04:00,27.01300048828125,27.365999221801758,26.67099952697754,27.04199981689453,27.018083572387695,339282000,0.0,0.0
2023-04-25 00:00:00-04:00,27.077999114990234,27.246999740600586,26.225000381469727,26.240999221801758,26.217790603637695,378527000,0.0,0.0
2023-04-26 00:00:00-04:00,27.00200080871582,27.329999923706055,26.704999923706055,26.95599937438965,26.932157516479492,406337000,0.0,0.0
2023-04-27 00:00:00-04:00,27.363000869750977,27.4950008392334,26.625,27.22599983215332,27.201921463012695,377161000,0.0,0.0
2023-04-28 00:00:00-04:00,27.225000381469727,27.757999420166016,27.070999145507812,27.749000549316406,27.724458694458008,292216000,0.0,0.0
2023-05-01 00:00:00-04:00,27.84000015258789,29.058000564575195,27.780000686645508,28.90999984741211,28.884429931640625,570329000,0.0,0.0
2023-05-02 00:00:00-04:00,28.68000030517578,28.836000442504883,28.08300018310547,28.209999084472656,28.185047149658203,402730000,0.0,0.0
2023-05-03 00:00:00-04:00,27.84000015258789,28.367000579833984,27.472000122070312,27.802000045776367,27.77741050720215,383387000,0.0,0.0
2023-05-04 00:00:00-04:00,27.650999069213867,27.858999252319336,27.239999771118164,27.562000274658203,27.537622451782227,321850000,0.0,0.0
2023-05-05 00:00:00-04:00,27.826000213623047,28.7549991607666,27.731000900268555,28.68000030517578,28.65463638305664,361494000,0.0,0.0
2023-05-08 00:00:00-04:00,28.52199935913086,29.219999313354492,28.350000381469727,29.150999069213867,29.125215530395508,344979000,0.0,0.0
2023-05-09 00:00:00-04:00,28.89900016784668,28.972999572753906,28.450000762939453,28.570999145507812,28.545730590820312,314869000,0.0,0.0
2023-05-10 00:00:00-04:00,29.0049991607666,29.113000869750977,28.461000442504883,28.885000228881836,28.859453201293945,369350000,0.0,0.0
2023-05-11 00:00:00-04:00,28.895999908447266,28.950000762939453,28.246000289916992,28.577999114990234,28.552724838256836,322149000,0.0,0.0
2023-05-12 00:00:00-04:00,28.52899932861328,28.780000686645508,28.04599952697754,28.34000015258789,28.31493377685547,274222000,0.0,0.0
2023-05-15 00:00:00-04:00,28.507999420166016,28.9689998626709,28.152000427246094,28.952999114990234,28.927391052246094,293926000,0.0,0.0
2023-05-16 00:00:00-04:00,28.840999603271484,29.8700008392334,28.832000732421875,29.21299934387207,29.187162399291992,449405000,0.0,0.0
2023-05-17 00:00:00-04:00,29.583999633789062,30.198999404907227,29.43000030517578,30.17799949645996,30.151308059692383,432535000,0.0,0.0
2023-05-18 00:00:00-04:00,30.40999984741211,31.827999114990234,30.31999969482422,31.67799949645996,31.649978637695312,748725000,0.0,0.0
2023-05-19 00:00:00-04:00,31.535999298095703,31.579999923706055,30.916000366210938,31.263999938964844,31.236345291137695,473908000,0.0,0.0
2023-05-22 00:00:00-04:00,30.900999069213867,31.520000457763672,30.68000030517578,31.176000595092773,31.14842987060547,372000000,0.0,0.0
2023-05-23 00:00:00-04:00,31.0,31.288000106811523,30.631000518798828,30.687999725341797,30.660858154296875,356253000,0.0,0.0
2023-05-24 00:00:00-04:00,30.209999084472656,30.60700035095215,29.805999755859375,30.538000106811523,30.510988235473633,721419000,0.0,0.0
2023-05-25 00:00:00-04:00,38.52299880981445,39.47999954223633,36.6349983215332,37.97999954223633,37.94640350341797,1543911000,0.0,0.0
2023-05-26 00:00:00-04:00,37.88999938964844,39.16999816894531,37.54999923706055,38.94599914550781,38.911556243896484,714397000,0.0,0.0
2023-05-30 00:00:00-04:00,40.595001220703125,41.9379997253418,39.94900131225586,40.111000061035156,40.075523376464844,923401000,0.0,0.0
2023-05-31 00:00:00-04:00,39.487998962402344,40.29499816894531,37.821998596191406,37.83399963378906,37.800537109375,1002580000,0.0,0.0
2023-06-01 00:00:00-04:00,38.48899841308594,40.04999923706055,38.34000015258789,39.77000045776367,39.73482131958008,635873000,0.0,0.0
2023-06-02 00:00:00-04:00,40.09700012207031,40.5,39.05799865722656,39.32699966430664,39.29220962524414,482731000,0.0,0.0
2023-06-05 00:00:00-04:00,38.909000396728516,39.564998626708984,38.707000732421875,39.17100143432617,39.1363525390625,396094000,0.0,0.0
2023-06-06 00:00:00-04:00,38.83000183105469,39.15999984741211,38.14799880981445,38.65399932861328,38.619815826416016,388729000,0.0,0.0
2023-06-07 00:00:00-04:00,38.915000915527344,39.499000549316406,37.35599899291992,37.474998474121094,37.44572448730469,511998000,0.004,0.0
2023-06-08 00:00:00-04:00,37.7239990234375,38.86399841308594,37.505001068115234,38.5099983215332,38.479923248291016,417772000,0.0,0.0
2023-06-09 00:00:00-04:00,39.0369987487793,39.71099853515625,38.56700134277344,38.77000045776367,38.739715576171875,427717000,0.0,0.0
2023-06-12 00:00:00-04:00,39.20000076293945,39.529998779296875,38.61800003051758,39.481998443603516,39.45116424560547,388701000,0.0,0.0
2023-06-13 00:00:00-04:00,40.18600082397461,41.10100173950195,39.7400016784668,41.02199935913086,40.989952087402344,613208000,0.0,0.0
2023-06-14 00:00:00-04:00,40.82400131225586,43.0,40.551998138427734,42.99700164794922,42.963417053222656,740465000,0.0,0.0
2023-06-15 00:00:00-04:00,42.60200119018555,43.28900146484375,42.14699935913086,42.65299987792969,42.61968994140625,568622000,0.0,0.0
2023-06-16 00:00:00-04:00,43.45000076293945,43.72100067138672,42.6609992980957,42.69200134277344,42.658653259277344,655709000,0.0,0.0
2023-06-20 00:00:00-04:00,42.99800109863281,43.9900016784668,42.67399978637695,43.80799865722656,43.773780822753906,451153000,0.0,0.0
2023-06-21 00:00:00-04:00,43.500999450683594,43.6150016784668,42.08000183105469,43.04499816894531,43.01137924194336,551603000,0.0,0.0
2023-06-22 00:00:00-04:00,42.25299835205078,43.42599868774414,42.23400115966797,43.025001525878906,42.991397857666016,417737000,0.0,0.0
2023-06-23 00:00:00-04:00,42.4640007019043,42.808998107910156,42.01499938964844,42.20899963378906,42.176029205322266,358140000,0.0,0.0
2023-06-26 00:00:00-04:00,42.46099853515625,42.763999938964844,40.099998474121094,40.63199996948242,40.60026168823242,594322000,0.0,0.0
2023-06-27 00:00:00-04:00,40.79899978637695,41.939998626708984,40.448001861572266,41.875999450683594,41.84328842163086,462175000,0.0,0.0
2023-06-28 00:00:00-04:00,40.65999984741211,41.845001220703125,40.518001556396484,41.117000579833984,41.08488464355469,582639000,0.0,0.0
2023-06-29 00:00:00-04:00,41.55799865722656,41.599998474121094,40.599998474121094,40.821998596191406,40.79011535644531,380514000,0.0,0.0
2023-06-30 00:00:00-04:00,41.68000030517578,42.54999923706055,41.500999450683594,42.301998138427734,42.268959045410156,501148000,0.0,0.0
2023-07-03 00:00:00-04:00,42.516998291015625,42.89799880981445,42.20199966430664,42.41299819946289,42.37986755371094,198209000,0.0,0.0
2023-07-05 00:00:00-04:00,42.1349983215332,43.176998138427734,42.084999084472656,42.31700134277344,42.2839469909668,323618000,0.0,0.0
2023-07-06 00:00:00-04:00,41.84400177001953,42.17900085449219,41.34600067138672,42.10300064086914,42.07011413574219,303582000,0.0,0.0
2023-07-07 00:00:00-04:00,42.321998596191406,43.2140007019043,42.18000030517578,42.50299835205078,42.46979522705078,355881000,0.0,0.0
2023-07-10 00:00:00-04:00,42.65700149536133,42.81100082397461,41.64899826049805,42.18000030517578,42.14706039428711,353908000,0.0,0.0
2023-07-11 00:00:00-04:00,42.48099899291992,42.757999420166016,42.06700134277344,42.404998779296875,42.37187194824219,298244000,0.0,0.0
2023-07-12 00:00:00-04:00,43.03300094604492,43.935001373291016,42.777000427246094,43.902000427246094,43.867706298828125,481277000,0.0,0.0
2023-07-13 00:00:00-04:00,44.518001556396484,46.154998779296875,44.492000579833984,45.97700119018555,45.94108581542969,478204000,0.0,0.0
2023-07-14 00:00:00-04:00,46.58300018310547,48.0880012512207,45.060001373291016,45.46900177001953,45.4334831237793,772075000,0.0,0.0
2023-07-17 00:00:00-04:00,46.28900146484375,46.49599838256836,45.262001037597656,46.46099853515625,46.424705505371094,510488000,0.0,0.0
2023-07-18 00:00:00-04:00,46.70100021362305,47.895999908447266,45.73400115966797,47.49399948120117,47.45689392089844,569164000,0.0,0.0
2023-07-19 00:00:00-04:00,47.4640007019043,47.81800079345703,46.742000579833984,47.07699966430664,47.040225982666016,427502000,0.0,0.0
2023-07-20 00:00:00-04:00,46.50699996948242,47.08700180053711,45.0620002746582,45.52000045776367,45.484439849853516,537865000,0.0,0.0
2023-07-21 00:00:00-04:00,45.78799819946289,45.86600112915039,44.099998474121094,44.308998107910156,44.27438735961914,963769000,0.0,0.0
2023-07-24 00:00:00-04:00,44.73099899291992,45.10900115966797,44.040000915527344,44.61199951171875,44.5771598815918,382516000,0.0,0.0
2023-07-25 00:00:00-04:00,44.941001892089844,46.18299865722656,44.92300033569336,45.67900085449219,45.64331817626953,348081000,0.0,0.0
2023-07-26 00:00:00-04:00,46.020999908447266,46.053001403808594,44.630001068115234,45.45199966430664,45.4164924621582,364237000,0.0,0.0
2023-07-27 00:00:00-04:00,46.51900100708008,47.39500045776367,45.75,45.900001525878906,45.86415100097656,455976000,0.0,0.0
2023-07-28 00:00:00-04:00,46.667999267578125,47.027000427246094,46.38100051879883,46.75,46.713478088378906,331194000,0.0,0.0
2023-07-31 00:00:00-04:00,46.75400161743164,47.130001068115234,46.50600051879883,46.729000091552734,46.692501068115234,251055000,0.0,0.0
2023-08-01 00:00:00-04:00,46.459999084472656,46.900001525878906,46.027000427246094,46.50699996948242,46.470672607421875,237858000,0.0,0.0
2023-08-02 00:00:00-04:00,45.83100128173828,45.84000015258789,43.387001037597656,44.26900100708008,44.23442077636719,530142000,0.0,0.0
2023-08-03 00:00:00-04:00,43.79999923706055,45.11800003051758,43.79999923706055,44.51499938964844,44.48023223876953,324176000,0.0,0.0
2023-08-04 00:00:00-04:00,44.98500061035156,45.641998291015625,44.393001556396484,44.68000030517578,44.64509582519531,362666000,0.0,0.0
2023-08-07 00:00:00-04:00,45.111000061035156,45.540000915527344,44.5629997253418,45.41699981689453,45.381526947021484,322154000,0.0,0.0
2023-08-08 00:00:00-04:00,44.85300064086914,45.242000579833984,44.055999755859375,44.66400146484375,44.629119873046875,353843000,0.0,0.0
2023-08-09 00:00:00-04:00,44.27399826049805,44.3120002746582,42.13399887084961,42.55400085449219,42.5207633972168,586449000,0.0,0.0
2023-08-10 00:00:00-04:00,42.15999984741211,43.57400131225586,41.834999084472656,42.38800048828125,42.354896545410156,492705000,0.0,0.0
2023-08-11 00:00:00-04:00,41.750999450683594,42.018001556396484,40.638999938964844,40.85499954223633,40.823081970214844,533085000,0.0,0.0
2023-08-14 00:00:00-04:00,40.486000061035156,43.79999923706055,40.31100082397461,43.75299835205078,43.71882629394531,690286000,0.0,0.0
2023-08-15 00:00:00-04:00,44.560001373291016,45.268001556396484,43.709999084472656,43.939998626708984,43.905677795410156,676512000,0.0,0.0
2023-08-16 00:00:00-04:00,44.52000045776367,44.67499923706055,43.40599822998047,43.486000061035156,43.4520263671875,527451000,0.0,0.0
2023-08-17 00:00:00-04:00,43.970001220703125,44.0620002746582,43.000999450683594,43.34400177001953,43.310150146484375,452395000,0.0,0.0
2023-08-18 00:00:00-04:00,42.6349983215332,43.577999114990234,41.65999984741211,43.29899978637695,43.26518249511719,583768000,0.0,0.0
2023-08-21 00:00:00-04:00,44.49399948120117,47.064998626708984,44.22200012207031,46.96699905395508,46.93031311035156,692573000,0.0,0.0
2023-08-22 00:00:00-04:00,48.1349983215332,48.1870002746582,45.33300018310547,45.667999267578125,45.632328033447266,755293000,0.0,0.0
2023-08-23 00:00:00-04:00,45.86600112915039,47.20000076293945,45.20800018310547,47.11600112915039,47.07920455932617,779046000,0.0,0.0
2023-08-24 00:00:00-04:00,50.215999603271484,50.26599884033203,47.159000396728516,47.16299819946289,47.12615966796875,1156044000,0.0,0.0
2023-08-25 00:00:00-04:00,47.012001037597656,47.80500030517578,45.02399826049805,46.018001556396484,45.98204803466797,925341000,0.0,0.0
2023-08-28 00:00:00-04:00,46.481998443603516,46.97999954223633,44.88800048828125,46.834999084472656,46.79841613769531,685192000,0.0,0.0
2023-08-29 00:00:00-04:00,46.66600036621094,49.08100128173828,46.39099884033203,48.784000396728516,48.74589157104492,701397000,0.0,0.0
2023-08-30 00:00:00-04:00,49.04399871826172,49.926998138427734,48.42499923706055,49.263999938964844,49.22551727294922,735206000,0.0,0.0
2023-08-31 00:00:00-04:00,49.380001068115234,49.74399948120117,48.95800018310547,49.35499954223633,49.31644821166992,528570000,0.0,0.0
2023-09-01 00:00:00-04:00,49.762001037597656,49.79999923706055,48.141998291015625,48.50899887084961,48.47111511230469,463830000,0.0,0.0
2023-09-05 00:00:00-04:00,48.222999572753906,48.85100173950195,47.86000061035156,48.54800033569336,48.51008605957031,382653000,0.0,0.0
2023-09-06 00:00:00-04:00,48.441001892089844,48.54899978637695,46.58000183105469,47.06100082397461,47.02811813354492,468670000,0.004,0.0
2023-09-07 00:00:00-04:00,45.525001525878906,46.34400177001953,45.152000427246094,46.24100112915039,46.20868682861328,433330000,0.0,0.0
2023-09-08 00:00:00-04:00,45.94200134277344,46.60599899291992,45.270999908447266,45.571998596191406,45.54015350341797,473069000,0.0,0.0
2023-09-11 00:00:00-04:00,46.14799880981445,46.16299819946289,44.3120002746582,45.178001403808594,45.146427154541016,473966000,0.0,0.0
2023-09-12 00:00:00-04:00,44.737998962402344,45.67300033569336,44.53099822998047,44.869998931884766,44.83864974975586,349256000,0.0,0.0
2023-09-13 00:00:00-04:00,44.599998474121094,45.93000030517578,44.50299835205078,45.48500061035156,45.45322036743164,398355000,0.0,0.0
2023-09-14 00:00:00-04:00,45.95000076293945,45.98699951171875,45.13100051879883,45.58100128173828,45.54915237426758,370097000,0.0,0.0
2023-09-15 00:00:00-04:00,45.340999603271484,45.5989990234375,43.80799865722656,43.900001525878906,43.86932373046875,506831000,0.0,0.0
2023-09-18 00:00:00-04:00,42.74800109863281,44.242000579833984,42.0,43.965999603271484,43.93526840209961,500271000,0.0,0.0
2023-09-19 00:00:00-04:00,43.83300018310547,43.965999603271484,43.00199890136719,43.52000045776367,43.48958969116211,373064000,0.0,0.0
2023-09-20 00:00:00-04:00,43.599998474121094,43.90299987792969,42.222999572753906,42.23899841308594,42.2094841003418,367108000,0.0,0.0
2023-09-21 00:00:00-04:00,41.58300018310547,42.099998474121094,40.97999954223633,41.016998291015625,40.98833465576172,450736000,0.0,0.0
2023-09-22 00:00:00-04:00,41.571998596191406,42.1150016784668,41.23099899291992,41.61000061035156,41.58092498779297,479236000,0.0,0.0
2023-09-25 00:00:00-04:00,41.590999603271484,42.5359992980957,41.176998138427734,42.22200012207031,42.1924934387207,419091000,0.0,0.0
2023-09-26 00:00:00-04:00,42.000999450683594,42.81999969482422,41.654998779296875,41.9109992980957,41.881717681884766,402282000,0.0,0.0
2023-09-27 00:00:00-04:00,42.33000183105469,42.87200164794922,41.62900161743164,42.46799850463867,42.43832778930664,444935000,0.0,0.0
2023-09-28 00:00:00-04:00,42.459999084472656,43.44599914550781,42.1150016784668,43.0890007019043,43.058895111083984,424663000,0.0,0.0
2023-09-29 00:00:00-04:00,43.82699966430664,44.14400100708008,43.30699920654297,43.499000549316406,43.468605041503906,397830000,0.0,0.0
2023-10-02 00:00:00-04:00,44.029998779296875,45.17499923706055,43.861000061035156,44.78200149536133,44.75071334838867,433298000,0.0,0.0
2023-10-03 00:00:00-04:00,44.80799865722656,45.130001068115234,43.24599838256836,43.516998291015625,43.48658752441406,470850000,0.0,0.0
2023-10-04 00:00:00-04:00,43.742000579833984,44.143001556396484,43.29199981689453,44.04100036621094,44.010231018066406,361821000,0.0,0.0
2023-10-05 00:00:00-04:00,44.04999923706055,44.900001525878906,43.88800048828125,44.6879997253418,44.656776428222656,393483000,0.0,0.0
2023-10-06 00:00:00-04:00,44.19300079345703,45.78900146484375,44.0260009765625,45.762001037597656,45.73002624511719,434436000,0.0,0.0
2023-10-09 00:00:00-04:00,44.84199905395508,45.60499954223633,44.36800003051758,45.27299880981445,45.241363525390625,409675000,0.0,0.0
2023-10-10 00:00:00-04:00,45.310001373291016,46.25899887084961,45.0880012512207,45.79800033569336,45.7659912109375,368582000,0.0,0.0
2023-10-11 00:00:00-04:00,46.19599914550781,46.85900115966797,46.04999923706055,46.805999755859375,46.773292541503906,378137000,0.0,0.0
2023-10-12 00:00:00-04:00,46.777000427246094,47.60900115966797,46.33000183105469,46.94499969482422,46.912193298339844,481325000,0.0,0.0
2023-10-13 00:00:00-04:00,46.959999084472656,47.11600112915039,45.279998779296875,45.46099853515625,45.42922592163086,474115000,0.0,0.0
2023-10-16 00:00:00-04:00,45.0629997253418,46.224998474121094,44.9119987487793,46.095001220703125,46.06279373168945,375099000,0.0,0.0
2023-10-17 00:00:00-04:00,44.0,44.75400161743164,42.47999954223633,43.9379997253418,43.90729904174805,812333000,0.0,0.0
2023-10-18 00:00:00-04:00,42.590999603271484,43.21900177001953,41.82500076293945,42.19599914550781,42.1665153503418,627294000,0.0,0.0
2023-10-19 00:00:00-04:00,42.81100082397461,43.297000885009766,41.88199996948242,42.10100173950195,42.07158279418945,501233000,0.0,0.0
2023-10-20 00:00:00-04:00,41.88999938964844,42.470001220703125,41.077999114990234,41.387001037597656,41.35808181762695,477266000,0.0,0.0
2023-10-23 00:00:00-04:00,41.229000091552734,43.24800109863281,40.94499969482422,42.974998474121094,42.944969177246094,478530000,0.0,0.0
2023-10-24 00:00:00-04:00,43.07699966430664,43.696998596191406,42.691001892089844,43.66299819946289,43.63248825073242,401463000,0.0,0.0
2023-10-25 00:00:00-04:00,43.39799880981445,43.650001525878906,41.55500030517578,41.77899932861328,41.74980545043945,398379000,0.0,0.0
2023-10-26 00:00:00-04:00,41.85300064086914,42.25600051879883,39.880001068115234,40.32600021362305,40.297821044921875,541001000,0.0,0.0
2023-10-27 00:00:00-04:00,41.130001068115234,41.20600128173828,40.01499938964844,40.5,40.471702575683594,416784000,0.0,0.0
2023-10-30 00:00:00-04:00,41.08700180053711,41.76599884033203,40.48099899291992,41.1609992980957,41.132240295410156,388028000,0.0,0.0
2023-10-31 00:00:00-04:00,40.45000076293945,40.87900161743164,39.22999954223633,40.779998779296875,40.75150680541992,517969000,0.0,0.0
2023-11-01 00:00:00-04:00,40.88399887084961,42.38100051879883,40.86899948120117,42.32500076293945,42.295433044433594,437593000,0.0,0.0
2023-11-02 00:00:00-04:00,43.327999114990234,43.88399887084961,42.89400100708008,43.50600051879883,43.47560119628906,409172000,0.0,0.0
2023-11-03 00:00:00-04:00,44.02000045776367,45.308998107910156,43.722999572753906,45.005001068115234,44.97355270385742,424610000,0.0,0.0
2023-11-06 00:00:00-05:00,45.28499984741211,45.935001373291016,44.89899826049805,45.750999450683594,45.719024658203125,400733000,0.0,0.0
2023-11-07 00:00:00-05:00,45.71900177001953,46.21799850463867,45.15800094604492,45.95500183105469,45.922889709472656,343165000,0.0,0.0
2023-11-08 00:00:00-05:00,46.099998474121094,46.867000579833984,45.96799850463867,46.57400131225586,46.54145431518555,346719000,0.0,0.0
2023-11-09 00:00:00-05:00,47.46699905395508,48.22999954223633,46.75,46.95000076293945,46.91719436645508,540496000,0.0,0.0
2023-11-10 00:00:00-05:00,47.5,48.47200012207031,47.28300094604492,48.334999084472656,48.30121994018555,421245000,0.0,0.0
2023-11-13 00:00:00-05:00,48.31999969482422,49.11600112915039,48.0989990234375,48.619998931884766,48.586021423339844,384136000,0.0,0.0
2023-11-14 00:00:00-05:00,49.68000030517578,49.83399963378906,49.040000915527344,49.65599822998047,49.621299743652344,416954000,0.0,0.0
2023-11-15 00:00:00-05:00,49.935001373291016,49.959999084472656,48.20000076293945,48.88800048828125,48.85383987426758,475497000,0.0,0.0
2023-11-16 00:00:00-05:00,48.67900085449219,49.525001525878906,48.33000183105469,49.47999954223633,49.44542694091797,339756000,0.0,0.0
2023-11-17 00:00:00-05:00,49.52399826049805,49.71699905395508,49.00699996948242,49.29800033569336,49.2635612487793,325205000,0.0,0.0
2023-11-20 00:00:00-05:00,49.3120002746582,50.54800033569336,49.180999755859375,50.409000396728516,50.373775482177734,414120000,0.0,0.0
2023-11-21 00:00:00-05:00,50.125999450683594,50.516998291015625,49.22200012207031,49.944000244140625,49.90910339355469,565747000,0.0,0.0
2023-11-22 00:00:00-05:00,49.85200119018555,50.334999084472656,47.689998626708984,48.715999603271484,48.68195343017578,899420000,0.0,0.0
2023-11-24 00:00:00-05:00,48.470001220703125,48.92100143432617,47.744998931884766,47.7760009765625,47.74261474609375,294645000,0.0,0.0
2023-11-27 00:00:00-05:00,47.79999923706055,48.529998779296875,47.652000427246094,48.242000579833984,48.208290100097656,395662000,0.0,0.0
2023-11-28 00:00:00-05:00,48.236000061035156,48.323001861572266,47.472999572753906,47.82099914550781,47.7875862121582,401491000,0.0,0.0
2023-11-29 00:00:00-05:00,48.37900161743164,48.762001037597656,47.86000061035156,48.13999938964844,48.10636520385742,382005000,0.0,0.0
2023-11-30 00:00:00-05:00,48.02399826049805,48.11000061035156,46.422000885009766,46.77000045776367,46.737327575683594,526247000,0.0,0.0
2023-12-01 00:00:00-05:00,46.525001525878906,47.20000076293945,46.1870002746582,46.76499938964844,46.73232650756836,369317000,0.0,0.0
2023-12-04 00:00:00-05:00,46.07699966430664,46.07699966430664,45.0099983215332,45.5099983215332,45.47819519042969,437543000,0.0,0.0
2023-12-05 00:00:00-05:00,45.465999603271484,46.599998474121094,45.270999908447266,46.566001892089844,46.53755187988281,371718000,0.004,0.0
2023-12-06 00:00:00-05:00,47.21500015258789,47.387001037597656,45.4119987487793,45.50299835205078,45.47520446777344,380590000,0.0,0.0
2023-12-07 00:00:00-05:00,45.70000076293945,46.62900161743164,45.604000091552734,46.59600067138672,46.56753158569336,350823000,0.0,0.0
2023-12-08 00:00:00-05:00,46.595001220703125,47.74100112915039,46.54999923706055,47.50600051879883,47.47697448730469,359224000,0.0,0.0
2023-12-11 00:00:00-05:00,47.49100112915039,47.53099822998047,45.83000183105469,46.62699890136719,46.598514556884766,509728000,0.0,0.0
2023-12-12 00:00:00-05:00,46.04600143432617,47.66600036621094,46.04600143432617,47.65700149536133,47.62788772583008,372387000,0.0,0.0
2023-12-13 00:00:00-05:00,47.62900161743164,48.59400177001953,47.608001708984375,48.0880012512207,48.05862808227539,447792000,0.0,0.0
2023-12-14 00:00:00-05:00,48.38999938964844,48.66999816894531,47.422000885009766,48.349998474121094,48.320465087890625,391232000,0.0,0.0
2023-12-15 00:00:00-05:00,48.194000244140625,49.40399932861328,48.119998931884766,48.88999938964844,48.86013412475586,479948000,0.0,0.0
2023-12-18 00:00:00-05:00,49.400001525878906,50.43299865722656,49.150001525878906,50.07699966430664,50.04640579223633,412587000,0.0,0.0
2023-12-19 00:00:00-05:00,49.42399978637695,49.70000076293945,48.89500045776367,49.604000091552734,49.573692321777344,464444000,0.0,0.0
2023-12-20 00:00:00-05:00,49.654998779296875,49.999000549316406,48.097999572753906,48.111000061035156,48.08160400390625,397894000,0.0,0.0
2023-12-21 00:00:00-05:00,48.81100082397461,49.095001220703125,48.41899871826172,48.9900016784668,48.9600715637207,300425000,0.0,0.0
2023-12-22 00:00:00-05:00,49.19499969482422,49.382999420166016,48.46699905395508,48.83000183105469,48.800167083740234,252507000,0.0,0.0
2023-12-26 00:00:00-05:00,48.96799850463867,49.599998474121094,48.959999084472656,49.27899932861328,49.2488899230957,244200000,0.0,0.0
2023-12-27 00:00:00-05:00,49.51100158691406,49.68000030517578,49.084999084472656,49.41699981689453,49.38680648803711,233648000,0.0,0.0
2023-12-28 00:00:00-05:00,49.643001556396484,49.88399887084961,49.4119987487793,49.52199935913086,49.49175262451172,246587000,0.0,0.0
2023-12-29 00:00:00-05:00,49.8129997253418,49.99700164794922,48.750999450683594,49.52199935913086,49.49175262451172,389293000,0.0,0.0
2024-01-02 00:00:00-05:00,49.24399948120117,49.29499816894531,47.595001220703125,48.167999267578125,48.13856887817383,411254000,0.0,0.0
2024-01-03 00:00:00-05:00,47.48500061035156,48.183998107910156,47.31999969482422,47.569000244140625,47.539939880371094,320896000,0.0,0.0
2024-01-04 00:00:00-05:00,47.766998291015625,48.5,47.507999420166016,47.99800109863281,47.96867752075195,306535000,0.0,0.0
2024-01-05 00:00:00-05:00,48.46200180053711,49.547000885009766,48.305999755859375,49.09700012207031,49.0670051574707,415039000,0.0,0.0
2024-01-08 00:00:00-05:00,49.512001037597656,52.275001525878906,49.479000091552734,52.25299835205078,52.22108459472656,642510000,0.0,0.0
2024-01-09 00:00:00-05:00,52.4010009765625,54.32500076293945,51.689998626708984,53.13999938964844,53.107540130615234,773100000,0.0,0.0
2024-01-10 00:00:00-05:00,53.61600112915039,54.599998474121094,53.48899841308594,54.349998474121094,54.31679916381836,533796000,0.0,0.0
2024-01-11 00:00:00-05:00,54.999000549316406,55.34600067138672,53.560001373291016,54.821998596191406,54.78850555419922,596759000,0.0,0.0
2024-01-12 00:00:00-05:00,54.619998931884766,54.970001220703125,54.33000183105469,54.709999084472656,54.67657470703125,352994000,0.0,0.0
2024-01-16 00:00:00-05:00,55.018001556396484,56.834999084472656,54.900001525878906,56.38199996948242,56.347557067871094,449580000,0.0,0.0
2024-01-17 00:00:00-05:00,56.34700012207031,56.47100067138672,54.7400016784668,56.053001403808594,56.01875686645508,474394000,0.0,0.0
2024-01-18 00:00:00-05:00,57.2599983215332,57.599998474121094,56.106998443603516,57.106998443603516,57.072113037109375,491650000,0.0,0.0
2024-01-19 00:00:00-05:00,57.98899841308594,59.5,57.224998474121094,59.49100112915039,59.454654693603516,543501000,0.0,0.0
2024-01-22 00:00:00-05:00,60.04899978637695,60.33100128173828,59.06999969482422,59.65399932861328,59.617557525634766,452955000,0.0,0.0
2024-01-23 00:00:00-05:00,59.56999969482422,59.90999984741211,58.584999084472656,59.87300109863281,59.83642578125,294654000,0.0,0.0
2024-01-24 00:00:00-05:00,60.30400085449219,62.8489990234375,59.9379997253418,61.36199951171875,61.32451248168945,560271000,0.0,0.0
2024-01-25 00:00:00-05:00,62.349998474121094,62.71900177001953,60.849998474121094,61.617000579833984,61.57935333251953,482777000,0.0,0.0
2024-01-26 00:00:00-05:00,60.959999084472656,61.78300094604492,60.573001861572266,61.03099822998047,60.99371337890625,390309000,0.0,0.0
2024-01-29 00:00:00-05:00,61.231998443603516,62.48899841308594,60.90700149536133,62.46500015258789,62.426841735839844,348733000,0.0,0.0
2024-01-30 00:00:00-05:00,62.900001525878906,63.49300003051758,62.2599983215332,62.77399826049805,62.73564529418945,410735000,0.0,0.0
2024-01-31 00:00:00-05:00,61.439998626708984,62.26900100708008,60.70000076293945,61.527000427246094,61.48941421508789,453795000,0.0,0.0
2024-02-01 00:00:00-05:00,62.099998474121094,63.191001892089844,61.650001525878906,63.027000427246094,62.98849868774414,369146000,0.0,0.0
2024-02-02 00:00:00-05:00,63.9739990234375,66.5999984741211,63.689998626708984,66.16000366210938,66.11959075927734,476578000,0.0,0.0
2024-02-05 00:00:00-05:00,68.2249984741211,69.49700164794922,67.20500183105469,69.33200073242188,69.2896499633789,680078000,0.0,0.0
2024-02-06 00:00:00-05:00,69.62999725341797,69.75399780273438,66.30000305175781,68.2229995727539,68.18132019042969,683111000,0.0,0.0
2024-02-07 00:00:00-05:00,68.31900024414062,70.22000122070312,67.5999984741211,70.0989990234375,70.05616760253906,495575000,0.0,0.0
2024-02-08 00:00:00-05:00,70.0739974975586,70.79399871826172,69.45500183105469,69.64099884033203,69.59844207763672,414422000,0.0,0.0
2024-02-09 00:00:00-05:00,70.53299713134766,72.18499755859375,70.21199798583984,72.13300323486328,72.08892822265625,436637000,0.0,0.0
2024-02-12 00:00:00-05:00,72.5999984741211,74.61100006103516,71.25,72.24800109863281,72.203857421875,613710000,0.0,0.0
2024-02-13 00:00:00-05:00,70.4000015258789,73.44999694824219,69.62000274658203,72.12799835205078,72.08395385742188,602580000,0.0,0.0
2024-02-14 00:00:00-05:00,73.2020034790039,74.23600006103516,71.93800354003906,73.9000015258789,73.8548583984375,504917000,0.0,0.0
2024-02-15 00:00:00-05:00,73.86900329589844,73.9749984741211,72.4000015258789,72.65799713134766,72.61360931396484,420122000,0.0,0.0
2024-02-16 00:00:00-05:00,74.0999984741211,74.4020004272461,72.5009994506836,72.61299896240234,72.56863403320312,495327000,0.0,0.0
2024-02-20 00:00:00-05:00,71.9469985961914,71.95600128173828,67.73400115966797,69.4520034790039,69.4095687866211,704833000,0.0,0.0
2024-02-21 00:00:00-05:00,68.00599670410156,68.88800048828125,66.24800109863281,67.47200012207031,67.4307861328125,673755000,0.0,0.0
2024-02-22 00:00:00-05:00,75.0250015258789,78.57499694824219,74.22000122070312,78.53800201416016,78.49002838134766,865100000,0.0,0.0
2024-02-23 00:00:00-05:00,80.79000091552734,82.39399719238281,77.56999969482422,78.81700134277344,78.76885986328125,829388000,0.0,0.0
2024-02-26 00:00:00-05:00,79.69999694824219,80.64600372314453,78.50499725341797,79.09200286865234,79.04368591308594,503973000,0.0,0.0
2024-02-27 00:00:00-05:00,79.38099670410156,79.4800033569336,77.16200256347656,78.70099639892578,78.6529312133789,391705000,0.0,0.0
2024-02-28 00:00:00-05:00,77.62000274658203,78.93299865722656,77.125,77.66300201416016,77.61555480957031,393110000,0.0,0.0
2024-02-29 00:00:00-05:00,79.09400177001953,79.98999786376953,78.3499984741211,79.11199951171875,79.06366729736328,507289000,0.0,0.0
2024-03-01 00:00:00-05:00,80.0,82.30000305175781,79.43499755859375,82.27899932861328,82.2287368774414,479135000,0.0,0.0
2024-03-04 00:00:00-05:00,84.12999725341797,87.69499969482422,83.71900177001953,85.23699951171875,85.18492889404297,615616000,0.0,0.0
2024-03-05 00:00:00-05:00,85.2699966430664,86.09700012207031,83.41699981689453,85.96399688720703,85.91551208496094,520639000,0.004,0.0
2024-03-06 00:00:00-05:00,88.02200317382812,89.7239990234375,87.02999877929688,88.69999694824219,88.64997100830078,582520000,0.0,0.0
2024-03-07 00:00:00-05:00,90.15799713134766,92.76699829101562,89.60199737548828,92.66899871826172,92.6167221069336,608119000,0.0,0.0
2024-03-08 00:00:00-05:00,95.13800048828125,97.4000015258789,86.50599670410156,87.52799987792969,87.47863006591797,1142269000,0.0,0.0
2024-03-11 00:00:00-04:00,86.42900085449219,88.7969970703125,84.16600036621094,85.77400207519531,85.72562408447266,678364000,0.0,0.0
2024-03-12 00:00:00-04:00,88.04900360107422,91.95999908447266,86.1500015258789,91.91300201416016,91.86116027832031,668075000,0.0,0.0
2024-03-13 00:00:00-04:00,91.05500030517578,91.50399780273438,88.43499755859375,90.88800048828125,90.83673858642578,635713000,0.0,0.0
2024-03-14 00:00:00-04:00,89.5770034790039,90.64600372314453,86.5999984741211,87.94400024414062,87.89439392089844,602318000,0.0,0.0
2024-03-15 00:00:00-04:00,86.93000030517578,89.5459976196289,86.25700378417969,87.83699798583984,87.7874526977539,642086000,0.0,0.0
2024-03-18 00:00:00-04:00,90.38800048828125,92.40499877929688,87.08499908447266,88.45500183105469,88.40510559082031,668976000,0.0,0.0
2024-03-19 00:00:00-04:00,86.69999694824219,90.54399871826172,85.01000213623047,89.39800262451172,89.34757995605469,672171000,0.0,0.0
2024-03-20 00:00:00-04:00,89.7969970703125,90.41000366210938,88.2229995727539,90.37200164794922,90.3210220336914,479063000,0.0,0.0
2024-03-21 00:00:00-04:00,92.30000305175781,92.64800262451172,90.40499877929688,91.43499755859375,91.38343048095703,480372000,0.0,0.0
2024-03-22 00:00:00-04:00,91.14099884033203,94.77799987792969,90.83399963378906,94.28900146484375,94.2358169555664,586719000,0.0,0.0
2024-03-25 00:00:00-04:00,93.94100189208984,96.76599884033203,93.51000213623047,95.00199890136719,94.94840240478516,552136000,0.0,0.0
2024-03-26 00:00:00-04:00,95.85099792480469,96.375,92.50199890136719,92.56099700927734,92.50879669189453,513648000,0.0,0.0
2024-03-27 00:00:00-04:00,93.11199951171875,93.23999786376953,89.12300109863281,90.25,90.19908905029297,586067000,0.0,0.0
2024-03-28 00:00:00-04:00,90.0,91.30000305175781,89.19300079345703,90.35600280761719,90.3050308227539,435212000,0.0,0.0
2024-04-01 00:00:00-04:00,90.29900360107422,92.2249984741211,89.2040023803711,90.36299896240234,90.31202697753906,452441000,0.0,0.0
2024-04-02 00:00:00-04:00,88.447998046875,90.09400177001953,87.62000274658203,89.4520034790039,89.40155029296875,433064000,0.0,0.0
2024-04-03 00:00:00-04:00,88.48400115966797,90.3740005493164,88.4000015258789,88.96399688720703,88.913818359375,370067000,0.0,0.0
2024-04-04 00:00:00-04:00,90.40599822998047,90.63400268554688,85.87999725341797,85.90499877929688,85.8565444946289,434965000,0.0,0.0
2024-04-05 00:00:00-04:00,86.86599731445312,88.48100280761719,85.9260025024414,88.00800323486328,87.95836639404297,399678000,0.0,0.0
2024-04-08 00:00:00-04:00,88.69999694824219,88.83000183105469,86.73200225830078,87.13300323486328,87.08385467529297,283220000,0.0,0.0
2024-04-09 00:00:00-04:00,87.44200134277344,87.63500213623047,83.02200317382812,85.35399627685547,85.30583953857422,501700000,0.0,0.0
2024-04-10 00:00:00-04:00,83.9260025024414,87.4000015258789,83.70899963378906,87.03900146484375,86.98990631103516,431929000,0.0,0.0
2024-04-11 00:00:00-04:00,87.41999816894531,90.73899841308594,86.9260025024414,90.61599731445312,90.56488037109375,431637000,0.0,0.0
2024-04-12 00:00:00-04:00,89.6989974975586,90.17500305175781,87.52999877929688,88.18599700927734,88.13626098632812,426805000,0.0,0.0
2024-04-15 00:00:00-04:00,89.0979995727539,90.61299896240234,85.92900085449219,86.0009994506836,85.95249938964844,443077000,0.0,0.0
2024-04-16 00:00:00-04:00,86.43299865722656,88.11799621582031,86.06400299072266,87.41500091552734,87.36569213867188,370453000,0.0,0.0
2024-04-17 00:00:00-04:00,88.33999633789062,88.7750015258789,83.94999694824219,84.03500366210938,83.98759460449219,495400000,0.0,0.0
2024-04-18 00:00:00-04:00,84.97000122070312,86.19000244140625,82.4020004272461,84.6709976196289,84.62324523925781,447260000,0.0,0.0
2024-04-19 00:00:00-04:00,83.1500015258789,84.3239974975586,75.60600280761719,76.19999694824219,76.15702056884766,875198000,0.0,0.0
2024-04-22 00:00:00-04:00,78.10399627685547,80.072998046875,76.4000015258789,79.51799774169922,79.47314453125,596341000,0.0,0.0
2024-04-23 00:00:00-04:00,80.76899719238281,82.76899719238281,80.26399993896484,82.4229965209961,82.37651062011719,438559000,0.0,0.0
2024-04-24 00:00:00-04:00,83.94999694824219,84.08200073242188,79.18299865722656,79.677001953125,79.63206481933594,512208000,0.0,0.0
2024-04-25 00:00:00-04:00,78.86799621582031,83.322998046875,78.2229995727539,82.63200378417969,82.58538818359375,424641000,0.0,0.0
2024-04-26 00:00:00-04:00,83.81800079345703,88.33100128173828,83.38700103759766,87.73500061035156,87.6855239868164,551011000,0.0,0.0
2024-04-29 00:00:00-04:00,87.59500122070312,87.99199676513672,85.26599884033203,87.75700378417969,87.70750427246094,388971000,0.0,0.0
2024-04-30 00:00:00-04:00,87.23999786376953,88.81900024414062,86.30000305175781,86.4020004272461,86.353271484375,363709000,0.0,0.0
2024-05-01 00:00:00-04:00,85.0770034790039,86.0,81.25499725341797,83.04100036621094,82.99414825439453,559863000,0.0,0.0
2024-05-02 00:00:00-04:00,84.4489974975586,86.23699951171875,83.19999694824219,85.81700134277344,85.76859283447266,377898000,0.0,0.0
2024-05-03 00:00:00-04:00,87.78900146484375,89.28099822998047,87.04000091552734,88.78900146484375,88.7389144897461,398341000,0.0,0.0
2024-05-06 00:00:00-04:00,89.38999938964844,92.22000122070312,89.05500030517578,92.13999938964844,92.08802795410156,376203000,0.0,0.0
2024-05-07 00:00:00-04:00,91.0979995727539,91.78099822998047,89.01100158691406,90.55400085449219,90.50293731689453,437342000,0.0,0.0
2024-05-08 00:00:00-04:00,89.48300170898438,91.19400024414062,89.41999816894531,90.41200256347656,90.36101531982422,325721000,0.0,0.0
2024-05-09 00:00:00-04:00,90.52899932861328,91.0719985961914,88.23100280761719,88.74700164794922,88.69695281982422,378013000,0.0,0.0
2024-05-10 00:00:00-04:00,90.30500030517578,91.4010009765625,89.22699737548828,89.87799835205078,89.82731628417969,335325000,0.0,0.0
2024-05-13 00:00:00-04:00,90.47799682617188,90.99800109863281,88.52899932861328,90.39900207519531,90.3480224609375,289680000,0.0,0.0
2024-05-14 00:00:00-04:00,89.5989990234375,91.6510009765625,88.93399810791016,91.35600280761719,91.30448150634766,296507000,0.0,0.0
2024-05-15 00:00:00-04:00,92.47200012207031,94.86199951171875,91.5989990234375,94.62999725341797,94.57662963867188,417735000,0.0,0.0
2024-05-16 00:00:00-04:00,94.91000366210938,95.81900024414062,94.10299682617188,94.35900115966797,94.30577850341797,323952000,0.0,0.0
2024-05-17 00:00:00-04:00,94.36900329589844,94.73999786376953,91.80599975585938,92.47899627685547,92.42683410644531,359691000,0.0,0.0
2024-05-20 00:00:00-04:00,93.75,95.19999694824219,93.44000244140625,94.77999877929688,94.72654724121094,318764000,0.0,0.0
2024-05-21 00:00:00-04:00,93.5989990234375,95.4000015258789,93.18000030517578,95.38600158691406,95.33220672607422,328946000,0.0,0.0
2024-05-22 00:00:00-04:00,95.45899963378906,96.0199966430664,93.2490005493164,94.94999694824219,94.89645385742188,548648000,0.0,0.0
2024-05-23 00:00:00-04:00,102.02799987792969,106.31999969482422,101.5199966430664,103.79900360107422,103.7404556274414,835065000,0.0,0.0
2024-05-24 00:00:00-04:00,104.4489974975586,106.4749984741211,103.0,106.46900177001953,106.4089584350586,429494000,0.0,0.0
2024-05-28 00:00:00-04:00,110.24400329589844,114.93900299072266,109.88300323486328,113.9010009765625,113.83674621582031,652728000,0.0,0.0
2024-05-29 00:00:00-04:00,113.05000305175781,115.49199676513672,110.9010009765625,114.82499694824219,114.76023864746094,557442000,0.0,0.0
2024-05-30 00:00:00-04:00,114.6500015258789,115.81900024414062,109.66300201416016,110.5,110.43766021728516,484553000,0.0,0.0
2024-05-31 00:00:00-04:00,112.5199966430664,112.71700286865234,106.94000244140625,109.63300323486328,109.5711669921875,613263000,0.0,0.0
2024-06-03 00:00:00-04:00,113.62100219726562,115.0,112.00299835205078,115.0,114.93512725830078,438392000,0.0,0.0
2024-06-04 00:00:00-04:00,115.71600341796875,116.5999984741211,114.04499816894531,116.43699645996094,116.37133026123047,403324000,0.0,0.0
2024-06-05 00:00:00-04:00,118.37100219726562,122.4489974975586,117.46800231933594,122.44000244140625,122.37095642089844,528402000,0.0,0.0
2024-06-06 00:00:00-04:00,124.0479965209961,125.58699798583984,118.31999969482422,120.99800109863281,120.92976379394531,664696000,0.0,0.0
2024-06-07 00:00:00-04:00,119.7699966430664,121.69200134277344,118.02200317382812,120.88800048828125,120.81982421875,412386000,0.0,0.0
2024-06-10 00:00:00-04:00,120.37000274658203,123.0999984741211,117.01000213623047,121.79000091552734,121.7213134765625,313434100,0.0,10.0
2024-06-11 00:00:00-04:00,121.7699966430664,122.87000274658203,118.73999786376953,120.91000366210938,120.85173797607422,222551200,0.01,0.0
2024-06-12 00:00:00-04:00,123.05999755859375,126.87999725341797,122.56999969482422,125.19999694824219,125.13965606689453,299595000,0.0,0.0
2024-06-13 00:00:00-04:00,129.38999938964844,129.8000030517578,127.16000366210938,129.61000061035156,129.5475311279297,260704500,0.0,0.0
2024-06-14 00:00:00-04:00,129.9600067138672,132.83999633789062,128.32000732421875,131.8800048828125,131.8164520263672,309320400,0.0,0.0
2024-06-17 00:00:00-04:00,132.99000549316406,133.72999572753906,129.5800018310547,130.97999572753906,130.91688537597656,288504400,0.0,0.0
2024-06-18 00:00:00-04:00,131.13999938964844,136.3300018310547,130.69000244140625,135.5800018310547,135.51466369628906,294335100,0.0,0.0
2024-06-20 00:00:00-04:00,139.8000030517578,140.75999450683594,129.52000427246094,130.77999877929688,130.71697998046875,517768400,0.0,0.0
2024-06-21 00:00:00-04:00,127.12000274658203,130.6300048828125,124.30000305175781,126.56999969482422,126.50900268554688,649445800,0.0,0.0
2024-06-24 00:00:00-04:00,123.23999786376953,124.45999908447266,118.04000091552734,118.11000061035156,118.05308532714844,476060900,0.0,0.0
2024-06-25 00:00:00-04:00,121.19999694824219,126.5,119.31999969482422,126.08999633789062,126.02922821044922,414192600,0.0,0.0
2024-06-26 00:00:00-04:00,126.12999725341797,128.1199951171875,122.5999984741211,126.4000015258789,126.33909606933594,362975900,0.0,0.0
2024-06-27 00:00:00-04:00,124.0999984741211,126.41000366210938,122.91999816894531,123.98999786376953,123.93025207519531,252571700,0.0,0.0
2024-06-28 00:00:00-04:00,124.58000183105469,127.70999908447266,122.75,123.54000091552734,123.48046875,315516700,0.0,0.0
2024-07-01 00:00:00-04:00,123.47000122070312,124.83999633789062,118.83000183105469,124.30000305175781,124.24009704589844,284885500,0.0,0.0
2024-07-02 00:00:00-04:00,121.12999725341797,123.41000366210938,121.02999877929688,122.66999816894531,122.61089324951172,218374000,0.0,0.0
2024-07-03 00:00:00-04:00,121.66000366210938,128.27999877929688,121.36000061035156,128.27999877929688,128.21817016601562,215749000,0.0,0.0
2024-07-05 00:00:00-04:00,127.37999725341797,128.85000610351562,125.68000030517578,125.83000183105469,125.76936340332031,214176700,0.0,0.0
2024-07-08 00:00:00-04:00,127.48999786376953,130.77000427246094,127.04000091552734,128.1999969482422,128.13818359375,237677300,0.0,0.0
2024-07-09 00:00:00-04:00,130.35000610351562,133.82000732421875,128.64999389648438,131.3800048828125,131.3166961669922,285366600,0.0,0.0
2024-07-10 00:00:00-04:00,134.02999877929688,135.10000610351562,132.4199981689453,134.91000366210938,134.84500122070312,248978600,0.0,0.0
2024-07-11 00:00:00-04:00,135.75,136.14999389648438,127.05000305175781,127.4000015258789,127.33860778808594,374782700,0.0,0.0
2024-07-12 00:00:00-04:00,128.25999450683594,131.9199981689453,127.22000122070312,129.24000549316406,129.177734375,252680500,0.0,0.0
2024-07-15 00:00:00-04:00,130.55999755859375,131.38999938964844,127.18000030517578,128.44000244140625,128.3780975341797,208326200,0.0,0.0
2024-07-16 00:00:00-04:00,128.44000244140625,129.0399932861328,124.58000183105469,126.36000061035156,126.2990951538086,214769500,0.0,0.0
2024-07-17 00:00:00-04:00,121.3499984741211,121.8499984741211,116.72000122070312,117.98999786376953,117.9331283569336,390086200,0.0,0.0
2024-07-18 00:00:00-04:00,121.8499984741211,122.4000015258789,116.55999755859375,121.08999633789062,121.03164672851562,320979500,0.0,0.0
2024-07-19 00:00:00-04:00,120.3499984741211,121.5999984741211,117.37000274658203,117.93000030517578,117.87317657470703,217223800,0.0,0.0
2024-07-22 00:00:00-04:00,120.3499984741211,124.06999969482422,119.86000061035156,123.54000091552734,123.48046875,258068900,0.0,0.0
2024-07-23 00:00:00-04:00,122.77999877929688,124.69000244140625,122.0999984741211,122.58999633789062,122.53092193603516,173911000,0.0,0.0
2024-07-24 00:00:00-04:00,119.16999816894531,119.94999694824219,113.44000244140625,114.25,114.1949462890625,327776900,0.0,0.0
2024-07-25 00:00:00-04:00,113.04000091552734,116.62999725341797,106.30000305175781,112.27999877929688,112.22588348388672,460067000,0.0,0.0
2024-07-26 00:00:00-04:00,116.19000244140625,116.19999694824219,111.58000183105469,113.05999755859375,113.00550842285156,293399100,0.0,0.0
2024-07-29 00:00:00-04:00,113.69000244140625,116.27999877929688,111.30000305175781,111.58999633789062,111.53621673583984,248152100,0.0,0.0
2024-07-30 00:00:00-04:00,111.5199966430664,111.98999786376953,102.54000091552734,103.7300033569336,103.68000793457031,486833300,0.0,0.0
2024-07-31 00:00:00-04:00,112.9000015258789,118.33999633789062,110.87999725341797,117.0199966430664,116.9636001586914,473174200,0.0,0.0
2024-08-01 00:00:00-04:00,117.52999877929688,120.16000366210938,106.80999755859375,109.20999908447266,109.15736389160156,523462300,0.0,0.0
2024-08-02 00:00:00-04:00,103.76000213623047,108.72000122070312,101.37000274658203,107.2699966430664,107.21829986572266,482027500,0.0,0.0
2024-08-05 00:00:00-04:00,92.05999755859375,103.41000366210938,90.69000244140625,100.44999694824219,100.4015884399414,552842400,0.0,0.0
2024-08-06 00:00:00-04:00,103.83999633789062,107.70999908447266,100.55000305175781,104.25,104.19976806640625,409012100,0.0,0.0
2024-08-07 00:00:00-04:00,107.80999755859375,108.80000305175781,98.69000244140625,98.91000366210938,98.86234283447266,411440400,0.0,0.0
2024-08-08 00:00:00-04:00,102.0,105.5,97.5199966430664,104.97000122070312,104.9194107055664,391910000,0.0,0.0
2024-08-09 00:00:00-04:00,105.63999938964844,106.5999984741211,103.43000030517578,104.75,104.69952392578125,290844200,0.0,0.0
2024-08-12 00:00:00-04:00,106.31999969482422,111.06999969482422,106.26000213623047,109.0199966430664,108.96746063232422,325559900,0.0,0.0
2024-08-13 00:00:00-04:00,112.44000244140625,116.2300033569336,111.58000183105469,116.13999938964844,116.08402252197266,312646700,0.0,0.0
2024-08-14 00:00:00-04:00,118.52999877929688,118.5999984741211,114.06999969482422,118.08000183105469,118.0230941772461,339246400,0.0,0.0
2024-08-15 00:00:00-04:00,118.76000213623047,123.23999786376953,117.47000122070312,122.86000061035156,122.80079650878906,318086700,0.0,0.0
2024-08-16 00:00:00-04:00,121.94000244140625,125.0,121.18000030517578,124.58000183105469,124.51995086669922,302589900,0.0,0.0
2024-08-19 00:00:00-04:00,124.27999877929688,130.0,123.41999816894531,130.0,129.93734741210938,318333600,0.0,0.0
2024-08-20 00:00:00-04:00,128.39999389648438,129.8800048828125,125.88999938964844,127.25,127.18868255615234,300087400,0.0,0.0
2024-08-21 00:00:00-04:00,127.31999969482422,129.35000610351562,126.66000366210938,128.5,128.4380645751953,257883600,0.0,0.0
2024-08-22 00:00:00-04:00,130.02000427246094,130.75,123.0999984741211,123.73999786376953,123.68036651611328,376189100,0.0,0.0
2024-08-23 00:00:00-04:00,125.86000061035156,129.60000610351562,125.22000122070312,129.3699951171875,129.30763244628906,323230300,0.0,0.0
2024-08-26 00:00:00-04:00,129.57000732421875,131.25999450683594,124.37000274658203,126.45999908447266,126.39905548095703,331964700,0.0,0.0
2024-08-27 00:00:00-04:00,125.05000305175781,129.1999969482422,123.87999725341797,128.3000030517578,128.23817443847656,303134600,0.0,0.0
2024-08-28 00:00:00-04:00,128.1199951171875,128.3300018310547,122.63999938964844,125.61000061035156,125.54946899414062,448101100,0.0,0.0
2024-08-29 00:00:00-04:00,121.36000061035156,124.43000030517578,116.70999908447266,117.58999633789062,117.5333251953125,453023300,0.0,0.0
2024-08-30 00:00:00-04:00,119.52999877929688,121.75,117.22000122070312,119.37000274658203,119.31246948242188,333751600,0.0,0.0
2024-09-03 00:00:00-04:00,116.01000213623047,116.20999908447266,107.29000091552734,108.0,107.94794464111328,477155100,0.0,0.0
2024-09-04 00:00:00-04:00,105.41000366210938,113.2699966430664,104.12000274658203,106.20999908447266,106.15880584716797,372470300,0.0,0.0
2024-09-05 00:00:00-04:00,104.98999786376953,109.6500015258789,104.76000213623047,107.20999908447266,107.15833282470703,306850700,0.0,0.0
2024-09-06 00:00:00-04:00,108.04000091552734,108.1500015258789,100.94999694824219,102.83000183105469,102.78044891357422,413638100,0.0,0.0
2024-09-09 00:00:00-04:00,104.87999725341797,106.55000305175781,103.69000244140625,106.47000122070312,106.41868591308594,273912000,0.0,0.0
2024-09-10 00:00:00-04:00,107.80999755859375,109.4000015258789,104.94999694824219,108.0999984741211,108.04789733886719,268283700,0.0,0.0
2024-09-11 00:00:00-04:00,109.38999938964844,117.19000244140625,107.41999816894531,116.91000366210938,116.8536605834961,441422400,0.0,0.0
2024-09-12 00:00:00-04:00,116.83999633789062,120.79000091552734,115.37999725341797,119.13999938964844,119.0927734375,366052700,0.01,0.0
2024-09-13 00:00:00-04:00,119.08000183105469,119.95999908447266,117.5999984741211,119.0999984741211,119.05278778076172,238358300,0.0,0.0
2024-09-16 00:00:00-04:00,116.79000091552734,118.18000030517578,114.36000061035156,116.77999877929688,116.73371124267578,248772300,0.0,0.0
2024-09-17 00:00:00-04:00,118.16999816894531,118.80000305175781,114.83000183105469,115.58999633789062,115.54417419433594,231925900,0.0,0.0
2024-09-18 00:00:00-04:00,115.88999938964844,117.69999694824219,113.22000122070312,113.37000274658203,113.32505798339844,310318900,0.0,0.0
2024-09-19 00:00:00-04:00,117.3499984741211,119.66000366210938,117.25,117.87000274658203,117.82327270507812,293506400,0.0,0.0
2024-09-20 00:00:00-04:00,117.05999755859375,118.62000274658203,115.38999938964844,116.0,115.95401763916016,382462400,0.0,0.0
2024-09-23 00:00:00-04:00,116.55000305175781,116.98999786376953,114.86000061035156,116.26000213623047,116.21391296386719,206228500,0.0,0.0
2024-09-24 00:00:00-04:00,116.5199966430664,121.80000305175781,115.37999725341797,120.87000274658203,120.82209014892578,354966800,0.0,0.0
2024-09-25 00:00:00-04:00,122.0199966430664,124.94000244140625,121.61000061035156,123.51000213623047,123.4610366821289,284692900,0.0,0.0
2024-09-26 00:00:00-04:00,126.80000305175781,127.66999816894531,121.80000305175781,124.04000091552734,123.9908218383789,302582900,0.0,0.0
2024-09-27 00:00:00-04:00,123.97000122070312,124.02999877929688,119.26000213623047,121.4000015258789,121.35187530517578,271009200,0.0,0.0
2024-09-30 00:00:00-04:00,118.30999755859375,121.5,118.1500015258789,121.44000244140625,121.3918685913086,226553700,0.0,0.0
2024-10-01 00:00:00-04:00,121.7699966430664,122.44000244140625,115.79000091552734,117.0,116.95362091064453,302094500,0.0,0.0
2024-10-02 00:00:00-04:00,116.44000244140625,119.37999725341797,115.13999938964844,118.8499984741211,118.80288696289062,221845900,0.0,0.0
2024-10-03 00:00:00-04:00,120.91999816894531,124.36000061035156,120.33999633789062,122.8499984741211,122.80130004882812,277118000,0.0,0.0
2024-10-04 00:00:00-04:00,124.94000244140625,125.04000091552734,121.83000183105469,124.91999816894531,124.87047576904297,243678100,0.0,0.0
2024-10-07 00:00:00-04:00,124.98999786376953,130.63999938964844,124.94999694824219,127.72000122070312,127.66937255859375,346250200,0.0,0.0
2024-10-08 00:00:00-04:00,130.25999450683594,133.47999572753906,129.4199981689453,132.88999938964844,132.83731079101562,285722500,0.0,0.0
2024-10-09 00:00:00-04:00,134.11000061035156,134.52000427246094,131.3800048828125,132.64999389648438,132.597412109375,246191600,0.0,0.0
2024-10-10 00:00:00-04:00,131.91000366210938,135.0,131.0,134.80999755859375,134.75656127929688,242311300,0.0,0.0
2024-10-11 00:00:00-04:00,134.00999450683594,135.77999877929688,133.66000366210938,134.8000030517578,134.74656677246094,170209500,0.0,0.0
2024-10-14 00:00:00-04:00,136.47000122070312,139.60000610351562,136.3000030517578,138.07000732421875,138.01527404785156,232347700,0.0,0.0
2024-10-15 00:00:00-04:00,137.8699951171875,138.57000732421875,128.74000549316406,131.60000610351562,131.54783630371094,377831000,0.0,0.0
2024-10-16 00:00:00-04:00,133.97999572753906,136.6199951171875,131.5800018310547,135.72000122070312,135.66619873046875,264879700,0.0,0.0
2024-10-17 00:00:00-04:00,139.33999633789062,140.88999938964844,136.8699951171875,136.92999267578125,136.87571716308594,306435900,0.0,0.0
2024-10-18 00:00:00-04:00,138.6699981689453,138.89999389648438,137.27999877929688,138.0,137.94529724121094,176090200,0.0,0.0
2024-10-21 00:00:00-04:00,138.1300048828125,143.7100067138672,138.0,143.7100067138672,143.6530303955078,264554500,0.0,0.0
2024-10-22 00:00:00-04:00,142.91000366210938,144.4199981689453,141.77999877929688,143.58999633789062,143.5330810546875,226311600,0.0,0.0
2024-10-23 00:00:00-04:00,142.02999877929688,142.42999267578125,137.4600067138672,139.55999755859375,139.50466918945312,285930000,0.0,0.0
2024-10-24 00:00:00-04:00,140.82000732421875,141.35000610351562,138.4600067138672,140.41000366210938,140.35433959960938,172354900,0.0,0.0
2024-10-25 00:00:00-04:00,140.92999267578125,144.1300048828125,140.8000030517578,141.5399932861328,141.48388671875,205122100,0.0,0.0
2024-10-28 00:00:00-04:00,143.0,143.13999938964844,140.0500030517578,140.52000427246094,140.4643096923828,173586700,0.0,0.0
2024-10-29 00:00:00-04:00,140.2899932861328,142.25999450683594,138.89999389648438,141.25,141.19400024414062,157593600,0.0,0.0
2024-10-30 00:00:00-04:00,139.5399932861328,140.3300018310547,136.80999755859375,139.33999633789062,139.28475952148438,179418100,0.0,0.0
2024-10-31 00:00:00-04:00,137.60000610351562,137.61000061035156,132.11000061035156,132.75999450683594,132.70736694335938,270039600,0.0,0.0
2024-11-01 00:00:00-04:00,134.6999969482422,137.30999755859375,134.57000732421875,135.39999389648438,135.34632873535156,207127800,0.0,0.0
2024-11-04 00:00:00-05:00,137.2100067138672,138.9600067138672,135.57000732421875,136.0500030517578,135.99607849121094,187528200,0.0,0.0
2024-11-05 00:00:00-05:00,137.4499969482422,140.3699951171875,137.3300018310547,139.91000366210938,139.8545379638672,160537400,0.0,0.0
2024-11-06 00:00:00-05:00,142.9600067138672,146.49000549316406,141.9600067138672,145.61000061035156,145.5522918701172,242043900,0.0,0.0
2024-11-07 00:00:00-05:00,146.38999938964844,148.92999267578125,146.1699981689453,148.8800048828125,148.82098388671875,207323300,0.0,0.0
2024-11-08 00:00:00-05:00,148.77000427246094,149.77000427246094,146.25999450683594,147.6300048828125,147.57147216796875,175665800,0.0,0.0
2024-11-11 00:00:00-05:00,148.67999267578125,148.85000610351562,143.57000732421875,145.25999450683594,145.20240783691406,182325600,0.0,0.0
2024-11-12 00:00:00-05:00,146.77999877929688,149.64999389648438,146.00999450683594,148.2899932861328,148.231201171875,198634700,0.0,0.0
2024-11-13 00:00:00-05:00,149.07000732421875,149.3300018310547,145.89999389648438,146.27000427246094,146.2120361328125,191903300,0.0,0.0
2024-11-14 00:00:00-05:00,147.63999938964844,149.0,145.5500030517578,146.75999450683594,146.7018280029297,194463300,0.0,0.0
2024-11-15 00:00:00-05:00,144.8699951171875,145.24000549316406,140.0800018310547,141.97999572753906,141.92369079589844,250132900,0.0,0.0
2024-11-18 00:00:00-05:00,139.5,141.5500030517578,137.14999389648438,140.14999389648438,140.09442138671875,221205300,0.0,0.0
2024-11-19 00:00:00-05:00,141.32000732421875,147.1300048828125,140.99000549316406,147.00999450683594,146.95172119140625,227834900,0.0,0.0
2024-11-20 00:00:00-05:00,147.41000366210938,147.55999755859375,142.72999572753906,145.88999938964844,145.83216857910156,309871700,0.0,0.0
2024-11-21 00:00:00-05:00,149.35000610351562,152.88999938964844,140.6999969482422,146.6699981689453,146.6118621826172,400946600,0.0,0.0
2024-11-22 00:00:00-05:00,145.92999267578125,147.16000366210938,141.10000610351562,141.9499969482422,141.8937225341797,236406200,0.0,0.0
2024-11-25 00:00:00-05:00,141.99000549316406,142.0500030517578,135.82000732421875,136.02000427246094,135.96607971191406,344941900,0.0,0.0
2024-11-26 00:00:00-05:00,137.6999969482422,139.3000030517578,135.6699981689453,136.9199981689453,136.86572265625,190287700,0.0,0.0
2024-11-27 00:00:00-05:00,135.00999450683594,137.22000122070312,131.8000030517578,135.33999633789062,135.2863311767578,226370900,0.0,0.0
2024-11-29 00:00:00-05:00,136.77999877929688,139.35000610351562,136.0500030517578,138.25,138.19520568847656,141863200,0.0,0.0
2024-12-02 00:00:00-05:00,138.8300018310547,140.4499969482422,137.82000732421875,138.6300048828125,138.57504272460938,171682800,0.0,0.0
2024-12-03 00:00:00-05:00,138.25999450683594,140.5399932861328,137.9499969482422,140.25999450683594,140.20440673828125,164414000,0.0,0.0
2024-12-04 00:00:00-05:00,142.0,145.7899932861328,140.2899932861328,145.13999938964844,145.08245849609375,231224300,0.0,0.0
2024-12-05 00:00:00-05:00,145.11000061035156,146.5399932861328,143.9499969482422,145.05999755859375,145.0124969482422,172621200,0.01,0.0
2024-12-06 00:00:00-05:00,144.60000610351562,145.6999969482422,141.30999755859375,142.44000244140625,142.3933563232422,188505600,0.0,0.0
2024-12-09 00:00:00-05:00,138.97000122070312,139.9499969482422,137.1300048828125,138.80999755859375,138.7645263671875,189308600,0.0,0.0
2024-12-10 00:00:00-05:00,139.00999450683594,141.82000732421875,133.7899932861328,135.07000732421875,135.0257568359375,210020900,0.0,0.0
2024-12-11 00:00:00-05:00,137.36000061035156,140.1699981689453,135.2100067138672,139.30999755859375,139.2643585205078,184905200,0.0,0.0
2024-12-12 00:00:00-05:00,137.0800018310547,138.44000244140625,135.8000030517578,137.33999633789062,137.29501342773438,159211400,0.0,0.0
2024-12-13 00:00:00-05:00,138.94000244140625,139.60000610351562,132.5399932861328,134.25,134.20602416992188,231514900,0.0,0.0
2024-12-16 00:00:00-05:00,134.17999267578125,134.39999389648438,130.4199981689453,132.0,131.95677185058594,237951100,0.0,0.0
2024-12-17 00:00:00-05:00,129.08999633789062,131.58999633789062,126.86000061035156,130.38999938964844,130.3472900390625,259410300,0.0,0.0
2024-12-18 00:00:00-05:00,133.86000061035156,136.6999969482422,128.27999877929688,128.91000366210938,128.86778259277344,277444500,0.0,0.0
2024-12-19 00:00:00-05:00,131.75999450683594,134.02999877929688,129.5500030517578,130.67999267578125,130.63717651367188,209719200,0.0,0.0
2024-12-20 00:00:00-05:00,129.80999755859375,135.27999877929688,128.22000122070312,134.6999969482422,134.65586853027344,306528600,0.0,0.0
2024-12-23 00:00:00-05:00,136.27999877929688,139.7899932861328,135.1199951171875,139.6699981689453,139.62425231933594,176053500,0.0,0.0
2024-12-24 00:00:00-05:00,140.0,141.89999389648438,138.64999389648438,140.22000122070312,140.17408752441406,105157000,0.0,0.0
2024-12-26 00:00:00-05:00,139.6999969482422,140.85000610351562,137.72999572753906,139.92999267578125,139.88417053222656,116205600,0.0,0.0
2024-12-27 00:00:00-05:00,138.5500030517578,139.02000427246094,134.7100067138672,137.00999450683594,136.96510314941406,170582600,0.0,0.0
2024-12-30 00:00:00-05:00,134.8300018310547,140.27000427246094,134.02000427246094,137.49000549316406,137.44496154785156,167734700,0.0,0.0
2024-12-31 00:00:00-05:00,138.02999877929688,138.07000732421875,133.8300018310547,134.2899932861328,134.2460174560547,155659200,0.0,0.0
2025-01-02 00:00:00-05:00,136.0,138.8800048828125,134.6300048828125,138.30999755859375,138.26470947265625,198247200,0.0,0.0
2025-01-03 00:00:00-05:00,140.00999450683594,144.89999389648438,139.72999572753906,144.47000122070312,144.4226837158203,229322500,0.0,0.0
2025-01-06 00:00:00-05:00,148.58999633789062,152.16000366210938,147.82000732421875,149.42999267578125,149.38104248046875,265377400,0.0,0.0
2025-01-07 00:00:00-05:00,153.02999877929688,153.1300048828125,140.00999450683594,140.13999938964844,140.09408569335938,351782200,0.0,0.0
2025-01-08 00:00:00-05:00,142.5800018310547,143.9499969482422,137.55999755859375,140.11000061035156,140.06410217285156,227349900,0.0,0.0
2025-01-10 00:00:00-05:00,137.4499969482422,139.9199981689453,134.22000122070312,135.91000366210938,135.86549377441406,207602500,0.0,0.0
2025-01-13 00:00:00-05:00,129.99000549316406,133.49000549316406,129.50999450683594,133.22999572753906,133.18637084960938,204808900,0.0,0.0
2025-01-14 00:00:00-05:00,136.0500030517578,136.3800048828125,130.0500030517578,131.75999450683594,131.71682739257812,195590500,0.0,0.0
2025-01-15 00:00:00-05:00,133.64999389648438,136.4499969482422,131.2899932861328,136.24000549316406,136.1953887939453,185217300,0.0,0.0
2025-01-16 00:00:00-05:00,138.63999938964844,138.75,133.49000549316406,133.57000732421875,133.5262451171875,209235600,0.0,0.0
2025-01-17 00:00:00-05:00,136.69000244140625,138.5,135.4600067138672,137.7100067138672,137.66490173339844,201188800,0.0,0.0
2025-01-21 00:00:00-05:00,139.16000366210938,141.8300018310547,137.08999633789062,140.8300018310547,140.78387451171875,197749000,0.0,0.0
2025-01-22 00:00:00-05:00,144.66000366210938,147.7899932861328,143.6699981689453,147.07000732421875,147.0218505859375,237651400,0.0,0.0
2025-01-23 00:00:00-05:00,145.0500030517578,147.22999572753906,143.72000122070312,147.22000122070312,147.17178344726562,155915500,0.0,0.0
2025-01-24 00:00:00-05:00,148.3699951171875,148.97000122070312,141.8800048828125,142.6199951171875,142.5732879638672,234657600,0.0,0.0
2025-01-27 00:00:00-05:00,124.80000305175781,128.39999389648438,116.69999694824219,118.41999816894531,118.38121032714844,818830900,0.0,0.0
2025-01-28 00:00:00-05:00,121.80999755859375,129.0,116.25,128.99000549316406,128.94776916503906,579666400,0.0,0.0
2025-01-29 00:00:00-05:00,126.5,126.88999938964844,120.05000305175781,123.69999694824219,123.65948486328125,467120600,0.0,0.0
2025-01-30 00:00:00-05:00,123.0999984741211,125.0,118.0999984741211,124.6500015258789,124.60917663574219,392925500,0.0,0.0
2025-01-31 00:00:00-05:00,123.77999877929688,127.8499984741211,119.19000244140625,120.06999969482422,120.03067016601562,388161100,0.0,0.0
2025-02-03 00:00:00-05:00,114.75,118.56999969482422,113.01000213623047,116.66000366210938,116.62179565429688,371235700,0.0,0.0
2025-02-04 00:00:00-05:00,116.95999908447266,121.19999694824219,116.69999694824219,118.6500015258789,118.61112976074219,256550000,0.0,0.0
2025-02-05 00:00:00-05:00,121.76000213623047,125.0,120.76000213623047,124.83000183105469,124.78910827636719,262230800,0.0,0.0
2025-02-06 00:00:00-05:00,127.41999816894531,128.77000427246094,125.20999908447266,128.67999267578125,128.6378631591797,251483600,0.0,0.0
2025-02-07 00:00:00-05:00,129.22000122070312,130.3699951171875,125.0,129.83999633789062,129.79747009277344,228186300,0.0,0.0
2025-02-10 00:00:00-05:00,130.08999633789062,135.0,129.9600067138672,133.57000732421875,133.5262451171875,216989100,0.0,0.0
2025-02-11 00:00:00-05:00,132.5800018310547,134.47999572753906,131.02000427246094,132.8000030517578,132.7565155029297,178902400,0.0,0.0
2025-02-12 00:00:00-05:00,130.02000427246094,132.24000549316406,129.0800018310547,131.13999938964844,131.0970458984375,160278600,0.0,0.0
2025-02-13 00:00:00-05:00,131.55999755859375,136.5,131.1699981689453,135.2899932861328,135.2456817626953,197430000,0.0,0.0
2025-02-14 00:00:00-05:00,136.47999572753906,139.25,135.5,138.85000610351562,138.80453491210938,195479600,0.0,0.0
2025-02-18 00:00:00-05:00,141.27000427246094,143.44000244140625,137.92999267578125,139.39999389648438,139.35435485839844,219176600,0.0,0.0
2025-02-19 00:00:00-05:00,139.50999450683594,141.36000061035156,137.22000122070312,139.22999572753906,139.18438720703125,167536000,0.0,0.0
2025-02-20 00:00:00-05:00,140.02999877929688,140.66000366210938,136.7899932861328,140.11000061035156,140.06410217285156,143903600,0.0,0.0
2025-02-21 00:00:00-05:00,140.0399932861328,141.4600067138672,134.02999877929688,134.42999267578125,134.38595581054688,228217600,0.0,0.0
2025-02-24 00:00:00-05:00,136.55999755859375,138.58999633789062,130.0800018310547,130.27999877929688,130.23733520507812,251381100,0.0,0.0
2025-02-25 00:00:00-05:00,129.97999572753906,130.1999969482422,124.44000244140625,126.62999725341797,126.58851623535156,271428700,0.0,0.0
2025-02-26 00:00:00-05:00,129.99000549316406,133.72999572753906,128.49000549316406,131.27999877929688,131.23699951171875,322553800,0.0,0.0
2025-02-27 00:00:00-05:00,135.0,135.00999450683594,120.01000213623047,120.1500015258789,120.11064910888672,443175800,0.0,0.0
2025-02-28 00:00:00-05:00,118.0199966430664,125.08999633789062,116.4000015258789,124.91999816894531,124.87908172607422,389091100,0.0,0.0
2025-03-03 00:00:00-05:00,123.51000213623047,123.69999694824219,112.27999877929688,114.05999755859375,114.02263641357422,411381400,0.0,0.0
2025-03-04 00:00:00-05:00,110.6500015258789,119.30999755859375,110.11000061035156,115.98999786376953,115.9520034790039,398163300,0.0,0.0
2025-03-05 00:00:00-05:00,117.58000183105469,118.27999877929688,114.51000213623047,117.30000305175781,117.2615737915039,284337900,0.0,0.0
2025-03-06 00:00:00-05:00,113.52999877929688,115.3499984741211,110.22000122070312,110.56999969482422,110.53378295898438,321181900,0.0,0.0
2025-03-07 00:00:00-05:00,111.25,113.4800033569336,107.55999755859375,112.69000244140625,112.65309143066406,341755500,0.0,0.0
2025-03-10 00:00:00-04:00,109.9000015258789,111.8499984741211,105.45999908447266,106.9800033569336,106.94496154785156,366487400,0.0,0.0
2025-03-11 00:00:00-04:00,106.98999786376953,112.23999786376953,104.7699966430664,108.76000213623047,108.72438049316406,354865700,0.0,0.0
2025-03-12 00:00:00-04:00,114.12000274658203,116.76000213623047,112.87999725341797,115.73999786376953,115.71273803710938,323857500,0.01,0.0
2025-03-13 00:00:00-04:00,117.02999877929688,117.76000213623047,113.79000091552734,115.58000183105469,115.55277252197266,299033100,0.0,0.0
2025-03-14 00:00:00-04:00,118.61000061035156,121.87999725341797,118.1500015258789,121.66999816894531,121.6413345336914,277593500,0.0,0.0
2025-03-17 00:00:00-04:00,122.73999786376953,122.88999938964844,118.02999877929688,119.52999877929688,119.50183868408203,255501500,0.0,0.0
2025-03-18 00:00:00-04:00,118.0,119.0199966430664,114.54000091552734,115.43000030517578,115.40280151367188,299686900,0.0,0.0
2025-03-19 00:00:00-04:00,117.2699966430664,120.44999694824219,115.68000030517578,117.5199966430664,117.4923095703125,273426200,0.0,0.0
2025-03-20 00:00:00-04:00,116.55000305175781,120.19999694824219,116.47000122070312,118.52999877929688,118.50206756591797,248829700,0.0,0.0
2025-03-21 00:00:00-04:00,116.94000244140625,117.98999786376953,115.41999816894531,117.69999694824219,117.6722640991211,266498500,0.0,0.0
2025-03-24 00:00:00-04:00,119.87999725341797,122.22000122070312,119.33999633789062,121.41000366210938,121.38140106201172,228452500,0.0,0.0
2025-03-25 00:00:00-04:00,120.55000305175781,121.29000091552734,118.91999816894531,120.69000244140625,120.66156768798828,167447200,0.0,0.0
2025-03-26 00:00:00-04:00,118.7300033569336,118.83999633789062,112.70999908447266,113.76000213623047,113.73320007324219,293463300,0.0,0.0
2025-03-27 00:00:00-04:00,111.3499984741211,114.44999694824219,110.66000366210938,111.43000030517578,111.40375518798828,236902100,0.0,0.0
2025-03-28 00:00:00-04:00,111.48999786376953,112.87000274658203,109.06999969482422,109.66999816894531,109.6441650390625,229872500,0.0,0.0
2025-03-31 00:00:00-04:00,105.12999725341797,110.95999908447266,103.6500015258789,108.37999725341797,108.35446166992188,299212700,0.0,0.0
2025-04-01 00:00:00-04:00,108.5199966430664,110.19999694824219,106.47000122070312,110.1500015258789,110.1240463256836,222614000,0.0,0.0
2025-04-02 00:00:00-04:00,107.29000091552734,111.9800033569336,106.79000091552734,110.41999816894531,110.39398193359375,220601200,0.0,0.0
2025-04-03 00:00:00-04:00,103.51000213623047,105.62999725341797,101.5999984741211,101.80000305175781,101.77601623535156,338769400,0.0,0.0
2025-04-04 00:00:00-04:00,98.91000366210938,100.12999725341797,92.11000061035156,94.30999755859375,94.28778076171875,532273800,0.0,0.0
2025-04-07 00:00:00-04:00,87.45999908447266,101.75,86.62000274658203,97.63999938964844,97.61698913574219,611041300,0.0,0.0
2025-04-08 00:00:00-04:00,103.80999755859375,105.8499984741211,94.45999908447266,96.30000305175781,96.27731323242188,476243400,0.0,0.0
2025-04-09 00:00:00-04:00,98.88999938964844,115.0999984741211,97.52999877929688,114.33000183105469,114.30306243896484,612918300,0.0,0.0
2025-04-10 00:00:00-04:00,109.37000274658203,110.86000061035156,99.1500015258789,107.56999969482422,107.5446548461914,437812400,0.0,0.0
2025-04-11 00:00:00-04:00,108.5,111.55000305175781,107.4800033569336,110.93000030517578,110.90386199951172,313417300,0.0,0.0
2025-04-14 00:00:00-04:00,114.11000061035156,114.29000091552734,109.06999969482422,110.70999908447266,110.68391418457031,264705000,0.0,0.0
2025-04-15 00:00:00-04:00,110.97000122070312,113.62000274658203,110.5,112.19999694824219,112.1735610961914,228966900,0.0,0.0
2025-04-16 00:00:00-04:00,104.55000305175781,106.79000091552734,100.44999694824219,104.48999786376953,104.46538543701172,397016900,0.0,0.0
2025-04-17 00:00:00-04:00,104.44999694824219,104.47000122070312,100.05000305175781,101.48999786376953,101.4660873413086,292517500,0.0,0.0
2025-04-21 00:00:00-04:00,98.7699966430664,99.44000244140625,95.04000091552734,96.91000366210938,96.88717651367188,288501100,0.0,0.0
2025-04-22 00:00:00-04:00,98.77999877929688,99.80999755859375,97.27999877929688,98.88999938964844,98.86670684814453,241004800,0.0,0.0
2025-04-23 00:00:00-04:00,104.5199966430664,104.80000305175781,102.0199966430664,102.70999908447266,102.68579864501953,247526000,0.0,0.0
2025-04-24 00:00:00-04:00,103.4800033569336,106.54000091552734,103.11000061035156,106.43000030517578,106.40492248535156,220815000,0.0,0.0
2025-04-25 00:00:00-04:00,106.8499984741211,111.91999816894531,105.7300033569336,111.01000213623047,110.98385620117188,251064700,0.0,0.0
2025-04-28 00:00:00-04:00,109.69000244140625,110.37000274658203,106.0199966430664,108.7300033569336,108.70438385009766,207708500,0.0,0.0
2025-04-29 00:00:00-04:00,107.66999816894531,110.19999694824219,107.44000244140625,109.0199966430664,108.99431610107422,170444300,0.0,0.0
2025-04-30 00:00:00-04:00,104.47000122070312,108.91999816894531,104.08000183105469,108.91999816894531,108.89433288574219,235044600,0.0,0.0
2025-05-01 00:00:00-04:00,113.08000183105469,114.94000244140625,111.30000305175781,111.61000061035156,111.58370208740234,236121500,0.0,0.0
2025-05-02 00:00:00-04:00,114.18000030517578,115.4000015258789,113.37000274658203,114.5,114.47303009033203,190194800,0.0,0.0
2025-05-05 00:00:00-04:00,112.91000366210938,114.66999816894531,112.66000366210938,113.81999969482422,113.7931900024414,133163200,0.0,0.0
2025-05-06 00:00:00-04:00,111.4800033569336,114.73999786376953,110.81999969482422,113.54000091552734,113.51325988769531,158525600,0.0,0.0
2025-05-07 00:00:00-04:00,113.05000305175781,117.68000030517578,112.27999877929688,117.05999755859375,117.03242492675781,206758800,0.0,0.0
2025-05-08 00:00:00-04:00,118.25,118.68000030517578,115.8499984741211,117.37000274658203,117.34236145019531,198428100,0.0,0.0
2025-05-09 00:00:00-04:00,117.3499984741211,118.2300033569336,115.20999908447266,116.6500015258789,116.62252044677734,132972200,0.0,0.0
2025-05-12 00:00:00-04:00,121.97000122070312,123.0,120.27999877929688,123.0,122.97103118896484,225023300,0.0,0.0
2025-05-13 00:00:00-04:00,124.9800033569336,131.22000122070312,124.47000122070312,129.92999267578125,129.89938354492188,330430100,0.0,0.0
2025-05-14 00:00:00-04:00,133.1999969482422,135.44000244140625,131.67999267578125,135.33999633789062,135.30810546875,281180800,0.0,0.0
2025-05-15 00:00:00-04:00,134.2899932861328,136.3000030517578,132.66000366210938,134.8300018310547,134.79823303222656,226632600,0.0,0.0
2025-05-16 00:00:00-04:00,136.22000122070312,136.35000610351562,133.4600067138672,135.39999389648438,135.36810302734375,226542500,0.0,0.0
2025-05-19 00:00:00-04:00,132.38999938964844,135.8699951171875,132.38999938964844,135.57000732421875,135.53805541992188,193154600,0.0,0.0
2025-05-20 00:00:00-04:00,134.2899932861328,134.5800018310547,132.6199951171875,134.3800048828125,134.34832763671875,161514200,0.0,0.0
2025-05-21 00:00:00-04:00,133.05999755859375,137.39999389648438,130.58999633789062,131.8000030517578,131.76895141601562,270608700,0.0,0.0
2025-05-22 00:00:00-04:00,132.22999572753906,134.25,131.5500030517578,132.8300018310547,132.7987060546875,187344000,0.0,0.0
2025-05-23 00:00:00-04:00,130.0,132.67999267578125,129.16000366210938,131.2899932861328,131.25906372070312,198821300,0.0,0.0
2025-05-27 00:00:00-04:00,134.14999389648438,135.66000366210938,133.30999755859375,135.5,135.4680633544922,192953600,0.0,0.0
2025-05-28 00:00:00-04:00,136.02999877929688,137.25,134.7899932861328,134.80999755859375,134.7782440185547,304021100,0.0,0.0
2025-05-29 00:00:00-04:00,142.25,143.49000549316406,137.91000366210938,139.19000244140625,139.15721130371094,369241900,0.0,0.0
2025-05-30 00:00:00-04:00,138.72000122070312,139.6199951171875,132.9199981689453,135.1300048828125,135.09817504882812,333170900,0.0,0.0
2025-06-02 00:00:00-04:00,135.49000549316406,138.1199951171875,135.39999389648438,137.3800048828125,137.34764099121094,197663100,0.0,0.0
2025-06-03 00:00:00-04:00,138.77999877929688,142.0,137.9499969482422,141.22000122070312,141.1867218017578,225578800,0.0,0.0
2025-06-04 00:00:00-04:00,142.19000244140625,142.38999938964844,139.5399932861328,141.9199981689453,141.88656616210938,167120800,0.0,0.0
2025-06-05 00:00:00-04:00,142.1699981689453,144.0,138.8300018310547,139.99000549316406,139.95703125,231397900,0.0,0.0
2025-06-06 00:00:00-04:00,142.50999450683594,143.27000427246094,141.50999450683594,141.72000122070312,141.6865997314453,153986200,0.0,0.0
2025-06-09 00:00:00-04:00,143.19000244140625,145.0,141.94000244140625,142.6300048828125,142.59640502929688,185114500,0.0,0.0
2025-06-10 00:00:00-04:00,142.69000244140625,144.2899932861328,141.52999877929688,143.9600067138672,143.92608642578125,155881900,0.0,0.0
2025-06-11 00:00:00-04:00,144.61000061035156,144.99000549316406,141.8699951171875,142.8300018310547,142.80625915527344,167694000,0.01,0.0
2025-06-12 00:00:00-04:00,141.97000122070312,145.0,141.85000610351562,145.0,144.9759063720703,162365000,0.0,0.0
2025-06-13 00:00:00-04:00,142.47999572753906,143.5800018310547,140.85000610351562,141.97000122070312,141.94639587402344,180820600,0.0,0.0
2025-06-16 00:00:00-04:00,143.35000610351562,146.17999267578125,143.1999969482422,144.69000244140625,144.66595458984375,183133700,0.0,0.0
2025-06-17 00:00:00-04:00,144.49000549316406,145.22000122070312,143.77999877929688,144.1199951171875,144.09603881835938,139108000,0.0,0.0
2025-06-18 00:00:00-04:00,144.00999450683594,145.64999389648438,143.1199951171875,145.47999572753906,145.455810546875,161494100,0.0,0.0
2025-06-20 00:00:00-04:00,145.4499969482422,146.1999969482422,142.64999389648438,143.85000610351562,143.8260955810547,242956200,0.0,0.0
2025-06-23 00:00:00-04:00,142.5,144.77999877929688,142.02999877929688,144.1699981689453,144.1460418701172,154308900,0.0,0.0
2025-06-24 00:00:00-04:00,145.55999755859375,147.9600067138672,145.5,147.89999389648438,147.87539672851562,187566100,0.0,0.0
2025-06-25 00:00:00-04:00,149.27000427246094,154.4499969482422,149.25999450683594,154.30999755859375,154.28436279296875,269146500,0.0,0.0
2025-06-26 00:00:00-04:00,155.97999572753906,156.72000122070312,154.0,155.02000427246094,154.99423217773438,198145700,0.0,0.0
2025-06-27 00:00:00-04:00,156.0399932861328,158.7100067138672,155.25999450683594,157.75,157.7238006591797,263234500,0.0,0.0
2025-06-30 00:00:00-04:00,158.39999389648438,158.66000366210938,155.9600067138672,157.99000549316406,157.96376037597656,194580300,0.0,0.0
2025-07-01 00:00:00-04:00,156.2899932861328,157.1999969482422,151.49000549316406,153.3000030517578,153.2745361328125,213143600,0.0,0.0
2025-07-02 00:00:00-04:00,152.97999572753906,157.60000610351562,152.97000122070312,157.25,157.22386169433594,171224100,0.0,0.0
2025-07-03 00:00:00-04:00,158.3699951171875,160.97999572753906,157.77000427246094,159.33999633789062,159.3135223388672,143716100,0.0,0.0
2025-07-07 00:00:00-04:00,158.1999969482422,159.30999755859375,157.33999633789062,158.24000549316406,158.21371459960938,140139000,0.0,0.0
2025-07-08 00:00:00-04:00,159.3300018310547,160.22000122070312,158.38999938964844,160.0,159.97341918945312,138133000,0.0,0.0
2025-07-09 00:00:00-04:00,161.22000122070312,164.4199981689453,161.16000366210938,162.8800048828125,162.85293579101562,183656400,0.0,0.0
2025-07-10 00:00:00-04:00,164.32000732421875,164.5,161.61000061035156,164.10000610351562,164.07273864746094,167704100,0.0,0.0
2025-07-11 00:00:00-04:00,163.72000122070312,167.88999938964844,163.47000122070312,164.9199981689453,164.89259338378906,193633300,0.0,0.0
2025-07-14 00:00:00-04:00,165.3699951171875,165.49000549316406,162.02000427246094,164.07000732421875,164.04273986816406,136975800,0.0,0.0
2025-07-15 00:00:00-04:00,171.19000244140625,172.39999389648438,169.1999969482422,170.6999969482422,170.671630859375,230627400,0.0,0.0
2025-07-16 00:00:00-04:00,171.05999755859375,171.75,168.89999389648438,171.3699951171875,171.34152221679688,158831500,0.0,0.0
2025-07-17 00:00:00-04:00,172.02000427246094,174.16000366210938,170.8300018310547,173.0,172.97125244140625,160841100,0.0,0.0
2025-07-18 00:00:00-04:00,173.63999938964844,174.25,171.25999450683594,172.41000366210938,172.38136291503906,146456400,0.0,0.0
2025-07-21 00:00:00-04:00,172.75,173.3800048828125,171.0,171.3800048828125,171.35153198242188,123126100,0.0,0.0
2025-07-22 00:00:00-04:00,171.33999633789062,171.38999938964844,164.5800018310547,167.02999877929688,167.00225830078125,193114300,0.0,0.0
2025-07-23 00:00:00-04:00,169.52999877929688,171.25999450683594,167.97000122070312,170.77999877929688,170.75161743164062,154082200,0.0,0.0
2025-07-24 00:00:00-04:00,172.44000244140625,173.8300018310547,171.3000030517578,173.74000549316406,173.7111358642578,128984600,0.0,0.0
2025-07-25 00:00:00-04:00,173.61000061035156,174.72000122070312,172.9600067138672,173.5,173.47117614746094,122316800,0.0,0.0
2025-07-28 00:00:00-04:00,174.02000427246094,177.0,173.97000122070312,176.75,176.7206268310547,140023500,0.0,0.0
2025-07-29 00:00:00-04:00,177.9600067138672,179.3800048828125,175.02000427246094,175.50999450683594,175.4808349609375,154077500,0.0,0.0
2025-07-30 00:00:00-04:00,176.50999450683594,179.88999938964844,176.0399932861328,179.27000427246094,179.24021911621094,174312200,0.0,0.0
2025-07-31 00:00:00-04:00,182.89999389648438,183.3000030517578,175.92999267578125,177.8699951171875,177.84043884277344,221685400,0.0,0.0
2025-08-01 00:00:00-04:00,174.08999633789062,176.5399932861328,170.88999938964844,173.72000122070312,173.69113159179688,204529000,0.0,0.0
2025-08-04 00:00:00-04:00,175.16000366210938,180.1999969482422,174.52000427246094,180.0,179.9700927734375,148174600,0.0,0.0
2025-08-05 00:00:00-04:00,179.6199951171875,180.25999450683594,175.89999389648438,178.25999450683594,178.23037719726562,156407600,0.0,0.0
2025-08-06 00:00:00-04:00,176.3300018310547,179.89999389648438,176.25,179.4199981689453,179.3901824951172,137192300,0.0,0.0
2025-08-07 00:00:00-04:00,181.57000732421875,183.8800048828125,178.8000030517578,180.77000427246094,180.73997497558594,151878400,0.0,0.0
2025-08-08 00:00:00-04:00,181.5500030517578,183.3000030517578,180.39999389648438,182.6999969482422,182.66964721679688,123396700,0.0,0.0
2025-08-11 00:00:00-04:00,182.0500030517578,183.83999633789062,180.25,182.05999755859375,182.0297393798828,138323200,0.0,0.0
2025-08-12 00:00:00-04:00,182.9600067138672,184.47999572753906,179.4600067138672,183.16000366210938,183.1295623779297,145485700,0.0,0.0
2025-08-13 00:00:00-04:00,182.6199951171875,183.97000122070312,179.35000610351562,181.58999633789062,181.55982971191406,179871700,0.0,0.0
2025-08-14 00:00:00-04:00,179.75,183.02000427246094,179.4600067138672,182.02000427246094,181.98974609375,129554000,0.0,0.0
2025-08-15 00:00:00-04:00,181.8800048828125,181.89999389648438,178.0399932861328,180.4499969482422,180.42001342773438,156602200,0.0,0.0
2025-08-18 00:00:00-04:00,180.60000610351562,182.94000244140625,180.58999633789062,182.00999450683594,181.979736328125,132008000,0.0,0.0
2025-08-19 00:00:00-04:00,182.42999267578125,182.5,175.49000549316406,175.63999938964844,175.61080932617188,185229200,0.0,0.0
2025-08-20 00:00:00-04:00,175.1699981689453,176.0,168.8000030517578,175.39999389648438,175.370849609375,215142700,0.0,0.0
2025-08-21 00:00:00-04:00,174.85000610351562,176.89999389648438,173.80999755859375,174.97999572753906,174.95091247558594,140040900,0.0,0.0
2025-08-22 00:00:00-04:00,172.61000061035156,178.58999633789062,171.1999969482422,177.99000549316406,177.96043395996094,172789400,0.0,0.0
2025-08-25 00:00:00-04:00,178.35000610351562,181.91000366210938,176.57000732421875,179.80999755859375,179.78012084960938,163012800,0.0,0.0
2025-08-26 00:00:00-04:00,180.05999755859375,182.38999938964844,178.80999755859375,181.77000427246094,181.7397918701172,168688200,0.0,0.0
2025-08-27 00:00:00-04:00,181.97999572753906,182.49000549316406,179.10000610351562,181.60000610351562,181.56983947753906,235518900,0.0,0.0
2025-08-28 00:00:00-04:00,180.82000732421875,184.47000122070312,176.41000366210938,180.1699981689453,180.1400604248047,281787800,0.0,0.0
2025-08-29 00:00:00-04:00,178.11000061035156,178.14999389648438,173.14999389648438,174.17999267578125,174.1510467529297,243257900,0.0,0.0
2025-09-02 00:00:00-04:00,170.0,172.3800048828125,167.22000122070312,170.77999877929688,170.75161743164062,231164900,0.0,0.0
2025-09-03 00:00:00-04:00,171.05999755859375,172.41000366210938,168.8800048828125,170.6199951171875,170.59165954589844,164424900,0.0,0.0
2025-09-04 00:00:00-04:00,170.57000732421875,171.86000061035156,169.41000366210938,171.66000366210938,171.63148498535156,141670100,0.0,0.0
2025-09-05 00:00:00-04:00,168.02999877929688,169.02999877929688,164.07000732421875,167.02000427246094,166.9922637939453,224441400,0.0,0.0
2025-09-08 00:00:00-04:00,167.5500030517578,170.9600067138672,167.35000610351562,168.30999755859375,168.2820281982422,163769100,0.0,0.0
2025-09-09 00:00:00-04:00,169.08999633789062,170.97999572753906,166.74000549316406,170.75999450683594,170.7316131591797,157548400,0.0,0.0
2025-09-10 00:00:00-04:00,176.63999938964844,179.2899932861328,175.47000122070312,177.3300018310547,177.300537109375,226852000,0.0,0.0
2025-09-11 00:00:00-04:00,179.67999267578125,180.27999877929688,176.47999572753906,177.1699981689453,177.1505584716797,151159300,0.01,0.0
2025-09-12 00:00:00-04:00,177.77000427246094,178.60000610351562,176.4499969482422,177.82000732421875,177.80047607421875,124911000,0.0,0.0
2025-09-15 00:00:00-04:00,175.6699981689453,178.85000610351562,174.50999450683594,177.75,177.73049926757812,147061600,0.0,0.0
2025-09-16 00:00:00-04:00,177.0,177.5,174.3800048828125,174.8800048828125,174.86080932617188,140737800,0.0,0.0
2025-09-17 00:00:00-04:00,172.63999938964844,173.1999969482422,168.41000366210938,170.2899932861328,170.27130126953125,211843800,0.0,0.0
2025-09-18 00:00:00-04:00,173.97999572753906,177.10000610351562,172.9600067138672,176.24000549316406,176.2206573486328,191763300,0.0,0.0
2025-09-19 00:00:00-04:00,175.77000427246094,178.0800018310547,175.17999267578125,176.6699981689453,176.6505889892578,237182100,0.0,0.0
2025-09-22 00:00:00-04:00,175.3000030517578,184.5500030517578,174.7100067138672,183.61000061035156,183.58984375,269637000,0.0,0.0
2025-09-23 00:00:00-04:00,181.97000122070312,182.4199981689453,176.2100067138672,178.42999267578125,178.410400390625,192559600,0.0,0.0
2025-09-24 00:00:00-04:00,179.77000427246094,179.77999877929688,175.39999389648438,176.97000122070312,176.9505615234375,143564100,0.0,0.0
2025-09-25 00:00:00-04:00,174.47999572753906,180.25999450683594,173.1300048828125,177.69000244140625,177.67050170898438,191586700,0.0,0.0
2025-09-26 00:00:00-04:00,178.1699981689453,179.77000427246094,174.92999267578125,178.19000244140625,178.17044067382812,148573700,0.0,0.0
2025-09-29 00:00:00-04:00,180.42999267578125,184.0,180.32000732421875,181.85000610351562,181.83004760742188,193063500,0.0,0.0
2025-09-30 00:00:00-04:00,182.0800018310547,187.35000610351562,181.47999572753906,186.5800018310547,186.55950927734375,236981000,0.0,0.0
2025-10-01 00:00:00-04:00,185.24000549316406,188.13999938964844,183.89999389648438,187.24000549316406,187.21945190429688,173844900,0.0,0.0
2025-10-02 00:00:00-04:00,189.60000610351562,191.0500030517578,188.05999755859375,188.88999938964844,188.8692626953125,136805800,0.0,0.0
2025-10-03 00:00:00-04:00,189.19000244140625,190.36000061035156,185.3800048828125,187.6199951171875,187.5994110107422,137596900,0.0,0.0
2025-10-06 00:00:00-04:00,185.5,187.22999572753906,183.3300018310547,185.5399932861328,185.51962280273438,157678100,0.0,0.0
2025-10-07 00:00:00-04:00,186.22999572753906,189.05999755859375,184.0,185.0399932861328,185.01968383789062,140088000,0.0,0.0
2025-10-08 00:00:00-04:00,186.57000732421875,189.60000610351562,186.5399932861328,189.11000061035156,189.0892333984375,130168900,0.0,0.0
2025-10-09 00:00:00-04:00,192.22999572753906,195.3000030517578,191.05999755859375,192.57000732421875,192.54885864257812,182997200,0.0,0.0
2025-10-10 00:00:00-04:00,193.50999450683594,195.6199951171875,182.0500030517578,183.16000366210938,183.139892578125,268774400,0.0,0.0
2025-10-13 00:00:00-04:00,187.97000122070312,190.11000061035156,185.9600067138672,188.32000732421875,188.29933166503906,153482800,0.0,0.0
2025-10-14 00:00:00-04:00,184.77000427246094,184.8000030517578,179.6999969482422,180.02999877929688,180.01022338867188,205641400,0.0,0.0
2025-10-15 00:00:00-04:00,184.8000030517578,184.8699951171875,177.2899932861328,179.8300018310547,179.8102569580078,214450500,0.0,0.0
2025-10-16 00:00:00-04:00,182.22999572753906,183.27999877929688,179.77000427246094,181.80999755859375,181.7900390625,179723300,0.0,0.0
2025-10-17 00:00:00-04:00,180.17999267578125,184.10000610351562,179.75,183.22000122070312,183.19989013671875,173135200,0.0,0.0
2025-10-20 00:00:00-04:00,183.1300048828125,185.1999969482422,181.72999572753906,182.63999938964844,182.6199493408203,128544700,0.0,0.0
2025-10-21 00:00:00-04:00,182.7899932861328,182.7899932861328,179.8000030517578,181.16000366210938,181.14010620117188,124240200,0.0,0.0
2025-10-22 00:00:00-04:00,181.13999938964844,183.44000244140625,176.75999450683594,180.27999877929688,180.2602081298828,162249600,0.0,0.0
2025-10-23 00:00:00-04:00,180.4199981689453,183.02999877929688,179.7899932861328,182.16000366210938,182.13999938964844,111363700,0.0,0.0
2025-10-24 00:00:00-04:00,183.83999633789062,187.47000122070312,183.5,186.25999450683594,186.23953247070312,131296700,0.0,0.0
2025-10-27 00:00:00-04:00,189.99000549316406,192.0,188.42999267578125,191.49000549316406,191.46897888183594,153452700,0.0,0.0
2025-10-28 00:00:00-04:00,193.0500030517578,203.14999389648438,191.91000366210938,201.02999877929688,201.0079345703125,297986200,0.0,0.0
2025-10-29 00:00:00-04:00,207.97999572753906,212.19000244140625,204.77999877929688,207.0399932861328,207.01727294921875,308829600,0.0,0.0
2025-10-30 00:00:00-04:00,205.14999389648438,206.16000366210938,201.41000366210938,202.88999938964844,202.8677215576172,178864400,0.0,0.0
2025-10-31 00:00:00-04:00,206.4499969482422,207.97000122070312,202.07000732421875,202.49000549316406,202.4677734375,179802200,0.0,0.0
2025-11-03 00:00:00-05:00,208.0800018310547,211.33999633789062,205.55999755859375,206.8800048828125,206.85728454589844,180267300,0.0,0.0
2025-11-04 00:00:00-05:00,203.0,203.97000122070312,197.92999267578125,198.69000244140625,198.66818237304688,188919300,0.0,0.0
2025-11-05 00:00:00-05:00,198.77000427246094,202.9199981689453,194.64999389648438,195.2100067138672,195.18858337402344,171350300,0.0,0.0
2025-11-06 00:00:00-05:00,196.4199981689453,197.6199951171875,186.3800048828125,188.0800018310547,188.05935668945312,223029800,0.0,0.0
2025-11-07 00:00:00-05:00,184.89999389648438,188.32000732421875,178.91000366210938,188.14999389648438,188.1293487548828,264942300,0.0,0.0
2025-11-10 00:00:00-05:00,195.11000061035156,199.94000244140625,193.7899932861328,199.0500030517578,199.0281524658203,198897100,0.0,0.0
2025-11-11 00:00:00-05:00,195.16000366210938,195.4199981689453,191.3000030517578,193.16000366210938,193.1387939453125,176483300,0.0,0.0
2025-11-12 00:00:00-05:00,195.72000122070312,195.88999938964844,191.1300048828125,193.8000030517578,193.7787322998047,154935300,0.0,0.0
2025-11-13 00:00:00-05:00,191.0500030517578,191.44000244140625,183.85000610351562,186.86000061035156,186.8394775390625,207423100,0.0,0.0
2025-11-14 00:00:00-05:00,182.86000061035156,191.00999450683594,180.5800018310547,190.1699981689453,190.14910888671875,186591900,0.0,0.0
2025-11-17 00:00:00-05:00,185.97000122070312,189.0,184.32000732421875,186.60000610351562,186.5795135498047,173628900,0.0,0.0
2025-11-18 00:00:00-05:00,183.3800048828125,184.8000030517578,179.64999389648438,181.36000061035156,181.340087890625,213598900,0.0,0.0
2025-11-19 00:00:00-05:00,184.7899932861328,187.86000061035156,182.8300018310547,186.52000427246094,186.49952697753906,247246400,0.0,0.0
2025-11-20 00:00:00-05:00,195.9499969482422,196.0,179.85000610351562,180.63999938964844,180.6201629638672,343504800,0.0,0.0
2025-11-21 00:00:00-05:00,181.24000549316406,184.55999755859375,172.92999267578125,178.8800048828125,178.86036682128906,346926200,0.0,0.0
2025-11-24 00:00:00-05:00,179.49000549316406,183.5,176.47999572753906,182.5500030517578,182.52996826171875,256618300,0.0,0.0
2025-11-25 00:00:00-05:00,174.91000366210938,178.16000366210938,169.5500030517578,177.82000732421875,177.80047607421875,320600300,0.0,0.0
2025-11-26 00:00:00-05:00,181.6300048828125,182.91000366210938,178.24000549316406,180.25999450683594,180.24020385742188,183852000,0.0,0.0
2025-11-28 00:00:00-05:00,179.00999450683594,179.2899932861328,176.5,177.0,176.98056030273438,121332800,0.0,0.0
2025-12-01 00:00:00-05:00,174.75999450683594,180.3000030517578,173.67999267578125,179.9199981689453,179.90025329589844,188131000,0.0,0.0
2025-12-02 00:00:00-05:00,181.75999450683594,185.66000366210938,180.0,181.4600067138672,181.44007873535156,182632200,0.0,0.0
2025-12-03 00:00:00-05:00,181.0800018310547,182.4499969482422,179.11000061035156,179.58999633789062,179.57028198242188,165138000,0.0,0.0
2025-12-04 00:00:00-05:00,181.6199951171875,184.52000427246094,179.9600067138672,183.3800048828125,183.37008666992188,167364900,0.01,0.0
2025-12-05 00:00:00-05:00,183.88999938964844,184.66000366210938,180.91000366210938,182.41000366210938,182.40013122558594,143971100,0.0,0.0
2025-12-08 00:00:00-05:00,182.63999938964844,188.0,182.39999389648438,185.5500030517578,185.5399627685547,204378100,0.0,0.0
2025-12-09 00:00:00-05:00,185.55999755859375,185.72000122070312,183.32000732421875,184.97000122070312,184.95999145507812,144719700,0.0,0.0
2025-12-10 00:00:00-05:00,184.97000122070312,185.47999572753906,182.0399932861328,183.77999877929688,183.77005004882812,162785400,0.0,0.0
2025-12-11 00:00:00-05:00,180.27999877929688,181.32000732421875,176.6199951171875,180.92999267578125,180.92019653320312,182136600,0.0,0.0
2025-12-12 00:00:00-05:00,181.11000061035156,182.82000732421875,174.6199951171875,175.02000427246094,175.01052856445312,204274900,0.0,0.0
2025-12-15 00:00:00-05:00,177.94000244140625,178.4199981689453,175.02999877929688,176.2899932861328,176.28045654296875,164775600,0.0,0.0
2025-12-16 00:00:00-05:00,176.25999450683594,178.49000549316406,174.89999389648438,177.72000122070312,177.71038818359375,148588100,0.0,0.0
2025-12-17 00:00:00-05:00,176.10000610351562,176.1300048828125,170.30999755859375,170.94000244140625,170.93075561523438,222775500,0.0,0.0
2025-12-18 00:00:00-05:00,174.52999877929688,176.14999389648438,171.82000732421875,174.13999938964844,174.1305694580078,176096000,0.0,0.0
2025-12-19 00:00:00-05:00,176.6699981689453,181.4499969482422,176.33999633789062,180.99000549316406,180.98020935058594,324925900,0.0,0.0
2025-12-22 00:00:00-05:00,183.9199981689453,184.16000366210938,182.35000610351562,183.69000244140625,183.6800537109375,129064400,0.0,0.0
2025-12-23 00:00:00-05:00,182.97000122070312,189.3300018310547,182.89999389648438,189.2100067138672,189.19976806640625,174873600,0.0,0.0
2025-12-24 00:00:00-05:00,187.94000244140625,188.91000366210938,186.58999633789062,188.61000061035156,188.59979248046875,65528500,0.0,0.0
2025-12-26 00:00:00-05:00,189.9199981689453,192.69000244140625,188.0,190.52999877929688,190.51968383789062,139740300,0.0,0.0
2025-12-29 00:00:00-05:00,187.7100067138672,188.75999450683594,185.91000366210938,188.22000122070312,188.20980834960938,120006100,0.0,0.0
2025-12-30 00:00:00-05:00,188.24000549316406,188.99000549316406,186.92999267578125,187.5399932861328,187.52984619140625,97687300,0.0,0.0
2025-12-31 00:00:00-05:00,189.57000732421875,190.55999755859375,186.49000549316406,186.5,186.4899139404297,120100500,0.0,0.0
2026-01-02 00:00:00-05:00,189.83999633789062,192.92999267578125,188.25999450683594,188.85000610351562,188.83978271484375,148240500,0.0,0.0
2026-01-05 00:00:00-05:00,191.75999450683594,193.6300048828125,186.14999389648438,188.1199951171875,188.1098175048828,183529700,0.0,0.0
2026-01-06 00:00:00-05:00,190.52000427246094,192.1699981689453,186.82000732421875,187.24000549316406,187.22987365722656,176862600,0.0,0.0
2026-01-07 00:00:00-05:00,188.57000732421875,191.3699951171875,186.55999755859375,189.11000061035156,189.09976196289062,153543200,0.0,0.0
2026-01-08 00:00:00-05:00,189.11000061035156,189.5500030517578,183.7100067138672,185.0399932861328,185.0299835205078,172457000,0.0,0.0
2026-01-09 00:00:00-05:00,185.0800018310547,186.33999633789062,183.6699981689453,184.86000061035156,184.84999084472656,131327500,0.0,0.0
2026-01-12 00:00:00-05:00,183.22000122070312,187.1199951171875,183.02000427246094,184.94000244140625,184.92999267578125,137968500,0.0,0.0
2026-01-13 00:00:00-05:00,185.0,188.11000061035156,183.39999389648438,185.80999755859375,185.79994201660156,160128900,0.0,0.0
2026-01-14 00:00:00-05:00,184.32000732421875,184.4600067138672,180.8000030517578,183.13999938964844,183.1300811767578,159586100,0.0,0.0
2026-01-15 00:00:00-05:00,186.5,189.6999969482422,186.3300018310547,187.0500030517578,187.03988647460938,206188600,0.0,0.0
2026-01-16 00:00:00-05:00,189.0800018310547,190.44000244140625,186.0800018310547,186.22999572753906,186.21990966796875,187967200,0.0,0.0
2026-01-20 00:00:00-05:00,181.89999389648438,182.3800048828125,177.61000061035156,178.07000732421875,178.06036376953125,223345300,0.0,0.0
2026-01-21 00:00:00-05:00,179.0500030517578,185.3800048828125,178.39999389648438,183.32000732421875,183.31008911132812,200381000,0.0,0.0
2026-01-22 00:00:00-05:00,184.75,186.1699981689453,183.92999267578125,184.83999633789062,184.82998657226562,139636600,0.0,0.0
2026-01-23 00:00:00-05:00,187.5,189.60000610351562,186.82000732421875,187.6699981689453,187.6598358154297,142748100,0.0,0.0
2026-01-26 00:00:00-05:00,187.16000366210938,189.1199951171875,185.99000549316406,186.47000122070312,186.4599151611328,124799600,0.0,0.0
2026-01-27 00:00:00-05:00,187.24000549316406,190.0,185.6999969482422,188.52000427246094,188.50979614257812,143711600,0.0,0.0
2026-01-28 00:00:00-05:00,191.27000427246094,192.35000610351562,189.83999633789062,191.52000427246094,191.5096435546875,148552700,0.0,0.0
2026-01-29 00:00:00-05:00,191.33999633789062,193.47999572753906,186.05999755859375,192.50999450683594,192.49957275390625,171764400,0.0,0.0
2026-01-30 00:00:00-05:00,191.2100067138672,194.49000549316406,189.47000122070312,191.1300048828125,191.11965942382812,179489500,0.0,0.0
2026-02-02 00:00:00-05:00,187.1999969482422,190.3000030517578,184.8800048828125,185.61000061035156,185.59996032714844,165794100,0.0,0.0
2026-02-03 00:00:00-05:00,186.24000549316406,186.27000427246094,176.22999572753906,180.33999633789062,180.33023071289062,204019600,0.0,0.0
2026-02-04 00:00:00-05:00,179.4600067138672,179.5800018310547,171.91000366210938,174.19000244140625,174.18057250976562,207014100,0.0,0.0
2026-02-05 00:00:00-05:00,174.92999267578125,176.82000732421875,171.02999877929688,171.8800048828125,171.87069702148438,206312900,0.0,0.0
2026-02-06 00:00:00-05:00,176.69000244140625,187.0,174.60000610351562,185.41000366210938,185.39996337890625,231346200,0.0,0.0
2026-02-09 00:00:00-05:00,184.25999450683594,193.66000366210938,183.9499969482422,190.0399932861328,190.0297088623047,196387400,0.0,0.0
2026-02-10 00:00:00-05:00,191.3800048828125,192.47999572753906,188.1199951171875,188.5399932861328,188.52978515625,136764800,0.0,0.0
2026-02-11 00:00:00-05:00,192.4499969482422,193.25999450683594,188.77000427246094,190.0500030517578,190.0397186279297,144192700,0.0,0.0
2026-02-12 00:00:00-05:00,193.02999877929688,193.61000061035156,186.50999450683594,186.94000244140625,186.9298858642578,189932500,0.0,0.0
2026-02-13 00:00:00-05:00,187.47999572753906,187.5,181.58999633789062,182.80999755859375,182.80010986328125,161888000,0.0,0.0
2026-02-17 00:00:00-05:00,181.75,187.14999389648438,179.17999267578125,184.97000122070312,184.95999145507812,162276900,0.0,0.0
2026-02-18 00:00:00-05:00,188.75,190.3699951171875,186.75999450683594,187.97999572753906,187.96981811523438,164749100,0.0,0.0
2026-02-19 00:00:00-05:00,187.05999755859375,188.42999267578125,185.66000366210938,187.89999389648438,187.88983154296875,126554500,0.0,0.0
2026-02-20 00:00:00-05:00,186.57000732421875,190.3300018310547,185.94000244140625,189.82000732421875,189.8097381591797,178422300,0.0,0.0
2026-02-23 00:00:00-05:00,191.39999389648438,193.9499969482422,189.5800018310547,191.5500030517578,191.53964233398438,171584800,0.0,0.0
2026-02-24 00:00:00-05:00,191.49000549316406,193.77000427246094,187.39999389648438,192.85000610351562,192.83956909179688,175123600,0.0,0.0
2026-02-25 00:00:00-05:00,194.4499969482422,197.6300048828125,193.7899932861328,195.55999755859375,195.54940795898438,250637100,0.0,0.0
2026-02-26 00:00:00-05:00,194.27000427246094,194.2899932861328,184.32000732421875,184.88999938964844,184.87998962402344,360807900,0.0,0.0
2026-02-27 00:00:00-05:00,181.25,182.58999633789062,176.3800048828125,177.19000244140625,177.180419921875,311636500,0.0,0.0
2026-03-02 00:00:00-05:00,175.00999450683594,183.4600067138672,174.63999938964844,182.47999572753906,182.47012329101562,209095300,0.0,0.0
2026-03-03 00:00:00-05:00,178.49000549316406,180.89999389648438,176.9199981689453,180.0500030517578,180.04025268554688,178099400,0.0,0.0
2026-03-04 00:00:00-05:00,180.44000244140625,184.6999969482422,180.05999755859375,183.0399932861328,183.03009033203125,177731200,0.0,0.0
2026-03-05 00:00:00-05:00,181.1699981689453,184.05999755859375,177.8800048828125,183.33999633789062,183.330078125,198779700,0.0,0.0
2026-03-06 00:00:00-05:00,179.83999633789062,182.75999450683594,176.82000732421875,177.82000732421875,177.8103790283203,189021900,0.0,0.0
2026-03-09 00:00:00-04:00,176.8300018310547,182.91000366210938,175.55999755859375,182.64999389648438,182.64010620117188,177213600,0.0,0.0
2026-03-10 00:00:00-04:00,182.39999389648438,186.44000244140625,182.00999450683594,184.77000427246094,184.760009765625,179118500,0.0,0.0
2026-03-11 00:00:00-04:00,185.91000366210938,187.6199951171875,184.4499969482422,186.02999877929688,186.02999877929688,145280400,0.01,0.0
2026-03-12 00:00:00-04:00,184.0500030517578,184.94000244140625,181.75,183.13999938964844,183.13999938964844,155762700,0.0,0.0
2026-03-13 00:00:00-04:00,184.9199981689453,186.08999633789062,179.94000244140625,180.25,180.25,160988400,0.0,0.0
2026-03-16 00:00:00-04:00,182.97000122070312,188.8800048828125,181.41000366210938,183.22000122070312,183.22000122070312,217307400,0.0,0.0
2026-03-17 00:00:00-04:00,185.05999755859375,185.39999389648438,181.67999267578125,181.92999267578125,181.92999267578125,182497800,0.0,0.0
2026-03-18 00:00:00-04:00,182.47999572753906,183.3800048828125,180.3300018310547,180.39999389648438,180.39999389648438,156683100,0.0,0.0
2026-03-19 00:00:00-04:00,178.00999450683594,179.97999572753906,175.7899932861328,178.55999755859375,178.55999755859375,170968500,0.0,0.0
2026-03-20 00:00:00-04:00,178.0,178.25999450683594,171.72000122070312,172.6999969482422,172.6999969482422,241323500,0.0,0.0
2026-03-23 00:00:00-04:00,177.25999450683594,178.3699951171875,174.75999450683594,175.63999938964844,175.63999938964844,182836300,0.0,0.0
2026-03-24 00:00:00-04:00,174.8300018310547,176.22000122070312,173.97999572753906,175.1999969482422,175.1999969482422,147667800,0.0,0.0
2026-03-25 00:00:00-04:00,177.10000610351562,181.22000122070312,176.85000610351562,178.67999267578125,178.67999267578125,162602100,0.0,0.0
2026-03-26 00:00:00-04:00,176.07000732421875,176.50999450683594,171.13999938964844,171.24000549316406,171.24000549316406,186152200,0.0,0.0
2026-03-27 00:00:00-04:00,170.0,170.97000122070312,167.00999450683594,167.52000427246094,167.52000427246094,196212700,0.0,0.0
2026-03-30 00:00:00-04:00,168.77999877929688,169.4499969482422,164.27000427246094,165.1699981689453,165.1699981689453,185627000,0.0,0.0
2026-03-31 00:00:00-04:00,166.97000122070312,174.6199951171875,166.9600067138672,174.39999389648438,174.39999389648438,226181300,0.0,0.0
2026-04-01 00:00:00-04:00,176.0,177.3699951171875,174.75,175.75,175.75,168132000,0.0,0.0
2026-04-02 00:00:00-04:00,172.17999267578125,177.49000549316406,171.3699951171875,177.38999938964844,177.38999938964844,143143200,0.0,0.0
2026-04-06 00:00:00-04:00,177.15499877929688,177.7899932861328,175.75999450683594,176.14999389648438,176.14999389648438,23591279,0.0,0.0
