Date,open,high,low,close,adj close,volume,dividends,stock splits,capital gains
2023-04-06 00:00:00-04:00,22.790000915527344,22.979999542236328,22.579999923706055,22.889999389648438,22.889999389648438,13297400,0.0,0.0,0.0
2023-04-10 00:00:00-04:00,22.81999969482422,22.889999389648438,22.719999313354492,22.8799991607666,22.8799991607666,12751600,0.0,0.0,0.0
2023-04-11 00:00:00-04:00,22.899999618530273,23.100000381469727,22.850000381469727,23.040000915527344,23.040000915527344,14526500,0.0,0.0,0.0
2023-04-12 00:00:00-04:00,23.3700008392334,23.469999313354492,23.049999237060547,23.43000030517578,23.43000030517578,21592400,0.0,0.0,0.0
2023-04-13 00:00:00-04:00,23.690000534057617,23.860000610351562,23.559999465942383,23.739999771118164,23.739999771118164,30298700,0.0,0.0,0.0
2023-04-14 00:00:00-04:00,23.84000015258789,23.889999389648438,23.100000381469727,23.309999465942383,23.309999465942383,34948600,0.0,0.0,0.0
2023-04-17 00:00:00-04:00,23.290000915527344,23.329999923706055,22.790000915527344,23.020000457763672,23.020000457763672,24471600,0.0,0.0,0.0
2023-04-18 00:00:00-04:00,22.93000030517578,23.270000457763672,22.899999618530273,23.149999618530273,23.149999618530273,14353800,0.0,0.0,0.0
2023-04-19 00:00:00-04:00,23.079999923706055,23.31999969482422,23.059999465942383,23.229999542236328,23.229999542236328,18571300,0.0,0.0,0.0
2023-04-20 00:00:00-04:00,23.229999542236328,23.420000076293945,23.049999237060547,23.170000076293945,23.170000076293945,15332300,0.0,0.0,0.0
2023-04-21 00:00:00-04:00,23.18000030517578,23.31999969482422,22.8799991607666,22.979999542236328,22.979999542236328,17623900,0.0,0.0,0.0
2023-04-24 00:00:00-04:00,22.93000030517578,23.18000030517578,22.84000015258789,23.079999923706055,23.079999923706055,13576600,0.0,0.0,0.0
2023-04-25 00:00:00-04:00,22.93000030517578,23.030000686645508,22.6299991607666,22.989999771118164,22.989999771118164,22711400,0.0,0.0,0.0
2023-04-26 00:00:00-04:00,23.1200008392334,23.1200008392334,22.709999084472656,22.829999923706055,22.829999923706055,20916800,0.0,0.0,0.0
2023-04-27 00:00:00-04:00,22.59000015258789,22.93000030517578,22.520000457763672,22.889999389648438,22.889999389648438,16054200,0.0,0.0,0.0
2023-04-28 00:00:00-04:00,22.8799991607666,23.030000686645508,22.75,23.0,23.0,14213300,0.0,0.0,0.0
2023-05-01 00:00:00-04:00,23.690000534057617,23.709999084472656,22.860000610351562,22.889999389648438,22.889999389648438,30354800,0.0,0.0,0.0
2023-05-02 00:00:00-04:00,22.670000076293945,23.40999984741211,22.639999389648438,23.350000381469727,23.350000381469727,27235300,0.0,0.0,0.0
2023-05-03 00:00:00-04:00,23.290000915527344,23.530000686645508,23.15999984741211,23.43000030517578,23.43000030517578,20545300,0.0,0.0,0.0
2023-05-04 00:00:00-04:00,23.420000076293945,23.940000534057617,23.420000076293945,23.940000534057617,23.940000534057617,31012600,0.0,0.0,0.0
2023-05-05 00:00:00-04:00,23.3799991607666,23.59000015258789,23.1200008392334,23.56999969482422,23.56999969482422,26200200,0.0,0.0,0.0
2023-05-08 00:00:00-04:00,23.5,23.600000381469727,23.43000030517578,23.489999771118164,23.489999771118164,11445900,0.0,0.0,0.0
2023-05-09 00:00:00-04:00,23.399999618530273,23.579999923706055,23.3700008392334,23.479999542236328,23.479999542236328,11470300,0.0,0.0,0.0
2023-05-10 00:00:00-04:00,23.600000381469727,23.65999984741211,23.170000076293945,23.309999465942383,23.309999465942383,18265600,0.0,0.0,0.0
2023-05-11 00:00:00-04:00,22.6299991607666,22.719999313354492,22.170000076293945,22.200000762939453,22.200000762939453,29635300,0.0,0.0,0.0
2023-05-12 00:00:00-04:00,22.059999465942383,22.190000534057617,21.90999984741211,22.020000457763672,22.020000457763672,18629900,0.0,0.0,0.0
2023-05-15 00:00:00-04:00,22.139999389648438,22.239999771118164,22.020000457763672,22.100000381469727,22.100000381469727,11308600,0.0,0.0,0.0
2023-05-16 00:00:00-04:00,22.0,22.110000610351562,21.700000762939453,21.809999465942383,21.809999465942383,17266300,0.0,0.0,0.0
2023-05-17 00:00:00-04:00,21.920000076293945,21.920000076293945,21.6200008392334,21.81999969482422,21.81999969482422,14587600,0.0,0.0,0.0
2023-05-18 00:00:00-04:00,21.610000610351562,21.6299991607666,21.420000076293945,21.559999465942383,21.559999465942383,17283500,0.0,0.0,0.0
2023-05-19 00:00:00-04:00,21.700000762939453,22.059999465942383,21.579999923706055,21.860000610351562,21.860000610351562,20547900,0.0,0.0,0.0
2023-05-22 00:00:00-04:00,21.860000610351562,21.950000762939453,21.670000076293945,21.670000076293945,21.670000076293945,12665500,0.0,0.0,0.0
2023-05-23 00:00:00-04:00,21.559999465942383,21.709999084472656,21.469999313354492,21.510000228881836,21.510000228881836,15236300,0.0,0.0,0.0
2023-05-24 00:00:00-04:00,21.40999984741211,21.440000534057617,21.139999389648438,21.15999984741211,21.15999984741211,19508500,0.0,0.0,0.0
2023-05-25 00:00:00-04:00,21.18000030517578,21.190000534057617,20.84000015258789,20.860000610351562,20.860000610351562,14846600,0.0,0.0,0.0
2023-05-26 00:00:00-04:00,21.260000228881836,21.43000030517578,21.139999389648438,21.3799991607666,21.3799991607666,13685100,0.0,0.0,0.0
2023-05-30 00:00:00-04:00,21.25,21.3700008392334,21.1299991607666,21.299999237060547,21.299999237060547,9121100,0.0,0.0,0.0
2023-05-31 00:00:00-04:00,21.399999618530273,21.690000534057617,21.190000534057617,21.610000610351562,21.610000610351562,18058500,0.0,0.0,0.0
2023-06-01 00:00:00-04:00,21.59000015258789,21.969999313354492,21.579999923706055,21.950000762939453,21.950000762939453,17940600,0.0,0.0,0.0
2023-06-02 00:00:00-04:00,21.969999313354492,22.0,21.649999618530273,21.690000534057617,21.690000534057617,13007000,0.0,0.0,0.0
2023-06-05 00:00:00-04:00,21.520000457763672,21.75,21.459999084472656,21.639999389648438,21.639999389648438,10411300,0.0,0.0,0.0
2023-06-06 00:00:00-04:00,21.6299991607666,21.709999084472656,21.43000030517578,21.649999618530273,21.649999618530273,9406900,0.0,0.0,0.0
2023-06-07 00:00:00-04:00,21.700000762939453,22.09000015258789,21.5,21.510000228881836,21.510000228881836,16744500,0.0,0.0,0.0
2023-06-08 00:00:00-04:00,22.010000228881836,22.360000610351562,22.010000228881836,22.299999237060547,22.299999237060547,20397100,0.0,0.0,0.0
2023-06-09 00:00:00-04:00,22.260000228881836,22.520000457763672,22.209999084472656,22.270000457763672,22.270000457763672,10972800,0.0,0.0,0.0
2023-06-12 00:00:00-04:00,22.059999465942383,22.1200008392334,21.920000076293945,22.079999923706055,22.079999923706055,12277700,0.0,0.0,0.0
2023-06-13 00:00:00-04:00,22.110000610351562,22.209999084472656,21.65999984741211,21.739999771118164,21.739999771118164,14921900,0.0,0.0,0.0
2023-06-14 00:00:00-04:00,21.959999084472656,22.110000610351562,21.889999389648438,21.969999313354492,21.969999313354492,11298600,0.0,0.0,0.0
2023-06-15 00:00:00-04:00,21.670000076293945,21.950000762939453,21.670000076293945,21.940000534057617,21.940000534057617,11361000,0.0,0.0,0.0
2023-06-16 00:00:00-04:00,22.079999923706055,22.219999313354492,21.920000076293945,22.18000030517578,22.18000030517578,10974100,0.0,0.0,0.0
2023-06-20 00:00:00-04:00,21.40999984741211,21.450000762939453,21.170000076293945,21.260000228881836,21.260000228881836,24042200,0.0,0.0,0.0
2023-06-21 00:00:00-04:00,20.950000762939453,20.969999313354492,20.649999618530273,20.84000015258789,20.84000015258789,19678000,0.0,0.0,0.0
2023-06-22 00:00:00-04:00,20.6299991607666,20.709999084472656,20.459999084472656,20.530000686645508,20.530000686645508,17066500,0.0,0.0,0.0
2023-06-23 00:00:00-04:00,20.649999618530273,20.829999923706055,20.459999084472656,20.579999923706055,20.579999923706055,13003800,0.0,0.0,0.0
2023-06-26 00:00:00-04:00,20.850000381469727,21.0,20.739999771118164,20.899999618530273,20.899999618530273,12880100,0.0,0.0,0.0
2023-06-27 00:00:00-04:00,21.170000076293945,21.200000762939453,20.889999389648438,20.979999542236328,20.979999542236328,14341700,0.0,0.0,0.0
2023-06-28 00:00:00-04:00,20.860000610351562,20.989999771118164,20.709999084472656,20.84000015258789,20.84000015258789,8188400,0.0,0.0,0.0
2023-06-29 00:00:00-04:00,20.559999465942383,20.81999969482422,20.450000762939453,20.719999313354492,20.719999313354492,13780900,0.0,0.0,0.0
2023-06-30 00:00:00-04:00,20.649999618530273,20.969999313354492,20.56999969482422,20.889999389648438,20.889999389648438,10504600,0.0,0.0,0.0
2023-07-03 00:00:00-04:00,21.049999237060547,21.18000030517578,21.0,21.010000228881836,21.010000228881836,9135000,0.0,0.0,0.0
2023-07-05 00:00:00-04:00,21.31999969482422,21.350000381469727,21.100000381469727,21.209999084472656,21.209999084472656,13299400,0.0,0.0,0.0
2023-07-06 00:00:00-04:00,21.020000457763672,21.030000686645508,20.670000076293945,20.829999923706055,20.829999923706055,12544400,0.0,0.0,0.0
2023-07-07 00:00:00-04:00,20.920000076293945,21.239999771118164,20.920000076293945,21.18000030517578,21.18000030517578,10657900,0.0,0.0,0.0
2023-07-10 00:00:00-04:00,21.049999237060547,21.25,21.049999237060547,21.239999771118164,21.239999771118164,8670800,0.0,0.0,0.0
2023-07-11 00:00:00-04:00,21.25,21.299999237060547,21.1200008392334,21.200000762939453,21.200000762939453,6763100,0.0,0.0,0.0
2023-07-12 00:00:00-04:00,21.90999984741211,22.15999984741211,21.8799991607666,22.149999618530273,22.149999618530273,24114700,0.0,0.0,0.0
2023-07-13 00:00:00-04:00,22.489999771118164,22.780000686645508,22.40999984741211,22.780000686645508,22.780000686645508,22406700,0.0,0.0,0.0
2023-07-14 00:00:00-04:00,22.790000915527344,22.959999084472656,22.709999084472656,22.860000610351562,22.860000610351562,16802400,0.0,0.0,0.0
2023-07-17 00:00:00-04:00,22.690000534057617,22.81999969482422,22.56999969482422,22.790000915527344,22.790000915527344,9095900,0.0,0.0,0.0
2023-07-18 00:00:00-04:00,22.809999465942383,23.100000381469727,22.729999542236328,22.989999771118164,22.989999771118164,14763800,0.0,0.0,0.0
2023-07-19 00:00:00-04:00,23.0,23.15999984741211,22.920000076293945,23.100000381469727,23.100000381469727,12889300,0.0,0.0,0.0
2023-07-20 00:00:00-04:00,23.100000381469727,23.1299991607666,22.670000076293945,22.68000030517578,22.68000030517578,16215100,0.0,0.0,0.0
2023-07-21 00:00:00-04:00,22.68000030517578,22.709999084472656,22.559999465942383,22.56999969482422,22.56999969482422,11279000,0.0,0.0,0.0
2023-07-24 00:00:00-04:00,22.399999618530273,22.459999084472656,22.260000228881836,22.329999923706055,22.329999923706055,15105400,0.0,0.0,0.0
2023-07-25 00:00:00-04:00,22.56999969482422,22.690000534057617,22.459999084472656,22.6200008392334,22.6200008392334,10753400,0.0,0.0,0.0
2023-07-26 00:00:00-04:00,22.579999923706055,22.969999313354492,22.5,22.90999984741211,22.90999984741211,24549800,0.0,0.0,0.0
2023-07-27 00:00:00-04:00,22.5,22.520000457763672,22.059999465942383,22.110000610351562,22.110000610351562,27325200,0.0,0.0,0.0
2023-07-28 00:00:00-04:00,22.260000228881836,22.389999389648438,22.190000534057617,22.31999969482422,22.31999969482422,10628300,0.0,0.0,0.0
2023-07-31 00:00:00-04:00,22.479999542236328,22.790000915527344,22.479999542236328,22.690000534057617,22.690000534057617,14038900,0.0,0.0,0.0
2023-08-01 00:00:00-04:00,22.309999465942383,22.440000534057617,22.139999389648438,22.290000915527344,22.290000915527344,11580400,0.0,0.0,0.0
2023-08-02 00:00:00-04:00,22.190000534057617,22.219999313354492,21.700000762939453,21.75,21.75,16396700,0.0,0.0,0.0
2023-08-03 00:00:00-04:00,21.649999618530273,21.75,21.579999923706055,21.6299991607666,21.6299991607666,16330500,0.0,0.0,0.0
2023-08-04 00:00:00-04:00,21.68000030517578,21.829999923706055,21.59000015258789,21.65999984741211,21.65999984741211,12397000,0.0,0.0,0.0
2023-08-07 00:00:00-04:00,21.59000015258789,21.600000381469727,21.15999984741211,21.209999084472656,21.209999084472656,11803100,0.0,0.0,0.0
2023-08-08 00:00:00-04:00,20.8700008392334,20.989999771118164,20.799999237060547,20.899999618530273,20.899999618530273,16557900,0.0,0.0,0.0
2023-08-09 00:00:00-04:00,20.850000381469727,21.0,20.75,20.799999237060547,20.799999237060547,11966200,0.0,0.0,0.0
2023-08-10 00:00:00-04:00,20.8799991607666,21.100000381469727,20.770000457763672,20.829999923706055,20.829999923706055,13574900,0.0,0.0,0.0
2023-08-11 00:00:00-04:00,20.81999969482422,20.959999084472656,20.760000228881836,20.799999237060547,20.799999237060547,8428800,0.0,0.0,0.0
2023-08-14 00:00:00-04:00,20.700000762939453,20.809999465942383,20.520000457763672,20.719999313354492,20.719999313354492,10036200,0.0,0.0,0.0
2023-08-15 00:00:00-04:00,20.6299991607666,20.829999923706055,20.520000457763672,20.670000076293945,20.670000076293945,11894800,0.0,0.0,0.0
2023-08-16 00:00:00-04:00,20.739999771118164,20.84000015258789,20.549999237060547,20.559999465942383,20.559999465942383,13151800,0.0,0.0,0.0
2023-08-17 00:00:00-04:00,21.059999465942383,21.079999923706055,20.709999084472656,20.799999237060547,20.799999237060547,16299600,0.0,0.0,0.0
2023-08-18 00:00:00-04:00,20.84000015258789,20.940000534057617,20.780000686645508,20.8700008392334,20.8700008392334,10430300,0.0,0.0,0.0
2023-08-21 00:00:00-04:00,21.309999465942383,21.3799991607666,21.010000228881836,21.360000610351562,21.360000610351562,12346300,0.0,0.0,0.0
2023-08-22 00:00:00-04:00,21.3700008392334,21.489999771118164,21.280000686645508,21.459999084472656,21.459999084472656,12962900,0.0,0.0,0.0
2023-08-23 00:00:00-04:00,22.049999237060547,22.34000015258789,22.030000686645508,22.290000915527344,22.290000915527344,25176900,0.0,0.0,0.0
2023-08-24 00:00:00-04:00,22.200000762939453,22.309999465942383,22.059999465942383,22.110000610351562,22.110000610351562,13804100,0.0,0.0,0.0
2023-08-25 00:00:00-04:00,22.110000610351562,22.360000610351562,21.93000030517578,22.219999313354492,22.219999313354492,22742100,0.0,0.0,0.0
2023-08-28 00:00:00-04:00,22.079999923706055,22.34000015258789,22.040000915527344,22.219999313354492,22.219999313354492,7536600,0.0,0.0,0.0
2023-08-29 00:00:00-04:00,22.239999771118164,22.739999771118164,22.190000534057617,22.709999084472656,22.709999084472656,19726900,0.0,0.0,0.0
2023-08-30 00:00:00-04:00,22.850000381469727,22.940000534057617,22.549999237060547,22.56999969482422,22.56999969482422,13091200,0.0,0.0,0.0
2023-08-31 00:00:00-04:00,22.530000686645508,22.6200008392334,22.34000015258789,22.389999389648438,22.389999389648438,10536600,0.0,0.0,0.0
2023-09-01 00:00:00-04:00,22.610000610351562,22.700000762939453,22.149999618530273,22.170000076293945,22.170000076293945,12818500,0.0,0.0,0.0
2023-09-05 00:00:00-04:00,21.81999969482422,21.889999389648438,21.559999465942383,21.59000015258789,21.59000015258789,15054100,0.0,0.0,0.0
2023-09-06 00:00:00-04:00,21.15999984741211,21.40999984741211,21.100000381469727,21.239999771118164,21.239999771118164,14534100,0.0,0.0,0.0
2023-09-07 00:00:00-04:00,21.079999923706055,21.170000076293945,21.010000228881836,21.049999237060547,21.049999237060547,10926900,0.0,0.0,0.0
2023-09-08 00:00:00-04:00,21.059999465942383,21.239999771118164,20.959999084472656,21.010000228881836,21.010000228881836,11661200,0.0,0.0,0.0
2023-09-11 00:00:00-04:00,21.239999771118164,21.270000457763672,21.040000915527344,21.15999984741211,21.15999984741211,8858900,0.0,0.0,0.0
2023-09-12 00:00:00-04:00,21.0,21.219999313354492,20.969999313354492,21.1299991607666,21.1299991607666,8738500,0.0,0.0,0.0
2023-09-13 00:00:00-04:00,21.010000228881836,21.110000610351562,20.90999984741211,20.93000030517578,20.93000030517578,11886100,0.0,0.0,0.0
2023-09-14 00:00:00-04:00,20.600000381469727,20.860000610351562,20.450000762939453,20.729999542236328,20.729999542236328,26204900,0.0,0.0,0.0
2023-09-15 00:00:00-04:00,21.190000534057617,21.350000381469727,21.100000381469727,21.110000610351562,21.110000610351562,22811300,0.0,0.0,0.0
2023-09-18 00:00:00-04:00,21.219999313354492,21.31999969482422,21.049999237060547,21.299999237060547,21.299999237060547,11481300,0.0,0.0,0.0
2023-09-19 00:00:00-04:00,21.3700008392334,21.399999618530273,21.170000076293945,21.270000457763672,21.270000457763672,10111200,0.0,0.0,0.0
2023-09-20 00:00:00-04:00,21.31999969482422,21.6299991607666,21.299999237060547,21.34000015258789,21.34000015258789,17354000,0.0,0.0,0.0
2023-09-21 00:00:00-04:00,21.040000915527344,21.520000457763672,21.0,21.440000534057617,21.440000534057617,12395300,0.0,0.0,0.0
2023-09-22 00:00:00-04:00,21.649999618530273,21.75,21.559999465942383,21.579999923706055,21.579999923706055,11348500,0.0,0.0,0.0
2023-09-25 00:00:00-04:00,21.479999542236328,21.559999465942383,21.1299991607666,21.200000762939453,21.200000762939453,14549100,0.0,0.0,0.0
2023-09-26 00:00:00-04:00,21.0,21.15999984741211,20.940000534057617,20.959999084472656,20.959999084472656,18268200,0.0,0.0,0.0
2023-09-27 00:00:00-04:00,20.709999084472656,20.799999237060547,20.540000915527344,20.700000762939453,20.700000762939453,15643800,0.0,0.0,0.0
2023-09-28 00:00:00-04:00,20.639999389648438,20.84000015258789,20.530000686645508,20.739999771118164,20.739999771118164,14007700,0.0,0.0,0.0
2023-09-29 00:00:00-04:00,21.389999389648438,21.43000030517578,20.270000457763672,20.34000015258789,20.34000015258789,36658600,0.0,0.0,0.0
2023-10-02 00:00:00-04:00,19.690000534057617,19.739999771118164,19.399999618530273,19.420000076293945,19.420000076293945,41002700,0.0,0.0,0.0
2023-10-03 00:00:00-04:00,19.260000228881836,19.6200008392334,19.209999084472656,19.440000534057617,19.440000534057617,32235800,0.0,0.0,0.0
2023-10-04 00:00:00-04:00,19.40999984741211,19.420000076293945,18.969999313354492,19.309999465942383,19.309999465942383,25141000,0.0,0.0,0.0
2023-10-05 00:00:00-04:00,19.31999969482422,19.399999618530273,18.979999542236328,19.25,19.25,16430500,0.0,0.0,0.0
2023-10-06 00:00:00-04:00,19.65999984741211,19.81999969482422,19.260000228881836,19.729999542236328,19.729999542236328,28298500,0.0,0.0,0.0
2023-10-09 00:00:00-04:00,19.84000015258789,20.079999923706055,19.799999237060547,20.059999465942383,20.059999465942383,13077400,0.0,0.0,0.0
2023-10-10 00:00:00-04:00,19.969999313354492,20.079999923706055,19.8799991607666,19.979999542236328,19.979999542236328,12115000,0.0,0.0,0.0
2023-10-11 00:00:00-04:00,20.190000534057617,20.270000457763672,20.06999969482422,20.18000030517578,20.18000030517578,20080500,0.0,0.0,0.0
2023-10-12 00:00:00-04:00,20.239999771118164,20.31999969482422,19.93000030517578,19.959999084472656,19.959999084472656,16915500,0.0,0.0,0.0
2023-10-13 00:00:00-04:00,20.489999771118164,20.90999984741211,20.469999313354492,20.780000686645508,20.780000686645508,28957500,0.0,0.0,0.0
2023-10-16 00:00:00-04:00,20.719999313354492,20.829999923706055,20.65999984741211,20.68000030517578,20.68000030517578,11982500,0.0,0.0,0.0
2023-10-17 00:00:00-04:00,20.790000915527344,21.09000015258789,20.729999542236328,20.920000076293945,20.920000076293945,16482000,0.0,0.0,0.0
2023-10-18 00:00:00-04:00,21.209999084472656,21.329999923706055,20.780000686645508,20.950000762939453,20.950000762939453,20065700,0.0,0.0,0.0
2023-10-19 00:00:00-04:00,20.940000534057617,21.15999984741211,20.75,21.110000610351562,21.110000610351562,20356700,0.0,0.0,0.0
2023-10-20 00:00:00-04:00,21.15999984741211,21.719999313354492,21.15999984741211,21.399999618530273,21.399999618530273,35245700,0.0,0.0,0.0
2023-10-23 00:00:00-04:00,21.200000762939453,21.270000457763672,21.0,21.049999237060547,21.049999237060547,14074100,0.0,0.0,0.0
2023-10-24 00:00:00-04:00,20.920000076293945,21.09000015258789,20.860000610351562,21.020000457763672,21.020000457763672,11491700,0.0,0.0,0.0
2023-10-25 00:00:00-04:00,20.90999984741211,21.079999923706055,20.670000076293945,20.940000534057617,20.940000534057617,17639800,0.0,0.0,0.0
2023-10-26 00:00:00-04:00,20.90999984741211,20.969999313354492,20.56999969482422,20.850000381469727,20.850000381469727,14326600,0.0,0.0,0.0
2023-10-27 00:00:00-04:00,20.920000076293945,21.190000534057617,20.760000228881836,21.18000030517578,21.18000030517578,18630000,0.0,0.0,0.0
2023-10-30 00:00:00-04:00,21.59000015258789,21.610000610351562,21.229999542236328,21.34000015258789,21.34000015258789,15304600,0.0,0.0,0.0
2023-10-31 00:00:00-04:00,21.139999389648438,21.360000610351562,20.84000015258789,20.979999542236328,20.979999542236328,17624900,0.0,0.0,0.0
2023-11-01 00:00:00-04:00,20.81999969482422,21.09000015258789,20.65999984741211,20.969999313354492,20.969999313354492,25224400,0.0,0.0,0.0
2023-11-02 00:00:00-04:00,21.06999969482422,21.100000381469727,20.770000457763672,20.8700008392334,20.8700008392334,12232500,0.0,0.0,0.0
2023-11-03 00:00:00-04:00,21.030000686645508,21.350000381469727,20.989999771118164,21.219999313354492,21.219999313354492,21259900,0.0,0.0,0.0
2023-11-06 00:00:00-05:00,21.219999313354492,21.229999542236328,21.06999969482422,21.079999923706055,21.079999923706055,10278200,0.0,0.0,0.0
2023-11-07 00:00:00-05:00,20.729999542236328,20.760000228881836,20.56999969482422,20.729999542236328,20.729999542236328,16082200,0.0,0.0,0.0
2023-11-08 00:00:00-05:00,20.809999465942383,20.940000534057617,20.6200008392334,20.649999618530273,20.649999618530273,14361200,0.0,0.0,0.0
2023-11-09 00:00:00-05:00,20.75,21.06999969482422,20.649999618530273,20.690000534057617,20.690000534057617,18732000,0.0,0.0,0.0
2023-11-10 00:00:00-05:00,20.549999237060547,20.600000381469727,20.34000015258789,20.34000015258789,20.34000015258789,14049800,0.0,0.0,0.0
2023-11-13 00:00:00-05:00,20.18000030517578,20.489999771118164,20.100000381469727,20.43000030517578,20.43000030517578,11091100,0.0,0.0,0.0
2023-11-14 00:00:00-05:00,20.920000076293945,21.239999771118164,20.8700008392334,21.170000076293945,21.170000076293945,21723900,0.0,0.0,0.0
2023-11-15 00:00:00-05:00,21.360000610351562,21.520000457763672,21.239999771118164,21.450000762939453,21.450000762939453,18585600,0.0,0.0,0.0
2023-11-16 00:00:00-05:00,21.8799991607666,22.059999465942383,21.729999542236328,21.760000228881836,21.760000228881836,20259200,0.0,0.0,0.0
2023-11-17 00:00:00-05:00,21.790000915527344,21.860000610351562,21.68000030517578,21.75,21.75,12296000,0.0,0.0,0.0
2023-11-20 00:00:00-05:00,21.420000076293945,21.610000610351562,21.3799991607666,21.479999542236328,21.479999542236328,9559600,0.0,0.0,0.0
2023-11-21 00:00:00-05:00,21.8799991607666,22.0,21.739999771118164,21.770000457763672,21.770000457763672,15213000,0.0,0.0,0.0
2023-11-22 00:00:00-05:00,21.700000762939453,21.81999969482422,21.56999969482422,21.670000076293945,21.670000076293945,11143900,0.0,0.0,0.0
2023-11-24 00:00:00-05:00,22.020000457763672,22.290000915527344,22.0,22.270000457763672,22.270000457763672,10803300,0.0,0.0,0.0
2023-11-27 00:00:00-05:00,22.670000076293945,22.709999084472656,22.5,22.559999465942383,22.559999465942383,19785600,0.0,0.0,0.0
2023-11-28 00:00:00-05:00,22.68000030517578,22.920000076293945,22.59000015258789,22.920000076293945,22.920000076293945,17064400,0.0,0.0,0.0
2023-11-29 00:00:00-05:00,22.959999084472656,23.1299991607666,22.81999969482422,22.8799991607666,22.8799991607666,16675200,0.0,0.0,0.0
2023-11-30 00:00:00-05:00,22.969999313354492,23.149999618530273,22.850000381469727,23.1299991607666,23.1299991607666,14364300,0.0,0.0,0.0
2023-12-01 00:00:00-05:00,23.09000015258789,23.3700008392334,23.049999237060547,23.329999923706055,23.329999923706055,22107800,0.0,0.0,0.0
2023-12-04 00:00:00-05:00,22.75,22.920000076293945,22.360000610351562,22.459999084472656,22.459999084472656,30668300,0.0,0.0,0.0
2023-12-05 00:00:00-05:00,22.280000686645508,22.3799991607666,21.950000762939453,22.1200008392334,22.1200008392334,27205100,0.0,0.0,0.0
2023-12-06 00:00:00-05:00,22.170000076293945,22.200000762939453,21.8700008392334,21.93000030517578,21.93000030517578,13374500,0.0,0.0,0.0
2023-12-07 00:00:00-05:00,21.889999389648438,21.90999984741211,21.600000381469727,21.790000915527344,21.790000915527344,16758500,0.0,0.0,0.0
2023-12-08 00:00:00-05:00,21.350000381469727,21.559999465942383,21.020000457763672,21.100000381469727,21.100000381469727,28746500,0.0,0.0,0.0
2023-12-11 00:00:00-05:00,20.969999313354492,21.0,20.809999465942383,20.90999984741211,20.90999984741211,22883700,0.0,0.0,0.0
2023-12-12 00:00:00-05:00,20.969999313354492,20.979999542236328,20.780000686645508,20.84000015258789,20.84000015258789,12118700,0.0,0.0,0.0
2023-12-13 00:00:00-05:00,20.75,21.780000686645508,20.610000610351562,21.770000457763672,21.770000457763672,35068000,0.0,0.0,0.0
2023-12-14 00:00:00-05:00,21.989999771118164,22.18000030517578,21.989999771118164,22.149999618530273,22.149999618530273,21384100,0.0,0.0,0.0
2023-12-15 00:00:00-05:00,21.979999542236328,22.030000686645508,21.75,21.829999923706055,21.829999923706055,13078000,0.0,0.0,0.0
2023-12-18 00:00:00-05:00,21.8799991607666,21.8799991607666,21.65999984741211,21.799999237060547,21.799999237060547,12927400,0.0,0.0,0.0
2023-12-19 00:00:00-05:00,21.90999984741211,22.1299991607666,21.889999389648438,22.030000686645508,22.030000686645508,12752700,0.0,0.0,0.0
2023-12-20 00:00:00-05:00,22.260000228881836,22.309999465942383,22.040000915527344,22.040000915527344,22.040000915527344,12523600,0.0,0.0,0.0
2023-12-21 00:00:00-05:00,22.280000686645508,22.420000076293945,22.200000762939453,22.309999465942383,22.309999465942383,17063600,0.0,0.0,0.0
2023-12-22 00:00:00-05:00,22.40999984741211,22.530000686645508,22.049999237060547,22.1200008392334,22.1200008392334,17235800,0.0,0.0,0.0
2023-12-26 00:00:00-05:00,22.209999084472656,22.219999313354492,22.040000915527344,22.200000762939453,22.200000762939453,11861700,0.0,0.0,0.0
2023-12-27 00:00:00-05:00,22.100000381469727,22.399999618530273,22.09000015258789,22.229999542236328,22.229999542236328,13898400,0.0,0.0,0.0
2023-12-28 00:00:00-05:00,22.170000076293945,22.25,21.959999084472656,21.989999771118164,21.989999771118164,11257800,0.0,0.0,0.0
2023-12-29 00:00:00-05:00,21.6200008392334,21.950000762939453,21.559999465942383,21.780000686645508,21.780000686645508,13161200,0.0,0.0,0.0
2024-01-02 00:00:00-05:00,21.889999389648438,21.989999771118164,21.639999389648438,21.649999618530273,21.649999618530273,13277800,0.0,0.0,0.0
2024-01-03 00:00:00-05:00,21.079999923706055,21.219999313354492,20.90999984741211,21.059999465942383,21.059999465942383,26373800,0.0,0.0,0.0
2024-01-04 00:00:00-05:00,20.920000076293945,21.100000381469727,20.770000457763672,21.079999923706055,21.079999923706055,11972000,0.0,0.0,0.0
2024-01-05 00:00:00-05:00,21.149999618530273,21.530000686645508,21.030000686645508,21.209999084472656,21.209999084472656,21401800,0.0,0.0,0.0
2024-01-08 00:00:00-05:00,21.06999969482422,21.25,21.0,21.1299991607666,21.1299991607666,9527900,0.0,0.0,0.0
2024-01-09 00:00:00-05:00,21.219999313354492,21.25,20.959999084472656,21.0,21.0,10772300,0.0,0.0,0.0
2024-01-10 00:00:00-05:00,20.93000030517578,21.020000457763672,20.850000381469727,20.940000534057617,20.940000534057617,12093700,0.0,0.0,0.0
2024-01-11 00:00:00-05:00,20.969999313354492,21.06999969482422,20.56999969482422,20.81999969482422,20.81999969482422,21816100,0.0,0.0,0.0
2024-01-12 00:00:00-05:00,21.389999389648438,21.540000915527344,21.110000610351562,21.190000534057617,21.190000534057617,18914500,0.0,0.0,0.0
2024-01-16 00:00:00-05:00,21.139999389648438,21.170000076293945,20.920000076293945,20.959999084472656,20.959999084472656,16953000,0.0,0.0,0.0
2024-01-17 00:00:00-05:00,20.780000686645508,20.799999237060547,20.610000610351562,20.649999618530273,20.649999618530273,18249100,0.0,0.0,0.0
2024-01-18 00:00:00-05:00,20.559999465942383,20.84000015258789,20.540000915527344,20.809999465942383,20.809999465942383,10585900,0.0,0.0,0.0
2024-01-19 00:00:00-05:00,20.770000457763672,20.770000457763672,20.559999465942383,20.670000076293945,20.670000076293945,12574500,0.0,0.0,0.0
2024-01-22 00:00:00-05:00,20.1200008392334,20.40999984741211,20.06999969482422,20.219999313354492,20.219999313354492,18292200,0.0,0.0,0.0
2024-01-23 00:00:00-05:00,20.440000534057617,20.559999465942383,20.399999618530273,20.530000686645508,20.530000686645508,13096700,0.0,0.0,0.0
2024-01-24 00:00:00-05:00,20.979999542236328,21.0,20.700000762939453,20.709999084472656,20.709999084472656,24238800,0.0,0.0,0.0
2024-01-25 00:00:00-05:00,20.950000762939453,21.06999969482422,20.790000915527344,20.940000534057617,20.940000534057617,15755400,0.0,0.0,0.0
2024-01-26 00:00:00-05:00,20.809999465942383,20.920000076293945,20.770000457763672,20.860000610351562,20.860000610351562,7980600,0.0,0.0,0.0
2024-01-29 00:00:00-05:00,21.030000686645508,21.25,20.84000015258789,21.209999084472656,21.209999084472656,14309400,0.0,0.0,0.0
2024-01-30 00:00:00-05:00,21.290000915527344,21.329999923706055,20.989999771118164,21.190000534057617,21.190000534057617,10734400,0.0,0.0,0.0
2024-01-31 00:00:00-05:00,21.200000762939453,21.350000381469727,20.84000015258789,20.90999984741211,20.90999984741211,19870400,0.0,0.0,0.0
2024-02-01 00:00:00-05:00,20.940000534057617,21.280000686645508,20.8799991607666,21.209999084472656,21.209999084472656,28714400,0.0,0.0,0.0
2024-02-02 00:00:00-05:00,20.610000610351562,20.790000915527344,20.5,20.75,20.75,24324400,0.0,0.0,0.0
2024-02-05 00:00:00-05:00,20.440000534057617,20.549999237060547,20.3799991607666,20.469999313354492,20.469999313354492,16531700,0.0,0.0,0.0
2024-02-06 00:00:00-05:00,20.43000030517578,20.579999923706055,20.389999389648438,20.510000228881836,20.510000228881836,9007500,0.0,0.0,0.0
2024-02-07 00:00:00-05:00,20.43000030517578,20.540000915527344,20.31999969482422,20.329999923706055,20.329999923706055,12084100,0.0,0.0,0.0
2024-02-08 00:00:00-05:00,20.440000534057617,20.709999084472656,20.3799991607666,20.649999618530273,20.649999618530273,16547600,0.0,0.0,0.0
2024-02-09 00:00:00-05:00,20.559999465942383,20.719999313354492,20.459999084472656,20.68000030517578,20.68000030517578,10620900,0.0,0.0,0.0
2024-02-12 00:00:00-05:00,20.6299991607666,20.84000015258789,20.600000381469727,20.760000228881836,20.760000228881836,11006500,0.0,0.0,0.0
2024-02-13 00:00:00-05:00,20.43000030517578,20.440000534057617,20.110000610351562,20.200000762939453,20.200000762939453,22824200,0.0,0.0,0.0
2024-02-14 00:00:00-05:00,20.229999542236328,20.549999237060547,20.209999084472656,20.440000534057617,20.440000534057617,13085100,0.0,0.0,0.0
2024-02-15 00:00:00-05:00,20.84000015258789,21.079999923706055,20.829999923706055,20.940000534057617,20.940000534057617,26720400,0.0,0.0,0.0
2024-02-16 00:00:00-05:00,21.06999969482422,21.5,20.90999984741211,21.389999389648438,21.389999389648438,20251800,0.0,0.0,0.0
2024-02-20 00:00:00-05:00,21.170000076293945,21.190000534057617,21.030000686645508,21.06999969482422,21.06999969482422,9047200,0.0,0.0,0.0
2024-02-21 00:00:00-05:00,21.09000015258789,21.100000381469727,20.81999969482422,20.959999084472656,20.959999084472656,9408700,0.0,0.0,0.0
2024-02-22 00:00:00-05:00,20.920000076293945,20.969999313354492,20.799999237060547,20.81999969482422,20.81999969482422,16728600,0.0,0.0,0.0
2024-02-23 00:00:00-05:00,20.799999237060547,21.040000915527344,20.690000534057617,20.989999771118164,20.989999771118164,15186500,0.0,0.0,0.0
2024-02-26 00:00:00-05:00,20.610000610351562,20.690000534057617,20.540000915527344,20.6200008392334,20.6200008392334,14409300,0.0,0.0,0.0
2024-02-27 00:00:00-05:00,20.719999313354492,20.739999771118164,20.510000228881836,20.56999969482422,20.56999969482422,10175100,0.0,0.0,0.0
2024-02-28 00:00:00-05:00,20.510000228881836,20.559999465942383,20.450000762939453,20.549999237060547,20.549999237060547,8303800,0.0,0.0,0.0
2024-02-29 00:00:00-05:00,20.75,20.790000915527344,20.6200008392334,20.729999542236328,20.729999542236328,10459600,0.0,0.0,0.0
2024-03-01 00:00:00-05:00,20.799999237060547,21.280000686645508,20.639999389648438,21.170000076293945,21.170000076293945,23570200,0.0,0.0,0.0
2024-03-04 00:00:00-05:00,21.43000030517578,21.899999618530273,21.389999389648438,21.860000610351562,21.860000610351562,26016600,0.0,0.0,0.0
2024-03-05 00:00:00-05:00,21.959999084472656,22.059999465942383,21.639999389648438,21.670000076293945,21.670000076293945,22277000,0.0,0.0,0.0
2024-03-06 00:00:00-05:00,21.860000610351562,22.229999542236328,21.860000610351562,22.100000381469727,22.100000381469727,31037700,0.0,0.0,0.0
2024-03-07 00:00:00-05:00,22.139999389648438,22.40999984741211,22.1200008392334,22.239999771118164,22.239999771118164,18890500,0.0,0.0,0.0
2024-03-08 00:00:00-05:00,22.229999542236328,22.450000762939453,22.1200008392334,22.229999542236328,22.229999542236328,27245900,0.0,0.0,0.0
2024-03-11 00:00:00-04:00,22.329999923706055,22.440000534057617,22.239999771118164,22.350000381469727,22.350000381469727,15364500,0.0,0.0,0.0
2024-03-12 00:00:00-04:00,22.209999084472656,22.219999313354492,21.969999313354492,22.09000015258789,22.09000015258789,16339600,0.0,0.0,0.0
2024-03-13 00:00:00-04:00,22.309999465942383,22.8799991607666,22.260000228881836,22.790000915527344,22.790000915527344,27121500,0.0,0.0,0.0
2024-03-14 00:00:00-04:00,22.90999984741211,22.940000534057617,22.6200008392334,22.729999542236328,22.729999542236328,14705300,0.0,0.0,0.0
2024-03-15 00:00:00-04:00,23.049999237060547,23.280000686645508,22.969999313354492,23.030000686645508,23.030000686645508,28077900,0.0,0.0,0.0
2024-03-18 00:00:00-04:00,23.1299991607666,23.1299991607666,22.850000381469727,22.90999984741211,22.90999984741211,11920400,0.0,0.0,0.0
2024-03-19 00:00:00-04:00,22.790000915527344,22.84000015258789,22.6200008392334,22.790000915527344,22.790000915527344,13406900,0.0,0.0,0.0
2024-03-20 00:00:00-04:00,22.709999084472656,23.450000762939453,22.700000762939453,23.290000915527344,23.290000915527344,31945100,0.0,0.0,0.0
2024-03-21 00:00:00-04:00,23.139999389648438,23.15999984741211,22.530000686645508,22.649999618530273,22.649999618530273,31163600,0.0,0.0,0.0
2024-03-22 00:00:00-04:00,22.649999618530273,22.81999969482422,22.520000457763672,22.559999465942383,22.559999465942383,17183600,0.0,0.0,0.0
2024-03-25 00:00:00-04:00,22.600000381469727,22.729999542236328,22.549999237060547,22.579999923706055,22.579999923706055,10066700,0.0,0.0,0.0
2024-03-26 00:00:00-04:00,22.610000610351562,22.6200008392334,22.290000915527344,22.34000015258789,22.34000015258789,18183600,0.0,0.0,0.0
2024-03-27 00:00:00-04:00,22.34000015258789,22.559999465942383,22.34000015258789,22.510000228881836,22.510000228881836,12551800,0.0,0.0,0.0
2024-03-28 00:00:00-04:00,22.479999542236328,22.799999237060547,22.420000076293945,22.75,22.75,29105400,0.0,0.0,0.0
2024-04-01 00:00:00-04:00,23.190000534057617,23.200000762939453,22.6299991607666,22.860000610351562,22.860000610351562,22490700,0.0,0.0,0.0
2024-04-02 00:00:00-04:00,23.329999923706055,23.899999618530273,23.239999771118164,23.84000015258789,23.84000015258789,58416700,0.0,0.0,0.0
2024-04-03 00:00:00-04:00,24.270000457763672,24.760000228881836,24.170000076293945,24.729999542236328,24.729999542236328,61360100,0.0,0.0,0.0
2024-04-04 00:00:00-04:00,24.56999969482422,24.950000762939453,24.389999389648438,24.489999771118164,24.489999771118164,54231400,0.0,0.0,0.0
2024-04-05 00:00:00-04:00,24.489999771118164,25.139999389648438,24.389999389648438,25.030000686645508,25.030000686645508,43238200,0.0,0.0,0.0
2024-04-08 00:00:00-04:00,25.360000610351562,25.489999771118164,24.899999618530273,25.399999618530273,25.399999618530273,40708900,0.0,0.0,0.0
2024-04-09 00:00:00-04:00,25.75,25.899999618530273,25.260000228881836,25.719999313354492,25.719999313354492,40950600,0.0,0.0,0.0
2024-04-10 00:00:00-04:00,25.329999923706055,26.079999923706055,25.170000076293945,25.450000762939453,25.450000762939453,50614100,0.0,0.0,0.0
2024-04-11 00:00:00-04:00,25.690000534057617,26.040000915527344,25.3799991607666,26.010000228881836,26.010000228881836,28595200,0.0,0.0,0.0
2024-04-12 00:00:00-04:00,26.799999237060547,27.239999771118164,25.520000457763672,25.6299991607666,25.6299991607666,117678300,0.0,0.0,0.0
2024-04-15 00:00:00-04:00,26.209999084472656,26.420000076293945,25.690000534057617,26.40999984741211,26.40999984741211,51965100,0.0,0.0,0.0
2024-04-16 00:00:00-04:00,26.06999969482422,26.06999969482422,25.549999237060547,25.799999237060547,25.799999237060547,56256200,0.0,0.0,0.0
2024-04-17 00:00:00-04:00,26.1299991607666,26.34000015258789,25.709999084472656,25.850000381469727,25.850000381469727,46667300,0.0,0.0,0.0
2024-04-18 00:00:00-04:00,26.110000610351562,26.15999984741211,25.739999771118164,25.860000610351562,25.860000610351562,26818200,0.0,0.0,0.0
2024-04-19 00:00:00-04:00,25.93000030517578,26.31999969482422,25.899999618530273,26.200000762939453,26.200000762939453,29321200,0.0,0.0,0.0
2024-04-22 00:00:00-04:00,24.950000762939453,25.190000534057617,24.790000915527344,24.93000030517578,24.93000030517578,37156900,0.0,0.0,0.0
2024-04-23 00:00:00-04:00,24.65999984741211,25.040000915527344,24.6299991607666,24.989999771118164,24.989999771118164,37046800,0.0,0.0,0.0
2024-04-24 00:00:00-04:00,24.8799991607666,25.049999237060547,24.780000686645508,24.899999618530273,24.899999618530273,19783600,0.0,0.0,0.0
2024-04-25 00:00:00-04:00,24.860000610351562,25.219999313354492,24.809999465942383,25.059999465942383,25.059999465942383,32678400,0.0,0.0,0.0
2024-04-26 00:00:00-04:00,25.190000534057617,25.219999313354492,24.75,24.889999389648438,24.889999389648438,26821300,0.0,0.0,0.0
2024-04-29 00:00:00-04:00,24.8700008392334,25.079999923706055,24.68000030517578,24.829999923706055,24.829999923706055,23922200,0.0,0.0,0.0
2024-04-30 00:00:00-04:00,24.239999771118164,24.3700008392334,24.020000457763672,24.049999237060547,24.049999237060547,32400100,0.0,0.0,0.0
2024-05-01 00:00:00-04:00,24.18000030517578,24.649999618530273,24.09000015258789,24.270000457763672,24.270000457763672,42815400,0.0,0.0,0.0
2024-05-02 00:00:00-04:00,23.950000762939453,24.469999313354492,23.920000076293945,24.360000610351562,24.360000610351562,24968800,0.0,0.0,0.0
2024-05-03 00:00:00-04:00,24.209999084472656,24.299999237060547,23.8700008392334,24.219999313354492,24.219999313354492,26859100,0.0,0.0,0.0
2024-05-06 00:00:00-04:00,24.989999771118164,25.1299991607666,24.829999923706055,25.06999969482422,25.06999969482422,27627400,0.0,0.0,0.0
2024-05-07 00:00:00-04:00,25.030000686645508,25.100000381469727,24.8799991607666,24.920000076293945,24.920000076293945,14811500,0.0,0.0,0.0
2024-05-08 00:00:00-04:00,24.889999389648438,25.1200008392334,24.81999969482422,24.950000762939453,24.950000762939453,16967400,0.0,0.0,0.0
2024-05-09 00:00:00-04:00,25.31999969482422,25.8799991607666,25.299999237060547,25.860000610351562,25.860000610351562,32734900,0.0,0.0,0.0
2024-05-10 00:00:00-04:00,25.979999542236328,26.049999237060547,25.6200008392334,25.770000457763672,25.770000457763672,24489700,0.0,0.0,0.0
2024-05-13 00:00:00-04:00,25.829999923706055,25.93000030517578,25.649999618530273,25.799999237060547,25.799999237060547,15222900,0.0,0.0,0.0
2024-05-14 00:00:00-04:00,26.0,26.270000457763672,25.860000610351562,26.1299991607666,26.1299991607666,20065000,0.0,0.0,0.0
2024-05-15 00:00:00-04:00,26.579999923706055,27.18000030517578,26.06999969482422,27.1200008392334,27.1200008392334,39872400,0.0,0.0,0.0
2024-05-16 00:00:00-04:00,26.979999542236328,27.170000076293945,26.790000915527344,27.059999465942383,27.059999465942383,19821300,0.0,0.0,0.0
2024-05-17 00:00:00-04:00,27.860000610351562,28.84000015258789,27.549999237060547,28.790000915527344,28.790000915527344,52708100,0.0,0.0,0.0
2024-05-20 00:00:00-04:00,28.93000030517578,29.559999465942383,28.40999984741211,28.979999542236328,28.979999542236328,58184700,0.0,0.0,0.0
2024-05-21 00:00:00-04:00,29.100000381469727,29.510000228881836,28.81999969482422,29.270000457763672,29.270000457763672,30700300,0.0,0.0,0.0
2024-05-22 00:00:00-04:00,29.059999465942383,29.059999465942383,28.110000610351562,28.219999313354492,28.219999313354492,48609700,0.0,0.0,0.0
2024-05-23 00:00:00-04:00,28.110000610351562,28.280000686645508,27.469999313354492,27.549999237060547,27.549999237060547,39911200,0.0,0.0,0.0
2024-05-24 00:00:00-04:00,27.93000030517578,27.989999771118164,27.610000610351562,27.739999771118164,27.739999771118164,14534600,0.0,0.0,0.0
2024-05-28 00:00:00-04:00,29.299999237060547,29.34000015258789,28.690000534057617,29.239999771118164,29.239999771118164,31041700,0.0,0.0,0.0
2024-05-29 00:00:00-04:00,29.06999969482422,29.469999313354492,28.979999542236328,29.170000076293945,29.170000076293945,20708400,0.0,0.0,0.0
2024-05-30 00:00:00-04:00,28.829999923706055,29.049999237060547,28.31999969482422,28.420000076293945,28.420000076293945,22224700,0.0,0.0,0.0
2024-05-31 00:00:00-04:00,28.770000457763672,28.860000610351562,27.579999923706055,27.760000228881836,27.760000228881836,31957600,0.0,0.0,0.0
2024-06-03 00:00:00-04:00,27.81999969482422,28.149999618530273,27.559999465942383,27.889999389648438,27.889999389648438,18156000,0.0,0.0,0.0
2024-06-04 00:00:00-04:00,27.309999465942383,27.309999465942383,26.84000015258789,27.020000457763672,27.020000457763672,28858400,0.0,0.0,0.0
2024-06-05 00:00:00-04:00,27.1200008392334,27.459999084472656,26.899999618530273,27.399999618530273,27.399999618530273,18175300,0.0,0.0,0.0
2024-06-06 00:00:00-04:00,27.81999969482422,28.6299991607666,27.690000534057617,28.530000686645508,28.530000686645508,27650000,0.0,0.0,0.0
2024-06-07 00:00:00-04:00,27.290000915527344,27.299999237060547,26.610000610351562,26.670000076293945,26.670000076293945,43868900,0.0,0.0,0.0
2024-06-10 00:00:00-04:00,27.06999969482422,27.239999771118164,26.850000381469727,27.1200008392334,27.1200008392334,17066900,0.0,0.0,0.0
2024-06-11 00:00:00-04:00,26.729999542236328,26.809999465942383,26.559999465942383,26.709999084472656,26.709999084472656,13338900,0.0,0.0,0.0
2024-06-12 00:00:00-04:00,27.5,27.56999969482422,26.940000534057617,27.030000686645508,27.030000686645508,27934800,0.0,0.0,0.0
2024-06-13 00:00:00-04:00,26.790000915527344,26.93000030517578,26.170000076293945,26.43000030517578,26.43000030517578,21680300,0.0,0.0,0.0
2024-06-14 00:00:00-04:00,26.6299991607666,27.030000686645508,26.5,27.010000228881836,27.010000228881836,25973300,0.0,0.0,0.0
2024-06-17 00:00:00-04:00,26.899999618530273,26.940000534057617,26.559999465942383,26.920000076293945,26.920000076293945,15016000,0.0,0.0,0.0
2024-06-18 00:00:00-04:00,26.649999618530273,27.010000228881836,26.649999618530273,26.959999084472656,26.959999084472656,12033500,0.0,0.0,0.0
2024-06-20 00:00:00-04:00,27.510000228881836,28.1200008392334,27.40999984741211,28.0,28.0,22898000,0.0,0.0,0.0
2024-06-21 00:00:00-04:00,27.549999237060547,27.56999969482422,26.90999984741211,26.979999542236328,26.979999542236328,26827500,0.0,0.0,0.0
2024-06-24 00:00:00-04:00,27.059999465942383,27.139999389648438,26.8799991607666,27.0,27.0,12836300,0.0,0.0,0.0
2024-06-25 00:00:00-04:00,26.780000686645508,26.790000915527344,26.34000015258789,26.399999618530273,26.399999618530273,14711300,0.0,0.0,0.0
2024-06-26 00:00:00-04:00,26.15999984741211,26.450000762939453,26.09000015258789,26.309999465942383,26.309999465942383,13855700,0.0,0.0,0.0
2024-06-27 00:00:00-04:00,26.559999465942383,26.65999984741211,26.350000381469727,26.450000762939453,26.450000762939453,11124600,0.0,0.0,0.0
2024-06-28 00:00:00-04:00,26.8799991607666,26.889999389648438,26.540000915527344,26.56999969482422,26.56999969482422,10426500,0.0,0.0,0.0
2024-07-01 00:00:00-04:00,26.719999313354492,26.920000076293945,26.600000381469727,26.850000381469727,26.850000381469727,12587300,0.0,0.0,0.0
2024-07-02 00:00:00-04:00,26.850000381469727,27.229999542236328,26.780000686645508,26.969999313354492,26.969999313354492,12172000,0.0,0.0,0.0
2024-07-03 00:00:00-04:00,27.709999084472656,28.010000228881836,27.68000030517578,27.84000015258789,27.84000015258789,16834200,0.0,0.0,0.0
2024-07-05 00:00:00-04:00,28.15999984741211,28.75,28.079999923706055,28.479999542236328,28.479999542236328,23018600,0.0,0.0,0.0
2024-07-08 00:00:00-04:00,28.350000381469727,28.510000228881836,27.790000915527344,28.1299991607666,28.1299991607666,19742900,0.0,0.0,0.0
2024-07-09 00:00:00-04:00,28.31999969482422,28.43000030517578,27.8700008392334,28.1200008392334,28.1200008392334,14005300,0.0,0.0,0.0
2024-07-10 00:00:00-04:00,28.290000915527344,28.459999084472656,27.989999771118164,28.15999984741211,28.15999984741211,13142600,0.0,0.0,0.0
2024-07-11 00:00:00-04:00,28.75,28.90999984741211,28.479999542236328,28.68000030517578,28.68000030517578,20141500,0.0,0.0,0.0
2024-07-12 00:00:00-04:00,28.0,28.309999465942383,27.940000534057617,28.1200008392334,28.1200008392334,15380000,0.0,0.0,0.0
2024-07-15 00:00:00-04:00,28.09000015258789,28.389999389648438,27.8700008392334,28.030000686645508,28.030000686645508,13426700,0.0,0.0,0.0
2024-07-16 00:00:00-04:00,28.030000686645508,28.68000030517578,27.979999542236328,28.610000610351562,28.610000610351562,17280200,0.0,0.0,0.0
2024-07-17 00:00:00-04:00,28.25,28.360000610351562,27.43000030517578,27.670000076293945,27.670000076293945,34443400,0.0,0.0,0.0
2024-07-18 00:00:00-04:00,27.760000228881836,27.790000915527344,27.139999389648438,27.200000762939453,27.200000762939453,15566200,0.0,0.0,0.0
2024-07-19 00:00:00-04:00,26.399999618530273,26.739999771118164,26.3700008392334,26.690000534057617,26.690000534057617,20111200,0.0,0.0,0.0
2024-07-22 00:00:00-04:00,26.440000534057617,26.65999984741211,26.309999465942383,26.6299991607666,26.6299991607666,12069800,0.0,0.0,0.0
2024-07-23 00:00:00-04:00,26.489999771118164,26.68000030517578,26.420000076293945,26.68000030517578,26.68000030517578,10184500,0.0,0.0,0.0
2024-07-24 00:00:00-04:00,26.729999542236328,26.889999389648438,26.40999984741211,26.43000030517578,26.43000030517578,12474500,0.0,0.0,0.0
2024-07-25 00:00:00-04:00,25.239999771118164,25.540000915527344,25.170000076293945,25.40999984741211,25.40999984741211,31711400,0.0,0.0,0.0
2024-07-26 00:00:00-04:00,25.389999389648438,25.530000686645508,25.209999084472656,25.479999542236328,25.479999542236328,12442400,0.0,0.0,0.0
2024-07-29 00:00:00-04:00,25.540000915527344,25.579999923706055,24.93000030517578,25.440000534057617,25.440000534057617,16616700,0.0,0.0,0.0
2024-07-30 00:00:00-04:00,25.56999969482422,25.940000534057617,25.329999923706055,25.829999923706055,25.829999923706055,14896300,0.0,0.0,0.0
2024-07-31 00:00:00-04:00,26.229999542236328,26.5,26.059999465942383,26.389999389648438,26.389999389648438,23227900,0.0,0.0,0.0
2024-08-01 00:00:00-04:00,26.530000686645508,26.559999465942383,25.75,26.030000686645508,26.030000686645508,19796800,0.0,0.0,0.0
2024-08-02 00:00:00-04:00,26.440000534057617,26.5,25.5,26.040000915527344,26.040000915527344,25325000,0.0,0.0,0.0
2024-08-05 00:00:00-04:00,24.6299991607666,25.040000915527344,24.540000915527344,24.860000610351562,24.860000610351562,36392900,0.0,0.0,0.0
2024-08-06 00:00:00-04:00,24.530000686645508,24.889999389648438,24.479999542236328,24.639999389648438,24.639999389648438,18308000,0.0,0.0,0.0
2024-08-07 00:00:00-04:00,24.68000030517578,24.770000457763672,24.25,24.329999923706055,24.329999923706055,12709900,0.0,0.0,0.0
2024-08-08 00:00:00-04:00,24.719999313354492,25.18000030517578,24.639999389648438,25.010000228881836,25.010000228881836,17704400,0.0,0.0,0.0
2024-08-09 00:00:00-04:00,25.100000381469727,25.25,24.8799991607666,25.0,25.0,15934000,0.0,0.0,0.0
2024-08-12 00:00:00-04:00,25.3799991607666,25.600000381469727,25.1200008392334,25.489999771118164,25.489999771118164,15323100,0.0,0.0,0.0
2024-08-13 00:00:00-04:00,25.209999084472656,25.440000534057617,25.110000610351562,25.420000076293945,25.420000076293945,11860500,0.0,0.0,0.0
2024-08-14 00:00:00-04:00,25.260000228881836,25.40999984741211,24.799999237060547,25.1299991607666,25.1299991607666,14114400,0.0,0.0,0.0
2024-08-15 00:00:00-04:00,25.799999237060547,26.020000457763672,25.459999084472656,25.860000610351562,25.860000610351562,17206000,0.0,0.0,0.0
2024-08-16 00:00:00-04:00,25.860000610351562,26.440000534057617,25.770000457763672,26.43000030517578,26.43000030517578,19315700,0.0,0.0,0.0
2024-08-19 00:00:00-04:00,26.450000762939453,26.899999618530273,26.3700008392334,26.829999923706055,26.829999923706055,20102800,0.0,0.0,0.0
2024-08-20 00:00:00-04:00,27.299999237060547,27.360000610351562,26.729999542236328,26.8700008392334,26.8700008392334,20454500,0.0,0.0,0.0
2024-08-21 00:00:00-04:00,26.920000076293945,27.139999389648438,26.65999984741211,26.950000762939453,26.950000762939453,18449500,0.0,0.0,0.0
2024-08-22 00:00:00-04:00,26.920000076293945,26.93000030517578,26.260000228881836,26.389999389648438,26.389999389648438,23972700,0.0,0.0,0.0
2024-08-23 00:00:00-04:00,26.709999084472656,27.270000457763672,26.6299991607666,27.200000762939453,27.200000762939453,21713300,0.0,0.0,0.0
2024-08-26 00:00:00-04:00,27.399999618530273,27.420000076293945,27.1299991607666,27.31999969482422,27.31999969482422,8812400,0.0,0.0,0.0
2024-08-27 00:00:00-04:00,27.25,27.459999084472656,27.100000381469727,27.360000610351562,27.360000610351562,10591700,0.0,0.0,0.0
2024-08-28 00:00:00-04:00,26.860000610351562,26.860000610351562,26.530000686645508,26.690000534057617,26.690000534057617,11564200,0.0,0.0,0.0
2024-08-29 00:00:00-04:00,26.709999084472656,27.049999237060547,26.6299991607666,26.809999465942383,26.809999465942383,11793800,0.0,0.0,0.0
2024-08-30 00:00:00-04:00,26.68000030517578,26.799999237060547,26.190000534057617,26.350000381469727,26.350000381469727,15762100,0.0,0.0,0.0
2024-09-03 00:00:00-04:00,25.829999923706055,25.850000381469727,25.270000457763672,25.579999923706055,25.579999923706055,17149100,0.0,0.0,0.0
2024-09-04 00:00:00-04:00,25.6200008392334,25.8799991607666,25.579999923706055,25.68000030517578,25.68000030517578,11322400,0.0,0.0,0.0
2024-09-05 00:00:00-04:00,26.3799991607666,26.610000610351562,26.149999618530273,26.229999542236328,26.229999542236328,14573600,0.0,0.0,0.0
2024-09-06 00:00:00-04:00,26.25,26.350000381469727,25.270000457763672,25.479999542236328,25.479999542236328,23805400,0.0,0.0,0.0
2024-09-09 00:00:00-04:00,25.719999313354492,25.8799991607666,25.59000015258789,25.850000381469727,25.850000381469727,8774800,0.0,0.0,0.0
2024-09-10 00:00:00-04:00,25.959999084472656,25.959999084472656,25.579999923706055,25.940000534057617,25.940000534057617,9395400,0.0,0.0,0.0
2024-09-11 00:00:00-04:00,26.049999237060547,26.219999313354492,25.6200008392334,26.1200008392334,26.1200008392334,11052200,0.0,0.0,0.0
2024-09-12 00:00:00-04:00,26.639999389648438,27.280000686645508,26.56999969482422,27.270000457763672,27.270000457763672,22524200,0.0,0.0,0.0
2024-09-13 00:00:00-04:00,27.8700008392334,28.209999084472656,27.760000228881836,28.020000457763672,28.020000457763672,28629400,0.0,0.0,0.0
2024-09-16 00:00:00-04:00,28.270000457763672,28.290000915527344,27.899999618530273,28.06999969482422,28.06999969482422,14701600,0.0,0.0,0.0
2024-09-17 00:00:00-04:00,28.020000457763672,28.270000457763672,27.84000015258789,27.959999084472656,27.959999084472656,15504300,0.0,0.0,0.0
2024-09-18 00:00:00-04:00,27.950000762939453,28.5,27.09000015258789,27.239999771118164,27.239999771118164,35165900,0.0,0.0,0.0
2024-09-19 00:00:00-04:00,28.25,28.389999389648438,27.920000076293945,28.09000015258789,28.09000015258789,18852800,0.0,0.0,0.0
2024-09-20 00:00:00-04:00,28.399999618530273,28.600000381469727,28.18000030517578,28.40999984741211,28.40999984741211,21649400,0.0,0.0,0.0
2024-09-23 00:00:00-04:00,28.229999542236328,28.299999237060547,27.93000030517578,27.979999542236328,27.979999542236328,24206300,0.0,0.0,0.0
2024-09-24 00:00:00-04:00,28.270000457763672,29.440000534057617,28.170000076293945,29.3799991607666,29.3799991607666,41629900,0.0,0.0,0.0
2024-09-25 00:00:00-04:00,29.100000381469727,29.420000076293945,28.799999237060547,29.059999465942383,29.059999465942383,26627000,0.0,0.0,0.0
2024-09-26 00:00:00-04:00,29.31999969482422,29.459999084472656,28.940000534057617,29.260000228881836,29.260000228881836,23692000,0.0,0.0,0.0
2024-09-27 00:00:00-04:00,29.34000015258789,29.469999313354492,28.59000015258789,28.860000610351562,28.860000610351562,27109600,0.0,0.0,0.0
2024-09-30 00:00:00-04:00,28.510000228881836,28.540000915527344,28.170000076293945,28.40999984741211,28.40999984741211,16578100,0.0,0.0,0.0
2024-10-01 00:00:00-04:00,28.780000686645508,29.059999465942383,28.549999237060547,28.579999923706055,28.579999923706055,23796400,0.0,0.0,0.0
2024-10-02 00:00:00-04:00,29.1299991607666,29.459999084472656,28.68000030517578,29.0,29.0,21103100,0.0,0.0,0.0
2024-10-03 00:00:00-04:00,28.90999984741211,29.3700008392334,28.790000915527344,29.229999542236328,29.229999542236328,18907400,0.0,0.0,0.0
2024-10-04 00:00:00-04:00,29.229999542236328,30.06999969482422,28.979999542236328,29.360000610351562,29.360000610351562,39083200,0.0,0.0,0.0
2024-10-07 00:00:00-04:00,29.010000228881836,29.079999923706055,28.709999084472656,28.93000030517578,28.93000030517578,20872000,0.0,0.0,0.0
2024-10-08 00:00:00-04:00,28.40999984741211,28.530000686645508,27.469999313354492,28.010000228881836,28.010000228881836,39037200,0.0,0.0,0.0
2024-10-09 00:00:00-04:00,27.6200008392334,27.989999771118164,27.559999465942383,27.860000610351562,27.860000610351562,20157900,0.0,0.0,0.0
2024-10-10 00:00:00-04:00,27.969999313354492,28.43000030517578,27.920000076293945,28.3799991607666,28.3799991607666,18329100,0.0,0.0,0.0
2024-10-11 00:00:00-04:00,28.600000381469727,28.8700008392334,28.59000015258789,28.799999237060547,28.799999237060547,17096600,0.0,0.0,0.0
2024-10-14 00:00:00-04:00,28.469999313354492,28.760000228881836,28.299999237060547,28.540000915527344,28.540000915527344,13515700,0.0,0.0,0.0
2024-10-15 00:00:00-04:00,28.520000457763672,28.899999618530273,28.420000076293945,28.709999084472656,28.709999084472656,16871700,0.0,0.0,0.0
2024-10-16 00:00:00-04:00,29.1200008392334,29.350000381469727,28.770000457763672,28.90999984741211,28.90999984741211,17789700,0.0,0.0,0.0
2024-10-17 00:00:00-04:00,28.920000076293945,29.200000762939453,28.549999237060547,28.889999389648438,28.889999389648438,15369500,0.0,0.0,0.0
2024-10-18 00:00:00-04:00,29.469999313354492,30.719999313354492,29.420000076293945,30.639999389648438,30.639999389648438,45090400,0.0,0.0,0.0
2024-10-21 00:00:00-04:00,31.1299991607666,31.229999542236328,30.510000228881836,30.850000381469727,30.850000381469727,36669700,0.0,0.0,0.0
2024-10-22 00:00:00-04:00,31.399999618530273,31.799999237060547,31.239999771118164,31.739999771118164,31.739999771118164,37066100,0.0,0.0,0.0
2024-10-23 00:00:00-04:00,31.100000381469727,31.110000610351562,30.479999542236328,30.709999084472656,30.709999084472656,37351700,0.0,0.0,0.0
2024-10-24 00:00:00-04:00,31.190000534057617,31.229999542236328,30.299999237060547,30.690000534057617,30.690000534057617,29251500,0.0,0.0,0.0
2024-10-25 00:00:00-04:00,30.579999923706055,31.020000457763672,30.469999313354492,30.6299991607666,30.6299991607666,19517500,0.0,0.0,0.0
2024-10-28 00:00:00-04:00,30.709999084472656,30.989999771118164,30.6200008392334,30.729999542236328,30.729999542236328,16296900,0.0,0.0,0.0
2024-10-29 00:00:00-04:00,31.170000076293945,31.510000228881836,31.059999465942383,31.389999389648438,31.389999389648438,22508800,0.0,0.0,0.0
2024-10-30 00:00:00-04:00,30.739999771118164,30.979999542236328,30.450000762939453,30.809999465942383,30.809999465942383,20900100,0.0,0.0,0.0
2024-10-31 00:00:00-04:00,30.34000015258789,30.360000610351562,29.6200008392334,29.809999465942383,29.809999465942383,33075000,0.0,0.0,0.0
2024-11-01 00:00:00-04:00,30.059999465942383,30.190000534057617,29.479999542236328,29.540000915527344,29.540000915527344,22164900,0.0,0.0,0.0
2024-11-04 00:00:00-05:00,29.799999237060547,29.889999389648438,29.43000030517578,29.6299991607666,29.6299991607666,13044500,0.0,0.0,0.0
2024-11-05 00:00:00-05:00,29.950000762939453,30.020000457763672,29.690000534057617,29.75,29.75,12188500,0.0,0.0,0.0
2024-11-06 00:00:00-05:00,28.190000534057617,28.649999618530273,28.110000610351562,28.43000030517578,28.43000030517578,33038000,0.0,0.0,0.0
2024-11-07 00:00:00-05:00,28.920000076293945,29.299999237060547,28.790000915527344,29.110000610351562,29.110000610351562,21432200,0.0,0.0,0.0
2024-11-08 00:00:00-05:00,28.969999313354492,29.030000686645508,28.43000030517578,28.479999542236328,28.479999542236328,20235200,0.0,0.0,0.0
2024-11-11 00:00:00-05:00,27.969999313354492,28.020000457763672,27.719999313354492,27.969999313354492,27.969999313354492,24582600,0.0,0.0,0.0
2024-11-12 00:00:00-05:00,28.0,28.09000015258789,27.790000915527344,28.06999969482422,28.06999969482422,16561200,0.0,0.0,0.0
2024-11-13 00:00:00-05:00,28.25,28.280000686645508,27.600000381469727,27.610000610351562,27.610000610351562,16530500,0.0,0.0,0.0
2024-11-14 00:00:00-05:00,27.59000015258789,27.940000534057617,27.510000228881836,27.809999465942383,27.809999465942383,18059900,0.0,0.0,0.0
2024-11-15 00:00:00-05:00,28.040000915527344,28.079999923706055,27.5,27.56999969482422,27.56999969482422,18838400,0.0,0.0,0.0
2024-11-18 00:00:00-05:00,28.18000030517578,28.5,28.15999984741211,28.3799991607666,28.3799991607666,15731300,0.0,0.0,0.0
2024-11-19 00:00:00-05:00,28.459999084472656,28.530000686645508,28.290000915527344,28.5,28.5,12751100,0.0,0.0,0.0
2024-11-20 00:00:00-05:00,28.389999389648438,28.450000762939453,28.049999237060547,28.100000381469727,28.100000381469727,11137900,0.0,0.0,0.0
2024-11-21 00:00:00-05:00,28.270000457763672,28.299999237060547,27.920000076293945,28.040000915527344,28.040000915527344,11030500,0.0,0.0,0.0
2024-11-22 00:00:00-05:00,28.270000457763672,28.549999237060547,28.200000762939453,28.469999313354492,28.469999313354492,13173900,0.0,0.0,0.0
2024-11-25 00:00:00-05:00,27.719999313354492,27.739999771118164,27.399999618530273,27.6299991607666,27.6299991607666,22478400,0.0,0.0,0.0
2024-11-26 00:00:00-05:00,27.799999237060547,27.829999923706055,27.600000381469727,27.799999237060547,27.799999237060547,10484700,0.0,0.0,0.0
2024-11-27 00:00:00-05:00,27.75,27.84000015258789,27.31999969482422,27.450000762939453,27.450000762939453,22858600,0.0,0.0,0.0
2024-11-29 00:00:00-05:00,27.969999313354492,28.020000457763672,27.81999969482422,27.920000076293945,27.920000076293945,9663900,0.0,0.0,0.0
2024-12-02 00:00:00-05:00,27.850000381469727,27.8700008392334,27.610000610351562,27.790000915527344,27.790000915527344,9925400,0.0,0.0,0.0
2024-12-03 00:00:00-05:00,28.229999542236328,28.329999923706055,27.989999771118164,28.280000686645508,28.280000686645508,14543600,0.0,0.0,0.0
2024-12-04 00:00:00-05:00,28.360000610351562,28.690000534057617,28.299999237060547,28.530000686645508,28.530000686645508,22762400,0.0,0.0,0.0
2024-12-05 00:00:00-05:00,28.489999771118164,28.59000015258789,28.260000228881836,28.559999465942383,28.559999465942383,16123000,0.0,0.0,0.0
2024-12-06 00:00:00-05:00,28.31999969482422,28.5,28.079999923706055,28.25,28.25,13195500,0.0,0.0,0.0
2024-12-09 00:00:00-05:00,29.209999084472656,29.43000030517578,28.950000762939453,28.979999542236328,28.979999542236328,37481100,0.0,0.0,0.0
2024-12-10 00:00:00-05:00,29.170000076293945,29.25,28.969999313354492,28.989999771118164,28.989999771118164,43997000,0.0,0.0,0.0
2024-12-11 00:00:00-05:00,28.950000762939453,29.34000015258789,28.899999618530273,29.040000915527344,29.040000915527344,23582300,0.0,0.0,0.0
2024-12-12 00:00:00-05:00,28.6200008392334,28.639999389648438,28.1200008392334,28.200000762939453,28.200000762939453,34794100,0.0,0.0,0.0
2024-12-13 00:00:00-05:00,27.84000015258789,27.8700008392334,27.59000015258789,27.75,27.75,20326700,0.0,0.0,0.0
2024-12-16 00:00:00-05:00,27.90999984741211,27.90999984741211,27.760000228881836,27.799999237060547,27.799999237060547,9124900,0.0,0.0,0.0
2024-12-17 00:00:00-05:00,27.709999084472656,27.84000015258789,27.469999313354492,27.809999465942383,27.809999465942383,17504700,0.0,0.0,0.0
2024-12-18 00:00:00-05:00,27.559999465942383,27.639999389648438,26.770000457763672,26.850000381469727,26.850000381469727,27794500,0.0,0.0,0.0
2024-12-19 00:00:00-05:00,26.56999969482422,26.649999618530273,26.190000534057617,26.520000457763672,26.520000457763672,31083900,0.0,0.0,0.0
2024-12-20 00:00:00-05:00,26.610000610351562,27.059999465942383,26.579999923706055,26.920000076293945,26.920000076293945,17487600,0.0,0.0,0.0
2024-12-23 00:00:00-05:00,26.93000030517578,27.06999969482422,26.790000915527344,26.989999771118164,26.989999771118164,14473900,0.0,0.0,0.0
2024-12-24 00:00:00-05:00,27.0,27.049999237060547,26.8799991607666,27.020000457763672,27.020000457763672,3967700,0.0,0.0,0.0
2024-12-26 00:00:00-05:00,27.1200008392334,27.209999084472656,26.93000030517578,27.139999389648438,27.139999389648438,8244000,0.0,0.0,0.0
2024-12-27 00:00:00-05:00,26.889999389648438,26.959999084472656,26.719999313354492,26.760000228881836,26.760000228881836,9643500,0.0,0.0,0.0
2024-12-30 00:00:00-05:00,26.600000381469727,26.610000610351562,26.239999771118164,26.43000030517578,26.43000030517578,18853900,0.0,0.0,0.0
2024-12-31 00:00:00-05:00,26.229999542236328,26.440000534057617,26.219999313354492,26.329999923706055,26.329999923706055,8008400,0.0,0.0,0.0
2025-01-02 00:00:00-05:00,26.719999313354492,26.959999084472656,26.700000762939453,26.93000030517578,26.93000030517578,12368000,0.0,0.0,0.0
2025-01-03 00:00:00-05:00,27.190000534057617,27.229999542236328,26.90999984741211,26.979999542236328,26.979999542236328,8637600,0.0,0.0,0.0
2025-01-06 00:00:00-05:00,27.1299991607666,27.489999771118164,27.06999969482422,27.239999771118164,27.239999771118164,13037000,0.0,0.0,0.0
2025-01-07 00:00:00-05:00,27.639999389648438,27.68000030517578,27.309999465942383,27.329999923706055,27.329999923706055,17407700,0.0,0.0,0.0
2025-01-08 00:00:00-05:00,27.610000610351562,27.649999618530273,27.149999618530273,27.399999618530273,27.399999618530273,12926300,0.0,0.0,0.0
2025-01-10 00:00:00-05:00,27.93000030517578,27.940000534057617,27.549999237060547,27.610000610351562,27.610000610351562,24079100,0.0,0.0,0.0
2025-01-13 00:00:00-05:00,27.0,27.190000534057617,26.8700008392334,26.959999084472656,26.959999084472656,16965400,0.0,0.0,0.0
2025-01-14 00:00:00-05:00,27.030000686645508,27.309999465942383,27.010000228881836,27.200000762939453,27.200000762939453,11798000,0.0,0.0,0.0
2025-01-15 00:00:00-05:00,27.690000534057617,27.979999542236328,27.469999313354492,27.959999084472656,27.959999084472656,19890700,0.0,0.0,0.0
2025-01-16 00:00:00-05:00,27.979999542236328,28.200000762939453,27.8799991607666,28.040000915527344,28.040000915527344,20900100,0.0,0.0,0.0
2025-01-17 00:00:00-05:00,27.5,27.760000228881836,27.440000534057617,27.610000610351562,27.610000610351562,18974600,0.0,0.0,0.0
2025-01-21 00:00:00-05:00,27.940000534057617,28.06999969482422,27.850000381469727,28.040000915527344,28.040000915527344,15214400,0.0,0.0,0.0
2025-01-22 00:00:00-05:00,27.959999084472656,28.15999984741211,27.81999969482422,28.049999237060547,28.049999237060547,21195100,0.0,0.0,0.0
2025-01-23 00:00:00-05:00,27.520000457763672,27.780000686645508,27.40999984741211,27.770000457763672,27.770000457763672,23481100,0.0,0.0,0.0
2025-01-24 00:00:00-05:00,27.940000534057617,28.079999923706055,27.809999465942383,27.90999984741211,27.90999984741211,13750100,0.0,0.0,0.0
2025-01-27 00:00:00-05:00,27.5,27.739999771118164,27.049999237060547,27.459999084472656,27.459999084472656,22691500,0.0,0.0,0.0
2025-01-28 00:00:00-05:00,27.530000686645508,27.760000228881836,27.389999389648438,27.6299991607666,27.6299991607666,15636500,0.0,0.0,0.0
2025-01-29 00:00:00-05:00,28.059999465942383,28.209999084472656,27.850000381469727,28.0,28.0,28857800,0.0,0.0,0.0
2025-01-30 00:00:00-05:00,28.649999618530273,28.899999618530273,28.530000686645508,28.719999313354492,28.719999313354492,38787700,0.0,0.0,0.0
2025-01-31 00:00:00-05:00,28.770000457763672,28.850000381469727,28.389999389648438,28.510000228881836,28.510000228881836,26107000,0.0,0.0,0.0
2025-02-03 00:00:00-05:00,28.549999237060547,28.850000381469727,28.200000762939453,28.670000076293945,28.670000076293945,31728900,0.0,0.0,0.0
2025-02-04 00:00:00-05:00,29.110000610351562,29.479999542236328,29.020000457763672,29.219999313354492,29.219999313354492,41977300,0.0,0.0,0.0
2025-02-05 00:00:00-05:00,29.360000610351562,29.6299991607666,29.309999465942383,29.350000381469727,29.350000381469727,34873700,0.0,0.0,0.0
2025-02-06 00:00:00-05:00,29.239999771118164,29.40999984741211,28.90999984741211,29.3799991607666,29.3799991607666,17723200,0.0,0.0,0.0
2025-02-07 00:00:00-05:00,29.56999969482422,29.739999771118164,28.940000534057617,29.030000686645508,29.030000686645508,26954000,0.0,0.0,0.0
2025-02-10 00:00:00-05:00,29.149999618530273,29.360000610351562,29.079999923706055,29.200000762939453,29.200000762939453,14171300,0.0,0.0,0.0
2025-02-11 00:00:00-05:00,28.860000610351562,29.110000610351562,28.81999969482422,29.0,29.0,13779100,0.0,0.0,0.0
2025-02-12 00:00:00-05:00,29.200000762939453,29.469999313354492,29.06999969482422,29.34000015258789,29.34000015258789,16716600,0.0,0.0,0.0
2025-02-13 00:00:00-05:00,29.190000534057617,29.479999542236328,29.1200008392334,29.459999084472656,29.459999084472656,17030700,0.0,0.0,0.0
2025-02-14 00:00:00-05:00,30.239999771118164,30.280000686645508,29.200000762939453,29.309999465942383,29.309999465942383,34965900,0.0,0.0,0.0
2025-02-18 00:00:00-05:00,29.6200008392334,29.959999084472656,29.56999969482422,29.90999984741211,29.90999984741211,20511100,0.0,0.0,0.0
2025-02-19 00:00:00-05:00,29.75,29.84000015258789,29.530000686645508,29.809999465942383,29.809999465942383,13660600,0.0,0.0,0.0
2025-02-20 00:00:00-05:00,29.979999542236328,30.1299991607666,29.8799991607666,29.950000762939453,29.950000762939453,15420400,0.0,0.0,0.0
2025-02-21 00:00:00-05:00,30.020000457763672,30.030000686645508,29.579999923706055,29.59000015258789,29.59000015258789,15515800,0.0,0.0,0.0
2025-02-24 00:00:00-05:00,29.56999969482422,29.6200008392334,29.209999084472656,29.440000534057617,29.440000534057617,13995200,0.0,0.0,0.0
2025-02-25 00:00:00-05:00,29.170000076293945,29.299999237060547,28.469999313354492,28.829999923706055,28.829999923706055,22142400,0.0,0.0,0.0
2025-02-26 00:00:00-05:00,28.780000686645508,29.100000381469727,28.65999984741211,28.940000534057617,28.940000534057617,10231000,0.0,0.0,0.0
2025-02-27 00:00:00-05:00,28.940000534057617,28.940000534057617,28.3799991607666,28.399999618530273,28.399999618530273,16680000,0.0,0.0,0.0
2025-02-28 00:00:00-05:00,28.18000030517578,28.399999618530273,28.040000915527344,28.309999465942383,28.309999465942383,13692000,0.0,0.0,0.0
2025-03-03 00:00:00-05:00,28.860000610351562,28.989999771118164,28.65999984741211,28.75,28.75,16522000,0.0,0.0,0.0
2025-03-04 00:00:00-05:00,29.040000915527344,29.139999389648438,28.639999389648438,29.0,29.0,13767900,0.0,0.0,0.0
2025-03-05 00:00:00-05:00,29.229999542236328,29.780000686645508,29.209999084472656,29.770000457763672,29.770000457763672,25486300,0.0,0.0,0.0
2025-03-06 00:00:00-05:00,29.5,29.829999923706055,29.469999313354492,29.690000534057617,29.690000534057617,16888500,0.0,0.0,0.0
2025-03-07 00:00:00-05:00,29.389999389648438,29.68000030517578,29.219999313354492,29.59000015258789,29.59000015258789,18786400,0.0,0.0,0.0
2025-03-10 00:00:00-04:00,29.559999465942383,29.579999923706055,29.059999465942383,29.110000610351562,29.110000610351562,15889000,0.0,0.0,0.0
2025-03-11 00:00:00-04:00,29.59000015258789,30.020000457763672,29.579999923706055,29.959999084472656,29.959999084472656,23227800,0.0,0.0,0.0
2025-03-12 00:00:00-04:00,30.020000457763672,30.34000015258789,29.940000534057617,30.219999313354492,30.219999313354492,18764800,0.0,0.0,0.0
2025-03-13 00:00:00-04:00,30.200000762939453,30.899999618530273,30.1299991607666,30.739999771118164,30.739999771118164,37624000,0.0,0.0,0.0
2025-03-14 00:00:00-04:00,30.90999984741211,30.93000030517578,30.510000228881836,30.709999084472656,30.709999084472656,23520700,0.0,0.0,0.0
2025-03-17 00:00:00-04:00,30.420000076293945,30.850000381469727,30.420000076293945,30.809999465942383,30.809999465942383,20973700,0.0,0.0,0.0
2025-03-18 00:00:00-04:00,31.100000381469727,31.149999618530273,30.81999969482422,30.850000381469727,30.850000381469727,20424600,0.0,0.0,0.0
2025-03-19 00:00:00-04:00,30.68000030517578,30.8799991607666,30.450000762939453,30.75,30.75,23258500,0.0,0.0,0.0
2025-03-20 00:00:00-04:00,30.270000457763672,30.540000915527344,30.229999542236328,30.5,30.5,12842100,0.0,0.0,0.0
2025-03-21 00:00:00-04:00,30.209999084472656,30.25,29.719999313354492,30.020000457763672,30.020000457763672,17198900,0.0,0.0,0.0
2025-03-24 00:00:00-04:00,30.1299991607666,30.239999771118164,29.920000076293945,29.959999084472656,29.959999084472656,17493700,0.0,0.0,0.0
2025-03-25 00:00:00-04:00,30.549999237060547,30.760000228881836,30.520000457763672,30.579999923706055,30.579999923706055,19168000,0.0,0.0,0.0
2025-03-26 00:00:00-04:00,30.709999084472656,30.760000228881836,30.479999542236328,30.530000686645508,30.530000686645508,13616800,0.0,0.0,0.0
2025-03-27 00:00:00-04:00,30.770000457763672,31.3799991607666,30.68000030517578,31.31999969482422,31.31999969482422,34298400,0.0,0.0,0.0
2025-03-28 00:00:00-04:00,31.389999389648438,31.40999984741211,30.860000610351562,31.0,31.0,25160200,0.0,0.0,0.0
2025-03-31 00:00:00-04:00,30.770000457763672,31.020000457763672,30.479999542236328,30.989999771118164,30.989999771118164,18403300,0.0,0.0,0.0
2025-04-01 00:00:00-04:00,30.8700008392334,30.90999984741211,30.440000534057617,30.6299991607666,30.6299991607666,22261800,0.0,0.0,0.0
2025-04-02 00:00:00-04:00,30.739999771118164,30.969999313354492,30.639999389648438,30.760000228881836,30.760000228881836,20976600,0.0,0.0,0.0
2025-04-03 00:00:00-04:00,28.950000762939453,29.510000228881836,28.860000610351562,28.889999389648438,28.889999389648438,46008100,0.0,0.0,0.0
2025-04-04 00:00:00-04:00,27.959999084472656,28.020000457763672,26.56999969482422,27.079999923706055,27.079999923706055,73174500,0.0,0.0,0.0
2025-04-07 00:00:00-04:00,27.299999237060547,27.84000015258789,26.920000076293945,27.139999389648438,27.139999389648438,37531600,0.0,0.0,0.0
2025-04-08 00:00:00-04:00,27.6299991607666,27.780000686645508,26.959999084472656,27.139999389648438,27.139999389648438,19629400,0.0,0.0,0.0
2025-04-09 00:00:00-04:00,27.610000610351562,28.239999771118164,27.450000762939453,28.059999465942383,28.059999465942383,38180100,0.0,0.0,0.0
2025-04-10 00:00:00-04:00,28.110000610351562,28.420000076293945,27.809999465942383,28.280000686645508,28.280000686645508,23059800,0.0,0.0,0.0
2025-04-11 00:00:00-04:00,28.790000915527344,29.3700008392334,28.68000030517578,29.190000534057617,29.190000534057617,36908500,0.0,0.0,0.0
2025-04-14 00:00:00-04:00,29.100000381469727,29.459999084472656,28.8799991607666,29.3799991607666,29.3799991607666,29268900,0.0,0.0,0.0
2025-04-15 00:00:00-04:00,29.360000610351562,29.459999084472656,29.200000762939453,29.40999984741211,29.40999984741211,24273700,0.0,0.0,0.0
2025-04-16 00:00:00-04:00,29.850000381469727,30.020000457763672,29.700000762939453,29.760000228881836,29.760000228881836,21282500,0.0,0.0,0.0
2025-04-17 00:00:00-04:00,29.540000915527344,29.690000534057617,29.170000076293945,29.549999237060547,29.549999237060547,13649400,0.0,0.0,0.0
2025-04-21 00:00:00-04:00,29.950000762939453,30.010000228881836,29.549999237060547,29.790000915527344,29.790000915527344,17295400,0.0,0.0,0.0
2025-04-22 00:00:00-04:00,29.790000915527344,30.149999618530273,29.5,29.5,29.5,27253600,0.0,0.0,0.0
2025-04-23 00:00:00-04:00,29.809999465942383,30.6200008392334,29.709999084472656,30.559999465942383,30.559999465942383,31975000,0.0,0.0,0.0
2025-04-24 00:00:00-04:00,30.309999465942383,30.59000015258789,30.1299991607666,30.559999465942383,30.559999465942383,15405500,0.0,0.0,0.0
2025-04-25 00:00:00-04:00,29.959999084472656,30.100000381469727,29.790000915527344,30.049999237060547,30.049999237060547,19326000,0.0,0.0,0.0
2025-04-28 00:00:00-04:00,30.079999923706055,30.200000762939453,29.829999923706055,30.190000534057617,30.190000534057617,18288000,0.0,0.0,0.0
2025-04-29 00:00:00-04:00,30.450000762939453,30.5,29.81999969482422,29.829999923706055,29.829999923706055,24967300,0.0,0.0,0.0
2025-04-30 00:00:00-04:00,29.68000030517578,29.809999465942383,29.440000534057617,29.600000381469727,29.600000381469727,22126700,0.0,0.0,0.0
2025-05-01 00:00:00-04:00,29.40999984741211,29.549999237060547,29.170000076293945,29.389999389648438,29.389999389648438,14830500,0.0,0.0,0.0
2025-05-02 00:00:00-04:00,29.6200008392334,29.649999618530273,29.040000915527344,29.1200008392334,29.1200008392334,14040900,0.0,0.0,0.0
2025-05-05 00:00:00-04:00,29.549999237060547,29.559999465942383,29.25,29.479999542236328,29.479999542236328,10052300,0.0,0.0,0.0
2025-05-06 00:00:00-04:00,30.200000762939453,30.239999771118164,30.0,30.219999313354492,30.219999313354492,17870800,0.0,0.0,0.0
2025-05-07 00:00:00-04:00,29.770000457763672,29.8700008392334,29.31999969482422,29.489999771118164,29.489999771118164,14080800,0.0,0.0,0.0
2025-05-08 00:00:00-04:00,29.600000381469727,29.780000686645508,29.360000610351562,29.459999084472656,29.459999084472656,13209300,0.0,0.0,0.0
2025-05-09 00:00:00-04:00,29.700000762939453,29.889999389648438,29.649999618530273,29.799999237060547,29.799999237060547,8963000,0.0,0.0,0.0
2025-05-12 00:00:00-04:00,29.670000076293945,29.739999771118164,29.43000030517578,29.6299991607666,29.6299991607666,14642000,0.0,0.0,0.0
2025-05-13 00:00:00-04:00,29.690000534057617,30.010000228881836,29.610000610351562,29.93000030517578,29.93000030517578,13094100,0.0,0.0,0.0
2025-05-14 00:00:00-04:00,29.43000030517578,29.510000228881836,29.15999984741211,29.25,29.25,14048500,0.0,0.0,0.0
2025-05-15 00:00:00-04:00,29.25,29.6200008392334,29.18000030517578,29.610000610351562,29.610000610351562,10062200,0.0,0.0,0.0
2025-05-16 00:00:00-04:00,29.200000762939453,29.3799991607666,29.100000381469727,29.299999237060547,29.299999237060547,9275600,0.0,0.0,0.0
2025-05-19 00:00:00-04:00,29.43000030517578,29.530000686645508,29.309999465942383,29.420000076293945,29.420000076293945,11078100,0.0,0.0,0.0
2025-05-20 00:00:00-04:00,29.530000686645508,30.1299991607666,29.5,30.1299991607666,30.1299991607666,14474100,0.0,0.0,0.0
2025-05-21 00:00:00-04:00,30.18000030517578,30.530000686645508,30.100000381469727,30.510000228881836,30.510000228881836,19504900,0.0,0.0,0.0
2025-05-22 00:00:00-04:00,30.010000228881836,30.110000610351562,29.780000686645508,30.030000686645508,30.030000686645508,15320500,0.0,0.0,0.0
2025-05-23 00:00:00-04:00,30.190000534057617,30.5,30.020000457763672,30.450000762939453,30.450000762939453,15098100,0.0,0.0,0.0
2025-05-27 00:00:00-04:00,30.040000915527344,30.25,29.979999542236328,30.229999542236328,30.229999542236328,12301000,0.0,0.0,0.0
2025-05-28 00:00:00-04:00,30.149999618530273,30.229999542236328,29.959999084472656,29.979999542236328,29.979999542236328,11211700,0.0,0.0,0.0
2025-05-29 00:00:00-04:00,30.290000915527344,30.31999969482422,30.049999237060547,30.299999237060547,30.299999237060547,12160600,0.0,0.0,0.0
2025-05-30 00:00:00-04:00,30.1200008392334,30.190000534057617,29.780000686645508,30.0,30.0,14305400,0.0,0.0,0.0
2025-06-02 00:00:00-04:00,30.850000381469727,31.600000381469727,30.719999313354492,31.59000015258789,31.59000015258789,37873300,0.0,0.0,0.0
2025-06-03 00:00:00-04:00,31.270000457763672,31.469999313354492,31.06999969482422,31.440000534057617,31.440000534057617,23158800,0.0,0.0,0.0
2025-06-04 00:00:00-04:00,31.31999969482422,31.43000030517578,31.229999542236328,31.34000015258789,31.34000015258789,19730500,0.0,0.0,0.0
2025-06-05 00:00:00-04:00,32.630001068115234,32.779998779296875,32.09000015258789,32.45000076293945,32.45000076293945,51807500,0.0,0.0,0.0
2025-06-06 00:00:00-04:00,32.91999816894531,32.97999954223633,32.54999923706055,32.689998626708984,32.689998626708984,30260200,0.0,0.0,0.0
2025-06-09 00:00:00-04:00,33.099998474121094,33.540000915527344,33.0,33.38999938964844,33.38999938964844,33931400,0.0,0.0,0.0
2025-06-10 00:00:00-04:00,33.310001373291016,33.36000061035156,33.0099983215332,33.22999954223633,33.22999954223633,29120900,0.0,0.0,0.0
2025-06-11 00:00:00-04:00,32.91999816894531,33.040000915527344,32.75,32.95000076293945,32.95000076293945,34712100,0.0,0.0,0.0
2025-06-12 00:00:00-04:00,32.849998474121094,33.060001373291016,32.790000915527344,33.060001373291016,33.060001373291016,21111600,0.0,0.0,0.0
2025-06-13 00:00:00-04:00,33.02000045776367,33.060001373291016,32.790000915527344,32.970001220703125,32.970001220703125,21713100,0.0,0.0,0.0
2025-06-16 00:00:00-04:00,33.099998474121094,33.150001525878906,32.900001525878906,33.029998779296875,33.029998779296875,14883300,0.0,0.0,0.0
2025-06-17 00:00:00-04:00,33.630001068115234,33.869998931884766,33.45000076293945,33.7400016784668,33.7400016784668,26824900,0.0,0.0,0.0
2025-06-18 00:00:00-04:00,33.7400016784668,33.75,33.209999084472656,33.27000045776367,33.27000045776367,21945600,0.0,0.0,0.0
2025-06-20 00:00:00-04:00,32.779998779296875,32.790000915527344,32.56999969482422,32.720001220703125,32.720001220703125,25415200,0.0,0.0,0.0
2025-06-23 00:00:00-04:00,32.810001373291016,33.04999923706055,32.779998779296875,32.959999084472656,32.959999084472656,18661900,0.0,0.0,0.0
2025-06-24 00:00:00-04:00,32.54999923706055,32.630001068115234,32.060001373291016,32.61000061035156,32.61000061035156,20982400,0.0,0.0,0.0
2025-06-25 00:00:00-04:00,32.529998779296875,33.0099983215332,32.4900016784668,33.0099983215332,33.0099983215332,12254300,0.0,0.0,0.0
2025-06-26 00:00:00-04:00,33.130001068115234,33.369998931884766,33.0,33.34000015258789,33.34000015258789,15255200,0.0,0.0,0.0
2025-06-27 00:00:00-04:00,32.560001373291016,32.900001525878906,32.529998779296875,32.619998931884766,32.619998931884766,17596300,0.0,0.0,0.0
2025-06-30 00:00:00-04:00,32.720001220703125,32.81999969482422,32.619998931884766,32.810001373291016,32.810001373291016,10565300,0.0,0.0,0.0
2025-07-01 00:00:00-04:00,32.93000030517578,33.119998931884766,32.709999084472656,32.72999954223633,32.72999954223633,13436400,0.0,0.0,0.0
2025-07-02 00:00:00-04:00,33.029998779296875,33.2400016784668,32.93000030517578,33.2400016784668,33.2400016784668,13673500,0.0,0.0,0.0
2025-07-03 00:00:00-04:00,33.41999816894531,33.54999923706055,33.290000915527344,33.5099983215332,33.5099983215332,10356200,0.0,0.0,0.0
2025-07-07 00:00:00-04:00,33.060001373291016,33.439998626708984,33.02000045776367,33.43000030517578,33.43000030517578,12133000,0.0,0.0,0.0
2025-07-08 00:00:00-04:00,33.33000183105469,33.36000061035156,32.970001220703125,33.290000915527344,33.290000915527344,17473100,0.0,0.0,0.0
2025-07-09 00:00:00-04:00,33.09000015258789,33.13999938964844,32.959999084472656,33.0,33.0,17764100,0.0,0.0,0.0
2025-07-10 00:00:00-04:00,33.310001373291016,33.7599983215332,33.11000061035156,33.75,33.75,44301500,0.0,0.0,0.0
2025-07-11 00:00:00-04:00,34.20000076293945,35.06999969482422,34.150001525878906,35.029998779296875,35.029998779296875,57917800,0.0,0.0,0.0
2025-07-14 00:00:00-04:00,35.220001220703125,35.290000915527344,34.61000061035156,34.630001068115234,34.630001068115234,40685400,0.0,0.0,0.0
2025-07-15 00:00:00-04:00,34.689998626708984,34.720001220703125,34.130001068115234,34.2599983215332,34.2599983215332,34082300,0.0,0.0,0.0
2025-07-16 00:00:00-04:00,34.38999938964844,34.56999969482422,34.04999923706055,34.40999984741211,34.40999984741211,26483200,0.0,0.0,0.0
2025-07-17 00:00:00-04:00,34.29999923706055,34.68000030517578,34.16999816894531,34.650001525878906,34.650001525878906,14813500,0.0,0.0,0.0
2025-07-18 00:00:00-04:00,34.790000915527344,34.86000061035156,34.599998474121094,34.61000061035156,34.61000061035156,18305300,0.0,0.0,0.0
2025-07-21 00:00:00-04:00,35.11000061035156,35.4900016784668,35.09000015258789,35.349998474121094,35.349998474121094,28710500,0.0,0.0,0.0
2025-07-22 00:00:00-04:00,35.54999923706055,35.720001220703125,35.16999816894531,35.720001220703125,35.720001220703125,25205300,0.0,0.0,0.0
2025-07-23 00:00:00-04:00,35.7599983215332,35.90999984741211,35.470001220703125,35.689998626708984,35.689998626708984,21882800,0.0,0.0,0.0
2025-07-24 00:00:00-04:00,35.36000061035156,35.54999923706055,35.2400016784668,35.4900016784668,35.4900016784668,11319800,0.0,0.0,0.0
2025-07-25 00:00:00-04:00,35.279998779296875,35.38999938964844,34.47999954223633,34.65999984741211,34.65999984741211,24958300,0.0,0.0,0.0
2025-07-28 00:00:00-04:00,34.650001525878906,34.689998626708984,34.43000030517578,34.63999938964844,34.63999938964844,16543400,0.0,0.0,0.0
2025-07-29 00:00:00-04:00,34.63999938964844,34.779998779296875,34.47999954223633,34.65999984741211,34.65999984741211,10705700,0.0,0.0,0.0
2025-07-30 00:00:00-04:00,34.119998931884766,34.29999923706055,33.400001525878906,33.5099983215332,33.5099983215332,35325600,0.0,0.0,0.0
2025-07-31 00:00:00-04:00,33.29999923706055,33.349998474121094,33.099998474121094,33.31999969482422,33.31999969482422,15454400,0.0,0.0,0.0
2025-08-01 00:00:00-04:00,33.7599983215332,33.77000045776367,33.38999938964844,33.59000015258789,33.59000015258789,16787200,0.0,0.0,0.0
2025-08-04 00:00:00-04:00,33.93000030517578,34.04999923706055,33.849998474121094,33.97999954223633,33.97999954223633,9725800,0.0,0.0,0.0
2025-08-05 00:00:00-04:00,34.0099983215332,34.40999984741211,33.9900016784668,34.349998474121094,34.349998474121094,16451200,0.0,0.0,0.0
2025-08-06 00:00:00-04:00,34.38999938964844,34.470001220703125,34.290000915527344,34.349998474121094,34.349998474121094,8747600,0.0,0.0,0.0
2025-08-07 00:00:00-04:00,34.849998474121094,34.9900016784668,34.52000045776367,34.7599983215332,34.7599983215332,21996100,0.0,0.0,0.0
2025-08-08 00:00:00-04:00,34.779998779296875,34.88999938964844,34.5099983215332,34.880001068115234,34.880001068115234,15786100,0.0,0.0,0.0
2025-08-11 00:00:00-04:00,34.34000015258789,34.43000030517578,34.18000030517578,34.18000030517578,34.18000030517578,10749300,0.0,0.0,0.0
2025-08-12 00:00:00-04:00,34.2400016784668,34.529998779296875,34.11000061035156,34.40999984741211,34.40999984741211,12098000,0.0,0.0,0.0
2025-08-13 00:00:00-04:00,34.869998931884766,35.040000915527344,34.849998474121094,35.0,35.0,13185600,0.0,0.0,0.0
2025-08-14 00:00:00-04:00,34.650001525878906,34.75,34.349998474121094,34.5,34.5,15819700,0.0,0.0,0.0
2025-08-15 00:00:00-04:00,34.34000015258789,34.52000045776367,34.220001220703125,34.5,34.5,13881700,0.0,0.0,0.0
2025-08-18 00:00:00-04:00,34.65999984741211,34.68000030517578,34.470001220703125,34.54999923706055,34.54999923706055,8670800,0.0,0.0,0.0
2025-08-19 00:00:00-04:00,34.470001220703125,34.540000915527344,33.849998474121094,33.869998931884766,33.869998931884766,18812900,0.0,0.0,0.0
2025-08-20 00:00:00-04:00,34.209999084472656,34.45000076293945,34.20000076293945,34.43000030517578,34.43000030517578,10903400,0.0,0.0,0.0
2025-08-21 00:00:00-04:00,34.47999954223633,34.689998626708984,34.45000076293945,34.61000061035156,34.61000061035156,10597900,0.0,0.0,0.0
2025-08-22 00:00:00-04:00,34.459999084472656,35.470001220703125,34.400001525878906,35.34000015258789,35.34000015258789,26003300,0.0,0.0,0.0
2025-08-25 00:00:00-04:00,35.06999969482422,35.349998474121094,35.02000045776367,35.02000045776367,35.02000045776367,10286400,0.0,0.0,0.0
2025-08-26 00:00:00-04:00,34.900001525878906,35.099998474121094,34.880001068115234,35.02000045776367,35.02000045776367,13836600,0.0,0.0,0.0
2025-08-27 00:00:00-04:00,34.72999954223633,35.08000183105469,34.61000061035156,34.9900016784668,34.9900016784668,10084200,0.0,0.0,0.0
2025-08-28 00:00:00-04:00,35.40999984741211,35.52000045776367,35.22999954223633,35.52000045776367,35.52000045776367,21079100,0.0,0.0,0.0
2025-08-29 00:00:00-04:00,35.349998474121094,36.290000915527344,35.31999969482422,36.189998626708984,36.189998626708984,28952900,0.0,0.0,0.0
2025-09-02 00:00:00-04:00,36.630001068115234,37.16999816894531,36.43000030517578,37.150001525878906,37.150001525878906,35875300,0.0,0.0,0.0
2025-09-03 00:00:00-04:00,37.33000183105469,37.63999938964844,37.18000030517578,37.34000015258789,37.34000015258789,27291200,0.0,0.0,0.0
2025-09-04 00:00:00-04:00,37.20000076293945,37.220001220703125,36.630001068115234,36.93000030517578,36.93000030517578,45258500,0.0,0.0,0.0
2025-09-05 00:00:00-04:00,37.40999984741211,37.599998474121094,36.970001220703125,37.209999084472656,37.209999084472656,25435500,0.0,0.0,0.0
2025-09-08 00:00:00-04:00,37.56999969482422,37.83000183105469,37.36000061035156,37.5099983215332,37.5099983215332,25019700,0.0,0.0,0.0
2025-09-09 00:00:00-04:00,37.43000030517578,37.58000183105469,37.0099983215332,37.18000030517578,37.18000030517578,24001200,0.0,0.0,0.0
2025-09-10 00:00:00-04:00,37.349998474121094,37.4900016784668,37.2400016784668,37.40999984741211,37.40999984741211,17743600,0.0,0.0,0.0
2025-09-11 00:00:00-04:00,37.369998931884766,37.91999816894531,37.33000183105469,37.790000915527344,37.790000915527344,19051500,0.0,0.0,0.0
2025-09-12 00:00:00-04:00,38.2400016784668,38.45000076293945,38.150001525878906,38.34000015258789,38.34000015258789,19902300,0.0,0.0,0.0
2025-09-15 00:00:00-04:00,38.29999923706055,38.790000915527344,38.25,38.7599983215332,38.7599983215332,22225100,0.0,0.0,0.0
2025-09-16 00:00:00-04:00,39.0,39.0099983215332,38.34000015258789,38.599998474121094,38.599998474121094,25319700,0.0,0.0,0.0
2025-09-17 00:00:00-04:00,38.040000915527344,38.34000015258789,37.349998474121094,37.790000915527344,37.790000915527344,31045500,0.0,0.0,0.0
2025-09-18 00:00:00-04:00,37.849998474121094,38.0,37.61000061035156,37.9900016784668,37.9900016784668,13289200,0.0,0.0,0.0
2025-09-19 00:00:00-04:00,38.2599983215332,39.119998931884766,38.189998626708984,39.040000915527344,39.040000915527344,36776300,0.0,0.0,0.0
2025-09-22 00:00:00-04:00,39.5,40.04999923706055,39.34000015258789,40.040000915527344,40.040000915527344,32055400,0.0,0.0,0.0
2025-09-23 00:00:00-04:00,40.310001373291016,40.36000061035156,39.790000915527344,39.959999084472656,39.959999084472656,28492600,0.0,0.0,0.0
2025-09-24 00:00:00-04:00,40.130001068115234,40.15999984741211,39.63999938964844,39.81999969482422,39.81999969482422,31533200,0.0,0.0,0.0
2025-09-25 00:00:00-04:00,40.459999084472656,41.060001373291016,40.119998931884766,41.029998779296875,41.029998779296875,36395800,0.0,0.0,0.0
2025-09-26 00:00:00-04:00,41.22999954223633,42.33000183105469,41.09000015258789,41.86000061035156,41.86000061035156,44578500,0.0,0.0,0.0
2025-09-29 00:00:00-04:00,42.459999084472656,42.75,42.18000030517578,42.5,42.5,41290300,0.0,0.0,0.0
2025-09-30 00:00:00-04:00,41.790000915527344,42.459999084472656,41.70000076293945,42.369998931884766,42.369998931884766,34884200,0.0,0.0,0.0
2025-10-01 00:00:00-04:00,43.029998779296875,43.400001525878906,42.869998931884766,42.90999984741211,42.90999984741211,44341800,0.0,0.0,0.0
2025-10-02 00:00:00-04:00,43.56999969482422,43.59000015258789,41.65999984741211,42.529998779296875,42.529998779296875,58242300,0.0,0.0,0.0
2025-10-03 00:00:00-04:00,43.33000183105469,43.95000076293945,43.04999923706055,43.52000045776367,43.52000045776367,47523500,0.0,0.0,0.0
2025-10-06 00:00:00-04:00,44.0099983215332,44.2599983215332,43.88999938964844,44.060001373291016,44.060001373291016,34114000,0.0,0.0,0.0
2025-10-07 00:00:00-04:00,43.970001220703125,43.9900016784668,42.95000076293945,43.38999938964844,43.38999938964844,42769100,0.0,0.0,0.0
2025-10-08 00:00:00-04:00,44.43000030517578,45.0099983215332,44.279998779296875,44.560001373291016,44.560001373291016,59455700,0.0,0.0,0.0
2025-10-09 00:00:00-04:00,46.27000045776367,46.349998474121094,42.810001373291016,44.709999084472656,44.709999084472656,110701700,0.0,0.0,0.0
2025-10-10 00:00:00-04:00,45.47999954223633,46.0,44.880001068115234,45.43000030517578,45.43000030517578,67017000,0.0,0.0,0.0
2025-10-13 00:00:00-04:00,46.939998626708984,47.439998626708984,46.58000183105469,47.2599983215332,47.2599983215332,57830400,0.0,0.0,0.0
2025-10-14 00:00:00-04:00,45.9900016784668,47.2599983215332,45.77000045776367,46.79999923706055,46.79999923706055,57821500,0.0,0.0,0.0
2025-10-15 00:00:00-04:00,47.75,48.40999984741211,47.41999816894531,48.33000183105469,48.33000183105469,41672900,0.0,0.0,0.0
2025-10-16 00:00:00-04:00,48.099998474121094,49.25,48.0,49.16999816894531,49.16999816894531,48853000,0.0,0.0,0.0
2025-10-17 00:00:00-04:00,48.459999084472656,48.59000015258789,45.880001068115234,46.9900016784668,46.9900016784668,86492600,0.0,0.0,0.0
2025-10-20 00:00:00-04:00,47.7599983215332,47.83000183105469,47.060001373291016,47.720001220703125,47.720001220703125,35933500,0.0,0.0,0.0
2025-10-21 00:00:00-04:00,45.189998626708984,45.380001068115234,43.310001373291016,43.790000915527344,43.790000915527344,81395300,0.0,0.0,0.0
2025-10-22 00:00:00-04:00,43.7400016784668,44.130001068115234,43.279998779296875,43.880001068115234,43.880001068115234,43270000,0.0,0.0,0.0
2025-10-23 00:00:00-04:00,44.720001220703125,44.869998931884766,44.16999816894531,44.18000030517578,44.18000030517578,24565600,0.0,0.0,0.0
2025-10-24 00:00:00-04:00,44.08000183105469,44.38999938964844,43.84000015258789,43.9900016784668,43.9900016784668,24014000,0.0,0.0,0.0
2025-10-27 00:00:00-04:00,42.970001220703125,43.060001373291016,41.70000076293945,42.400001525878906,42.400001525878906,42914100,0.0,0.0,0.0
2025-10-28 00:00:00-04:00,42.36000061035156,42.90999984741211,42.22999954223633,42.70000076293945,42.70000076293945,27782000,0.0,0.0,0.0
2025-10-29 00:00:00-04:00,43.84000015258789,43.939998626708984,42.83000183105469,43.22999954223633,43.22999954223633,27351700,0.0,0.0,0.0
2025-10-30 00:00:00-04:00,43.68000030517578,44.439998626708984,43.540000915527344,44.34000015258789,44.34000015258789,30333200,0.0,0.0,0.0
2025-10-31 00:00:00-04:00,44.47999954223633,44.52000045776367,43.88999938964844,44.0099983215332,44.0099983215332,21310900,0.0,0.0,0.0
2025-11-03 00:00:00-05:00,44.25,44.36000061035156,43.560001373291016,43.7599983215332,43.7599983215332,17946700,0.0,0.0,0.0
2025-11-04 00:00:00-05:00,43.040000915527344,43.439998626708984,42.5099983215332,42.7400016784668,42.7400016784668,26679100,0.0,0.0,0.0
2025-11-05 00:00:00-05:00,43.4900016784668,43.790000915527344,43.349998474121094,43.650001525878906,43.650001525878906,16178500,0.0,0.0,0.0
2025-11-06 00:00:00-05:00,43.65999984741211,43.900001525878906,43.2400016784668,43.54999923706055,43.54999923706055,15957900,0.0,0.0,0.0
2025-11-07 00:00:00-05:00,44.02000045776367,44.22999954223633,43.5099983215332,43.91999816894531,43.91999816894531,16493100,0.0,0.0,0.0
2025-11-10 00:00:00-05:00,45.16999816894531,45.869998931884766,45.0099983215332,45.790000915527344,45.790000915527344,20763800,0.0,0.0,0.0
2025-11-11 00:00:00-05:00,46.279998779296875,46.47999954223633,45.599998474121094,46.45000076293945,46.45000076293945,19693700,0.0,0.0,0.0
2025-11-12 00:00:00-05:00,47.099998474121094,48.70000076293945,46.88999938964844,48.31999969482422,48.31999969482422,51559700,0.0,0.0,0.0
2025-11-13 00:00:00-05:00,48.290000915527344,48.41999816894531,47.209999084472656,47.41999816894531,47.41999816894531,39328400,0.0,0.0,0.0
2025-11-14 00:00:00-05:00,45.77000045776367,46.709999084472656,45.400001525878906,45.959999084472656,45.959999084472656,31793500,0.0,0.0,0.0
2025-11-17 00:00:00-05:00,45.810001373291016,46.2599983215332,44.95000076293945,45.470001220703125,45.470001220703125,23582000,0.0,0.0,0.0
2025-11-18 00:00:00-05:00,45.869998931884766,46.439998626708984,45.59000015258789,46.099998474121094,46.099998474121094,20909400,0.0,0.0,0.0
2025-11-19 00:00:00-05:00,46.79999923706055,47.5,45.689998626708984,46.45000076293945,46.45000076293945,30797100,0.0,0.0,0.0
2025-11-20 00:00:00-05:00,46.2599983215332,46.63999938964844,45.540000915527344,45.779998779296875,45.779998779296875,28460400,0.0,0.0,0.0
2025-11-21 00:00:00-05:00,44.900001525878906,45.95000076293945,44.7599983215332,45.29999923706055,45.29999923706055,26351900,0.0,0.0,0.0
2025-11-24 00:00:00-05:00,45.40999984741211,46.63999938964844,45.36000061035156,46.630001068115234,46.630001068115234,21486800,0.0,0.0,0.0
2025-11-25 00:00:00-05:00,46.54999923706055,46.77000045776367,45.970001220703125,46.66999816894531,46.66999816894531,24006600,0.0,0.0,0.0
2025-11-26 00:00:00-05:00,47.310001373291016,48.45000076293945,47.150001525878906,48.400001525878906,48.400001525878906,26280300,0.0,0.0,0.0
2025-11-28 00:00:00-05:00,49.66999816894531,51.27000045776367,49.58000183105469,51.209999084472656,51.209999084472656,41350000,0.0,0.0,0.0
2025-12-01 00:00:00-05:00,51.9900016784668,53.36000061035156,51.61000061035156,52.52000045776367,52.52000045776367,66064100,0.0,0.0,0.0
2025-12-02 00:00:00-05:00,52.83000183105469,53.20000076293945,51.77000045776367,53.130001068115234,53.130001068115234,43952700,0.0,0.0,0.0
2025-12-03 00:00:00-05:00,52.9900016784668,53.38999938964844,52.41999816894531,53.06999969482422,53.06999969482422,33817700,0.0,0.0,0.0
2025-12-04 00:00:00-05:00,52.279998779296875,52.36000061035156,51.13999938964844,51.7599983215332,51.7599983215332,48740300,0.0,0.0,0.0
2025-12-05 00:00:00-05:00,52.709999084472656,53.81999969482422,52.529998779296875,52.95000076293945,52.95000076293945,43566000,0.0,0.0,0.0
2025-12-08 00:00:00-05:00,52.88999938964844,52.970001220703125,52.2599983215332,52.709999084472656,52.709999084472656,19711200,0.0,0.0,0.0
2025-12-09 00:00:00-05:00,53.38999938964844,55.189998626708984,53.36000061035156,55.16999816894531,55.16999816894531,59738900,0.0,0.0,0.0
2025-12-10 00:00:00-05:00,55.130001068115234,56.220001220703125,54.47999954223633,56.06999969482422,56.06999969482422,54915000,0.0,0.0,0.0
2025-12-11 00:00:00-05:00,56.77000045776367,58.29999923706055,56.470001220703125,57.619998931884766,57.619998931884766,67910900,0.0,0.0,0.0
2025-12-12 00:00:00-05:00,58.529998779296875,58.560001373291016,55.130001068115234,56.099998474121094,56.099998474121094,78667400,0.0,0.0,0.0
2025-12-15 00:00:00-05:00,57.84000015258789,58.20000076293945,57.02000045776367,58.11000061035156,58.11000061035156,43227800,0.0,0.0,0.0
2025-12-16 00:00:00-05:00,57.61000061035156,57.9900016784668,57.099998474121094,57.72999954223633,57.72999954223633,32461300,0.0,0.0,0.0
2025-12-17 00:00:00-05:00,59.27000045776367,60.63999938964844,59.04999923706055,60.2599983215332,60.2599983215332,65128000,0.0,0.0,0.0
2025-12-18 00:00:00-05:00,59.81999969482422,60.029998779296875,58.58000183105469,59.31999969482422,59.31999969482422,47603400,0.0,0.0,0.0
2025-12-19 00:00:00-05:00,59.790000915527344,61.15999984741211,59.689998626708984,60.93000030517578,60.93000030517578,42610000,0.0,0.0,0.0
2025-12-22 00:00:00-05:00,62.599998474121094,62.81999969482422,61.7400016784668,62.470001220703125,62.470001220703125,50621700,0.0,0.0,0.0
2025-12-23 00:00:00-05:00,63.68000030517578,64.87999725341797,62.369998931884766,64.83999633789062,64.83999633789062,75680000,0.0,0.0,0.0
2025-12-24 00:00:00-05:00,65.08000183105469,65.52999877929688,63.61000061035156,65.22000122070312,65.22000122070312,58826000,0.0,0.0,0.0
2025-12-26 00:00:00-05:00,67.83000183105469,71.2300033569336,67.3499984741211,71.12000274658203,71.12000274658203,139161200,0.0,0.0,0.0
2025-12-29 00:00:00-05:00,65.66000366210938,66.48999786376953,63.91999816894531,66.01000213623047,66.01000213623047,153207900,0.0,0.0,0.0
2025-12-30 00:00:00-05:00,69.11000061035156,70.76000213623047,68.02999877929688,68.9800033569336,68.9800033569336,117759200,0.0,0.0,0.0
2025-12-31 00:00:00-05:00,65.54000091552734,66.87999725341797,63.529998779296875,64.41999816894531,64.41999816894531,114745300,0.0,0.0,0.0
2026-01-02 00:00:00-05:00,67.30000305175781,67.36000061035156,64.75,65.75,65.75,75553300,0.0,0.0,0.0
2026-01-05 00:00:00-05:00,69.44999694824219,70.5999984741211,68.5199966430664,69.08000183105469,69.08000183105469,103313300,0.0,0.0,0.0
2026-01-06 00:00:00-05:00,71.43000030517578,73.83999633789062,71.3499984741211,73.70999908447266,73.70999908447266,105539100,0.0,0.0,0.0
2026-01-07 00:00:00-05:00,69.81999969482422,71.55000305175781,69.22000122070312,70.95999908447266,70.95999908447266,93679500,0.0,0.0,0.0
2026-01-08 00:00:00-05:00,67.23999786376953,69.7699966430664,66.91999816894531,69.70999908447266,69.70999908447266,77918300,0.0,0.0,0.0
2026-01-09 00:00:00-05:00,71.30999755859375,72.98999786376953,70.87000274658203,72.37999725341797,72.37999725341797,90650100,0.0,0.0,0.0
2026-01-12 00:00:00-05:00,76.11000061035156,78.18000030517578,76.0,77.2300033569336,77.2300033569336,105429600,0.0,0.0,0.0
2026-01-13 00:00:00-05:00,80.02999877929688,80.80000305175781,77.86000061035156,78.5999984741211,78.5999984741211,140656900,0.0,0.0,0.0
2026-01-14 00:00:00-05:00,83.33999633789062,84.77999877929688,81.27999877929688,84.55999755859375,84.55999755859375,177419400,0.0,0.0,0.0
2026-01-15 00:00:00-05:00,80.73999786376953,84.33000183105469,80.54000091552734,83.31999969482422,83.31999969482422,160702100,0.0,0.0,0.0
2026-01-16 00:00:00-05:00,80.33000183105469,81.5199966430664,78.75,81.0199966430664,81.0199966430664,132767200,0.0,0.0,0.0
2026-01-20 00:00:00-05:00,86.19000244140625,86.33000183105469,84.37999725341797,85.38999938964844,85.38999938964844,101272300,0.0,0.0,0.0
2026-01-21 00:00:00-05:00,85.5999984741211,85.9000015258789,81.88999938964844,83.95999908447266,83.95999908447266,141683900,0.0,0.0,0.0
2026-01-22 00:00:00-05:00,84.79000091552734,87.5199966430664,84.70999908447266,87.12999725341797,87.12999725341797,86965000,0.0,0.0,0.0
2026-01-23 00:00:00-05:00,90.19000244140625,92.9800033569336,89.66999816894531,92.91000366210938,92.91000366210938,143739100,0.0,0.0,0.0
2026-01-26 00:00:00-05:00,99.37000274658203,106.69999694824219,96.51000213623047,98.33999633789062,98.33999633789062,393030300,0.0,0.0,0.0
2026-01-27 00:00:00-05:00,97.9800033569336,101.73999786376953,95.06999969482422,101.58999633789062,101.58999633789062,215489700,0.0,0.0,0.0
2026-01-28 00:00:00-05:00,102.77999877929688,106.44999694824219,100.0,105.5999984741211,105.5999984741211,184566000,0.0,0.0,0.0
2026-01-29 00:00:00-05:00,109.52999877929688,109.83000183105469,96.73999786376953,105.56999969482422,105.56999969482422,246351300,0.0,0.0,0.0
2026-01-30 00:00:00-05:00,89.33000183105469,92.13999938964844,69.12000274658203,75.44000244140625,75.44000244140625,510687700,0.0,0.0,0.0
2026-02-02 00:00:00-05:00,73.80000305175781,74.91999816894531,68.26000213623047,72.44000244140625,72.44000244140625,220063200,0.0,0.0,0.0
2026-02-03 00:00:00-05:00,79.05000305175781,80.72000122070312,74.91000366210938,76.95999908447266,76.95999908447266,175508800,0.0,0.0,0.0
2026-02-04 00:00:00-05:00,82.5999984741211,82.80000305175781,75.76000213623047,79.18000030517578,79.18000030517578,130805800,0.0,0.0,0.0
2026-02-05 00:00:00-05:00,68.2300033569336,70.5199966430664,65.51000213623047,66.69000244140625,66.69000244140625,170928000,0.0,0.0,0.0
2026-02-06 00:00:00-05:00,67.72000122070312,70.83999633789062,67.45999908447266,70.19000244140625,70.19000244140625,71262700,0.0,0.0,0.0
2026-02-09 00:00:00-05:00,72.87999725341797,76.16000366210938,72.55000305175781,76.04000091552734,76.04000091552734,88229100,0.0,0.0,0.0
2026-02-10 00:00:00-05:00,74.72000122070312,75.25,72.45999908447266,73.41000366210938,73.41000366210938,68588500,0.0,0.0,0.0
2026-02-11 00:00:00-05:00,76.91999816894531,76.98999786376953,74.80000305175781,76.55999755859375,76.55999755859375,75806900,0.0,0.0,0.0
2026-02-12 00:00:00-05:00,75.19000244140625,75.66999816894531,67.36000061035156,67.7300033569336,67.7300033569336,128437700,0.0,0.0,0.0
2026-02-13 00:00:00-05:00,71.20999908447266,71.31999969482422,68.86000061035156,69.72000122070312,69.72000122070312,69570800,0.0,0.0,0.0
2026-02-17 00:00:00-05:00,67.2699966430664,67.69999694824219,65.13999938964844,66.37000274658203,66.37000274658203,82561700,0.0,0.0,0.0
2026-02-18 00:00:00-05:00,69.66000366210938,70.97000122070312,69.06999969482422,70.08999633789062,70.08999633789062,63749400,0.0,0.0,0.0
2026-02-19 00:00:00-05:00,70.68000030517578,71.66999816894531,69.8499984741211,71.01000213623047,71.01000213623047,49022500,0.0,0.0,0.0
2026-02-20 00:00:00-05:00,73.11000061035156,76.68000030517578,72.25,76.62000274658203,76.62000274658203,86636800,0.0,0.0,0.0
2026-02-23 00:00:00-05:00,78.4000015258789,80.69999694824219,77.91000366210938,80.56999969482422,80.56999969482422,94752100,0.0,0.0,0.0
2026-02-24 00:00:00-05:00,78.2300033569336,79.94000244140625,77.94000244140625,79.08000183105469,79.08000183105469,56012600,0.0,0.0,0.0
2026-02-25 00:00:00-05:00,81.86000061035156,82.7300033569336,79.87999725341797,80.04000091552734,80.04000091552734,64933100,0.0,0.0,0.0
2026-02-26 00:00:00-05:00,78.76000213623047,80.56999969482422,72.5199966430664,80.44999694824219,80.44999694824219,52050400,0.0,0.0,0.0
2026-02-27 00:00:00-05:00,83.25,85.2699966430664,82.36000061035156,84.98999786376953,84.98999786376953,69525200,0.0,0.0,0.0
2026-03-02 00:00:00-05:00,81.16999816894531,82.37000274658203,78.33999633789062,81.56999969482422,81.56999969482422,96957600,0.0,0.0,0.0
2026-03-03 00:00:00-05:00,74.20999908447266,76.13999938964844,71.68000030517578,74.68000030517578,74.68000030517578,89651700,0.0,0.0,0.0
2026-03-04 00:00:00-05:00,76.33999633789062,77.05999755859375,74.41000366210938,75.33999633789062,75.33999633789062,39022500,0.0,0.0,0.0
2026-03-05 00:00:00-05:00,74.94000244140625,75.5199966430664,73.01000213623047,74.2699966430664,74.2699966430664,49446300,0.0,0.0,0.0
2026-03-06 00:00:00-05:00,75.08999633789062,76.97000122070312,74.58000183105469,75.94000244140625,75.94000244140625,40550700,0.0,0.0,0.0
2026-03-09 00:00:00-04:00,76.43000030517578,78.55999755859375,75.23999786376953,78.26000213623047,78.26000213623047,34865500,0.0,0.0,0.0
2026-03-10 00:00:00-04:00,80.88999938964844,81.27999877929688,78.7300033569336,80.08999633789062,80.08999633789062,37263700,0.0,0.0,0.0
2026-03-11 00:00:00-04:00,78.02999877929688,78.05999755859375,76.44999694824219,77.91000366210938,77.91000366210938,30665400,0.0,0.0,0.0
2026-03-12 00:00:00-04:00,78.52999877929688,78.54000091552734,76.36000061035156,76.4800033569336,76.4800033569336,29762300,0.0,0.0,0.0
2026-03-13 00:00:00-04:00,76.06999969482422,76.27999877929688,71.91999816894531,72.69000244140625,72.69000244140625,46251900,0.0,0.0,0.0
2026-03-16 00:00:00-04:00,73.26000213623047,73.95999908447266,72.01000213623047,73.22000122070312,73.22000122070312,37193100,0.0,0.0,0.0
2026-03-17 00:00:00-04:00,73.16000366210938,73.72000122070312,70.83999633789062,71.66000366210938,71.66000366210938,32991800,0.0,0.0,0.0
2026-03-18 00:00:00-04:00,69.51000213623047,70.55000305175781,68.66000366210938,68.69999694824219,68.69999694824219,46745900,0.0,0.0,0.0
2026-03-19 00:00:00-04:00,61.900001525878906,65.73999786376953,60.849998474121094,65.68000030517578,65.68000030517578,96191600,0.0,0.0,0.0
2026-03-20 00:00:00-04:00,64.68000030517578,64.95999908447266,61.25,61.52000045776367,61.52000045776367,56912300,0.0,0.0,0.0
2026-03-23 00:00:00-04:00,61.29999923706055,64.11000061035156,60.97999954223633,62.470001220703125,62.470001220703125,72440000,0.0,0.0,0.0
2026-03-24 00:00:00-04:00,61.619998931884766,63.689998626708984,61.27000045776367,62.95000076293945,62.95000076293945,48268000,0.0,0.0,0.0
2026-03-25 00:00:00-04:00,66.04000091552734,66.4000015258789,64.4800033569336,65.20999908447266,65.20999908447266,38165900,0.0,0.0,0.0
2026-03-26 00:00:00-04:00,62.099998474121094,63.13999938964844,60.369998931884766,60.77000045776367,60.77000045776367,56080500,0.0,0.0,0.0
2026-03-27 00:00:00-04:00,61.43000030517578,64.87999725341797,61.220001220703125,63.439998626708984,63.439998626708984,52470800,0.0,0.0,0.0
2026-03-30 00:00:00-04:00,64.45999908447266,64.62999725341797,63.02000045776367,63.52000045776367,63.52000045776367,30512000,0.0,0.0,0.0
2026-03-31 00:00:00-04:00,65.83999633789062,68.19999694824219,65.69000244140625,68.13999938964844,68.13999938964844,42141600,0.0,0.0,0.0
2026-04-01 00:00:00-04:00,67.95999908447266,68.91000366210938,67.37999725341797,68.13999938964844,68.13999938964844,38360700,0.0,0.0,0.0
2026-04-02 00:00:00-04:00,63.54999923706055,66.2300033569336,63.4900016784668,65.79000091552734,65.79000091552734,37002900,0.0,0.0,0.0
2026-04-06 00:00:00-04:00,65.8499984741211,66.1500015258789,65.41000366210938,65.45999908447266,65.45999908447266,4894699,0.0,0.0,0.0
