Date,open,high,low,close,adj close,volume,dividends,stock splits,capital gains
2023-04-06 00:00:00-04:00,125.31999969482422,127.0199966430664,124.63999938964844,126.19999694824219,124.50292205810547,7448000,0.0,0.0,0.0
2023-04-10 00:00:00-04:00,125.05000305175781,128.17999267578125,124.84500122070312,128.11000061035156,126.38723754882812,5991200,0.0,0.0,0.0
2023-04-11 00:00:00-04:00,128.5749969482422,128.75999450683594,127.23999786376953,127.43000030517578,125.71638488769531,6288600,0.0,0.0,0.0
2023-04-12 00:00:00-04:00,128.52999877929688,128.75999450683594,125.06500244140625,125.16500091552734,123.48184967041016,7749000,0.0,0.0,0.0
2023-04-13 00:00:00-04:00,125.5,126.88999938964844,124.58999633789062,126.17500305175781,124.47826385498047,5760400,0.0,0.0,0.0
2023-04-14 00:00:00-04:00,126.1050033569336,127.4800033569336,124.66000366210938,126.04000091552734,124.34508514404297,4901000,0.0,0.0,0.0
2023-04-17 00:00:00-04:00,124.9000015258789,125.98999786376953,124.32499694824219,125.94999694824219,124.25628662109375,5297000,0.0,0.0,0.0
2023-04-18 00:00:00-04:00,127.09500122070312,127.91000366210938,125.55999755859375,126.51499938964844,124.81369018554688,5703600,0.0,0.0,0.0
2023-04-19 00:00:00-04:00,124.77999877929688,125.52999877929688,124.5,125.31500244140625,123.62983703613281,5013000,0.0,0.0,0.0
2023-04-20 00:00:00-04:00,124.5,127.2750015258789,124.40499877929688,125.45500183105469,123.76795196533203,5879800,0.0,0.0,0.0
2023-04-21 00:00:00-04:00,124.58999633789062,125.31999969482422,123.28500366210938,124.16999816894531,122.5002212524414,5202200,0.0,0.0,0.0
2023-04-24 00:00:00-04:00,123.9000015258789,124.68000030517578,122.71499633789062,123.50499725341797,121.84416961669922,4489000,0.0,0.0,0.0
2023-04-25 00:00:00-04:00,122.52999877929688,122.54499816894531,119.53500366210938,119.58999633789062,117.9818115234375,10464600,0.0,0.0,0.0
2023-04-26 00:00:00-04:00,120.80500030517578,121.61499786376953,119.84500122070312,120.42500305175781,118.80558776855469,7695400,0.0,0.0,0.0
2023-04-27 00:00:00-04:00,120.55999755859375,121.76000213623047,118.56999969482422,121.58999633789062,119.95491790771484,6814200,0.0,0.0,0.0
2023-04-28 00:00:00-04:00,122.25,123.625,121.77999877929688,123.625,121.96255493164062,7553000,0.0,0.0,0.0
2023-05-01 00:00:00-04:00,123.98500061035156,124.95999908447266,123.66500091552734,124.56999969482422,122.89484405517578,5202000,0.0,0.0,0.0
2023-05-02 00:00:00-04:00,124.52999877929688,125.18000030517578,122.5,123.48999786376953,121.8293685913086,6717600,0.0,0.0,0.0
2023-05-03 00:00:00-04:00,122.8499984741211,124.30000305175781,122.07499694824219,122.21499633789062,120.5715103149414,8223000,0.0,0.0,0.0
2023-05-04 00:00:00-04:00,121.6449966430664,122.81999969482422,120.93499755859375,121.80500030517578,120.16703796386719,5889200,0.0,0.0,0.0
2023-05-05 00:00:00-04:00,122.16000366210938,124.97000122070312,121.58999633789062,124.37999725341797,122.70740509033203,5553000,0.0,2.0,0.0
2023-05-08 00:00:00-04:00,123.9800033569336,125.1500015258789,123.37000274658203,125.06999969482422,123.38812255859375,3918900,0.0,0.0,0.0
2023-05-09 00:00:00-04:00,123.58999633789062,123.7699966430664,122.73999786376953,123.13999938964844,121.48407745361328,4951700,0.0,0.0,0.0
2023-05-10 00:00:00-04:00,124.44000244140625,125.04000091552734,122.97000122070312,124.13999938964844,122.47062683105469,5474900,0.0,0.0,0.0
2023-05-11 00:00:00-04:00,123.79000091552734,124.02999877929688,121.88999938964844,123.04000091552734,121.38542175292969,5339500,0.0,0.0,0.0
2023-05-12 00:00:00-04:00,123.47000122070312,123.88999938964844,121.80999755859375,122.9000015258789,121.24730682373047,3364900,0.0,0.0,0.0
2023-05-15 00:00:00-04:00,123.08000183105469,126.12000274658203,122.8499984741211,126.12000274658203,124.42400360107422,6192800,0.0,0.0,0.0
2023-05-16 00:00:00-04:00,125.70999908447266,127.41999816894531,125.70999908447266,126.08999633789062,124.3944091796875,5126300,0.0,0.0,0.0
2023-05-17 00:00:00-04:00,127.29000091552734,129.94000244140625,126.80000305175781,129.5,127.758544921875,6322800,0.0,0.0,0.0
2023-05-18 00:00:00-04:00,130.10000610351562,134.30999755859375,130.10000610351562,134.0399932861328,132.2375030517578,9632600,0.0,0.0,0.0
2023-05-19 00:00:00-04:00,133.77000427246094,133.92999267578125,132.5800018310547,133.3000030517578,131.50746154785156,5313000,0.0,0.0,0.0
2023-05-22 00:00:00-04:00,132.14999389648438,133.61000061035156,131.97000122070312,133.19000244140625,131.39894104003906,4235100,0.0,0.0,0.0
2023-05-23 00:00:00-04:00,132.41000366210938,133.0399932861328,131.0800018310547,131.27000427246094,129.50474548339844,4853800,0.0,0.0,0.0
2023-05-24 00:00:00-04:00,128.72999572753906,129.64999389648438,127.94999694824219,129.33999633789062,127.60071563720703,7897100,0.0,0.0,0.0
2023-05-25 00:00:00-04:00,137.92999267578125,141.13999938964844,136.27999877929688,140.4600067138672,138.57118225097656,16072900,0.0,0.0,0.0
2023-05-26 00:00:00-04:00,141.7899932861328,148.3300018310547,141.77999877929688,147.36000061035156,145.37838745117188,12978800,0.0,0.0,0.0
2023-05-30 00:00:00-04:00,150.64999389648438,151.7100067138672,147.5,148.07000732421875,146.07884216308594,13295400,0.0,0.0,0.0
2023-05-31 00:00:00-04:00,145.74000549316406,147.33999633789062,144.0800018310547,144.3300018310547,142.3891143798828,10728700,0.0,0.0,0.0
2023-06-01 00:00:00-04:00,144.86000061035156,147.7899932861328,143.8000030517578,146.5,144.52993774414062,7272700,0.0,0.0,0.0
2023-06-02 00:00:00-04:00,147.88999938964844,148.17999267578125,145.2899932861328,146.13999938964844,144.17477416992188,6765000,0.0,0.0,0.0
2023-06-05 00:00:00-04:00,145.27999877929688,145.75,143.60000610351562,144.30999755859375,142.369384765625,6727700,0.0,0.0,0.0
2023-06-06 00:00:00-04:00,143.5,146.1699981689453,142.97999572753906,145.3300018310547,143.3756866455078,5815100,0.0,0.0,0.0
2023-06-07 00:00:00-04:00,146.44000244140625,148.1699981689453,144.16000366210938,144.5,142.5568389892578,8687500,0.0,0.0,0.0
2023-06-08 00:00:00-04:00,144.63999938964844,146.57000732421875,144.3300018310547,146.1699981689453,144.20437622070312,5376800,0.0,0.0,0.0
2023-06-09 00:00:00-04:00,147.92999267578125,149.13999938964844,146.13999938964844,146.83999633789062,144.8653564453125,5955300,0.0,0.0,0.0
2023-06-12 00:00:00-04:00,148.50999450683594,151.4499969482422,148.39999389648438,151.17999267578125,149.14700317382812,7632900,0.0,0.0,0.0
2023-06-13 00:00:00-04:00,153.72999572753906,154.35000610351562,151.39999389648438,153.27000427246094,151.2089080810547,8274600,0.0,0.0,0.0
2023-06-14 00:00:00-04:00,152.80999755859375,155.74000549316406,152.02999877929688,155.60000610351562,153.507568359375,7123400,0.0,0.0,0.0
2023-06-15 00:00:00-04:00,154.02999877929688,155.75,153.32000732421875,154.47999572753906,152.4026336669922,7588000,0.0,0.0,0.0
2023-06-16 00:00:00-04:00,155.8000030517578,155.94000244140625,153.1699981689453,153.3800048828125,151.31744384765625,6583200,0.0,0.0,0.0
2023-06-20 00:00:00-04:00,152.75,153.94000244140625,151.1300048828125,152.83999633789062,150.78468322753906,4597100,0.0,0.0,0.0
2023-06-21 00:00:00-04:00,152.0399932861328,152.47000122070312,148.72999572753906,149.33999633789062,147.33175659179688,5911700,0.0,0.0,0.0
2023-06-22 00:00:00-04:00,148.14999389648438,150.6699981689453,147.9499969482422,150.0800018310547,148.06179809570312,5958400,0.0,0.0,0.0
2023-06-23 00:00:00-04:00,147.75,148.4499969482422,146.9600067138672,147.52999877929688,145.5460968017578,5963500,0.0,0.0,0.0
2023-06-26 00:00:00-04:00,148.27999877929688,150.36000061035156,146.8300018310547,146.85000610351562,144.875244140625,7403900,0.0,0.0,0.0
2023-06-27 00:00:00-04:00,147.42999267578125,151.8000030517578,146.9600067138672,151.50999450683594,149.47256469726562,6459400,0.0,0.0,0.0
2023-06-28 00:00:00-04:00,148.9199981689453,151.5399932861328,148.7899932861328,150.13999938964844,148.12098693847656,6800200,0.0,0.0,0.0
2023-06-29 00:00:00-04:00,150.82000732421875,150.9600067138672,148.91000366210938,149.9199981689453,147.90394592285156,4225900,0.0,0.0,0.0
2023-06-30 00:00:00-04:00,151.75,152.9600067138672,151.02000427246094,152.25,150.20262145996094,5309200,0.0,0.0,0.0
2023-07-03 00:00:00-04:00,153.1699981689453,154.07000732421875,152.25,153.60000610351562,151.53448486328125,2826900,0.0,0.0,0.0
2023-07-05 00:00:00-04:00,152.25,153.16000366210938,150.66000366210938,150.6999969482422,148.6734619140625,5187200,0.0,0.0,0.0
2023-07-06 00:00:00-04:00,148.33999633789062,149.0800018310547,147.16000366210938,148.91000366210938,146.9075469970703,4775600,0.0,0.0,0.0
2023-07-07 00:00:00-04:00,149.02999877929688,151.24000549316406,148.64999389648438,149.0500030517578,147.045654296875,4351900,0.0,0.0,0.0
2023-07-10 00:00:00-04:00,149.5800018310547,151.41000366210938,149.35000610351562,151.16000366210938,149.12728881835938,6415500,0.0,0.0,0.0
2023-07-11 00:00:00-04:00,152.17999267578125,152.19000244140625,149.4199981689453,151.32000732421875,149.28512573242188,5146400,0.0,0.0,0.0
2023-07-12 00:00:00-04:00,153.52999877929688,154.67999267578125,152.89999389648438,154.5,152.42236328125,6484100,0.0,0.0,0.0
2023-07-13 00:00:00-04:00,156.38999938964844,158.47000122070312,155.85000610351562,158.2100067138672,156.08248901367188,6395900,0.0,0.0,0.0
2023-07-14 00:00:00-04:00,158.69000244140625,160.6999969482422,156.1999969482422,156.89999389648438,154.7900848388672,7565600,0.0,0.0,0.0
2023-07-17 00:00:00-04:00,157.22999572753906,160.4499969482422,155.6999969482422,159.82000732421875,157.6708221435547,7314600,0.0,0.0,0.0
2023-07-18 00:00:00-04:00,159.1199951171875,160.7899932861328,157.6199951171875,160.25999450683594,158.1049041748047,6272000,0.0,0.0,0.0
2023-07-19 00:00:00-04:00,160.42999267578125,160.50999450683594,158.05999755859375,158.5800018310547,156.44749450683594,9333700,0.0,0.0,0.0
2023-07-20 00:00:00-04:00,155.63999938964844,156.41000366210938,152.2899932861328,152.97000122070312,150.91293334960938,14823200,0.0,0.0,0.0
2023-07-21 00:00:00-04:00,154.49000549316406,155.27000427246094,153.00999450683594,153.7899932861328,151.72190856933594,8246300,0.0,0.0,0.0
2023-07-24 00:00:00-04:00,153.99000549316406,154.5399932861328,152.89999389648438,153.9199981689453,151.85015869140625,4362500,0.0,0.0,0.0
2023-07-25 00:00:00-04:00,154.4600067138672,157.35000610351562,154.4600067138672,156.38999938964844,154.2869415283203,5773700,0.0,0.0,0.0
2023-07-26 00:00:00-04:00,155.02000427246094,155.8800048828125,152.9499969482422,154.67999267578125,152.5999298095703,6110000,0.0,0.0,0.0
2023-07-27 00:00:00-04:00,158.64999389648438,160.9199981689453,156.6699981689453,157.4600067138672,155.34255981445312,10244000,0.0,0.0,0.0
2023-07-28 00:00:00-04:00,160.16000366210938,161.0399932861328,158.8300018310547,160.5,158.3416748046875,7319800,0.0,0.0,0.0
2023-07-31 00:00:00-04:00,160.6999969482422,161.1699981689453,159.6699981689453,160.6199951171875,158.46006774902344,3934100,0.0,0.0,0.0
2023-08-01 00:00:00-04:00,159.6699981689453,160.88999938964844,158.9499969482422,160.52999877929688,158.37127685546875,4595600,0.0,0.0,0.0
2023-08-02 00:00:00-04:00,158.77000427246094,158.7899932861328,153.4600067138672,154.63999938964844,152.5604705810547,10033900,0.0,0.0,0.0
2023-08-03 00:00:00-04:00,152.47999572753906,155.19000244140625,152.16000366210938,154.19000244140625,152.1165313720703,6691700,0.0,0.0,0.0
2023-08-04 00:00:00-04:00,154.22000122070312,156.5399932861328,152.75,154.25,152.17572021484375,6804200,0.0,0.0,0.0
2023-08-07 00:00:00-04:00,155.5,156.13999938964844,154.3699951171875,155.91000366210938,153.81341552734375,5701400,0.0,0.0,0.0
2023-08-08 00:00:00-04:00,153.89999389648438,153.89999389648438,151.52999877929688,153.33999633789062,151.27796936035156,8446500,0.0,0.0,0.0
2023-08-09 00:00:00-04:00,153.1699981689453,153.32000732421875,149.72999572753906,150.3000030517578,148.2788543701172,8827100,0.0,0.0,0.0
2023-08-10 00:00:00-04:00,151.13999938964844,153.16000366210938,148.89999389648438,149.97000122070312,147.95327758789062,8639300,0.0,0.0,0.0
2023-08-11 00:00:00-04:00,148.00999450683594,148.1199951171875,146.0399932861328,146.2100067138672,144.2438507080078,11182300,0.0,0.0,0.0
2023-08-14 00:00:00-04:00,145.4499969482422,150.72999572753906,145.02000427246094,150.66000366210938,148.63400268554688,8154200,0.0,0.0,0.0
2023-08-15 00:00:00-04:00,150.5500030517578,151.08999633789062,148.64999389648438,148.85000610351562,146.8483428955078,7596400,0.0,0.0,0.0
2023-08-16 00:00:00-04:00,148.97000122070312,149.13999938964844,146.41000366210938,146.5,144.52993774414062,7232100,0.0,0.0,0.0
2023-08-17 00:00:00-04:00,147.77000427246094,147.8000030517578,145.02999877929688,145.50999450683594,143.55325317382812,7397200,0.0,0.0,0.0
2023-08-18 00:00:00-04:00,143.7899932861328,146.66000366210938,143.35000610351562,146.1300048828125,144.1649169921875,8817900,0.0,0.0,0.0
2023-08-21 00:00:00-04:00,147.17999267578125,151.24000549316406,146.9600067138672,151.0399932861328,149.00888061523438,8109200,0.0,0.0,0.0
2023-08-22 00:00:00-04:00,153.0500030517578,153.24000549316406,148.88999938964844,149.52999877929688,147.51919555664062,10827900,0.0,0.0,0.0
2023-08-23 00:00:00-04:00,149.35000610351562,153.22000122070312,148.86000061035156,152.77000427246094,150.71563720703125,8347700,0.0,0.0,0.0
2023-08-24 00:00:00-04:00,156.4600067138672,156.58999633789062,148.5800018310547,148.82000732421875,146.8187713623047,13494400,0.0,0.0,0.0
2023-08-25 00:00:00-04:00,148.61000061035156,150.75,146.27000427246094,149.08999633789062,147.08511352539062,11769100,0.0,0.0,0.0
2023-08-28 00:00:00-04:00,150.36000061035156,151.08999633789062,148.89999389648438,150.92999267578125,148.90036010742188,6822700,0.0,0.0,0.0
2023-08-29 00:00:00-04:00,150.36000061035156,155.3000030517578,149.92999267578125,154.8000030517578,152.7183380126953,8770000,0.0,0.0,0.0
2023-08-30 00:00:00-04:00,154.72999572753906,156.22000122070312,153.6699981689453,155.58999633789062,153.49769592285156,6526100,0.0,0.0,0.0
2023-08-31 00:00:00-04:00,154.85000610351562,157.16000366210938,154.85000610351562,156.22000122070312,154.11923217773438,5965400,0.0,0.0,0.0
2023-09-01 00:00:00-04:00,157.42999267578125,157.6300048828125,155.25999450683594,156.2100067138672,154.109375,4495500,0.0,0.0,0.0
2023-09-05 00:00:00-04:00,155.6300048828125,157.6199951171875,155.0800018310547,156.5800018310547,154.47438049316406,5472700,0.0,0.0,0.0
2023-09-06 00:00:00-04:00,156.00999450683594,156.8000030517578,153.25999450683594,154.75999450683594,152.67886352539062,6104000,0.0,0.0,0.0
2023-09-07 00:00:00-04:00,151.22999572753906,151.72999572753906,149.4499969482422,151.3300018310547,149.29498291015625,7813300,0.0,0.0,0.0
2023-09-08 00:00:00-04:00,150.94000244140625,152.1699981689453,149.75,150.3800048828125,148.35777282714844,5305200,0.0,0.0,0.0
2023-09-11 00:00:00-04:00,152.19000244140625,152.19000244140625,148.5,150.49000549316406,148.46629333496094,5824100,0.0,0.0,0.0
2023-09-12 00:00:00-04:00,149.41000366210938,151.64999389648438,149.16000366210938,149.36000061035156,147.3514862060547,6174900,0.0,0.0,0.0
2023-09-13 00:00:00-04:00,149.30999755859375,151.8300018310547,149.0399932861328,150.57000732421875,148.54522705078125,6192000,0.0,0.0,0.0
2023-09-14 00:00:00-04:00,152.08999633789062,152.16000366210938,150.1699981689453,151.38999938964844,149.35418701171875,6951400,0.0,0.0,0.0
2023-09-15 00:00:00-04:00,150.22999572753906,150.5399932861328,146.1699981689453,146.80999755859375,144.8357696533203,10179600,0.0,0.0,0.0
2023-09-18 00:00:00-04:00,145.42999267578125,147.82000732421875,144.97000122070312,147.3000030517578,145.31919860839844,6786000,0.0,0.0,0.0
2023-09-19 00:00:00-04:00,146.75,146.99000549316406,145.07000732421875,146.02999877929688,144.06626892089844,5573600,0.0,0.0,0.0
2023-09-20 00:00:00-04:00,146.64999389648438,147.24000549316406,143.5500030517578,143.6300048828125,141.69854736328125,6977500,0.0,0.0,0.0
2023-09-21 00:00:00-04:00,141.57000732421875,142.57000732421875,140.69000244140625,140.75999450683594,138.86712646484375,9905100,0.0,0.0,0.0
2023-09-22 00:00:00-04:00,142.1300048828125,143.39999389648438,141.5500030517578,141.9600067138672,140.05099487304688,7331900,0.0,0.0,0.0
2023-09-25 00:00:00-04:00,141.30999755859375,143.11000061035156,140.66000366210938,142.9600067138672,141.0375518798828,7861300,0.0,0.0,0.0
2023-09-26 00:00:00-04:00,141.63999938964844,142.38999938964844,140.10000610351562,140.6999969482422,138.8079376220703,6702100,0.0,0.0,0.0
2023-09-27 00:00:00-04:00,141.85000610351562,142.9199981689453,139.75999450683594,141.99000549316406,140.08059692382812,8814500,0.0,0.0,0.0
2023-09-28 00:00:00-04:00,141.72999572753906,145.64999389648438,141.0800018310547,144.2899932861328,142.3496551513672,10791700,0.0,0.0,0.0
2023-09-29 00:00:00-04:00,146.52999877929688,146.92999267578125,144.4600067138672,144.97999572753906,143.03038024902344,7985100,0.0,0.0,0.0
2023-10-02 00:00:00-04:00,145.27000427246094,147.27000427246094,144.58999633789062,146.22999572753906,144.26356506347656,8600200,0.0,0.0,0.0
2023-10-03 00:00:00-04:00,145.2899932861328,146.86000061035156,142.16000366210938,142.97999572753906,141.05728149414062,9456600,0.0,0.0,0.0
2023-10-04 00:00:00-04:00,143.85000610351562,145.47999572753906,142.9600067138672,145.2100067138672,143.25729370117188,11083000,0.0,0.0,0.0
2023-10-05 00:00:00-04:00,145.2899932861328,145.89999389648438,143.6699981689453,145.2100067138672,143.25729370117188,6093900,0.0,0.0,0.0
2023-10-06 00:00:00-04:00,144.63999938964844,148.9499969482422,143.52999877929688,148.35000610351562,146.35507202148438,9946000,0.0,0.0,0.0
2023-10-09 00:00:00-04:00,146.7899932861328,148.4600067138672,145.63999938964844,147.97000122070312,145.9801788330078,6840500,0.0,0.0,0.0
2023-10-10 00:00:00-04:00,148.5,150.97999572753906,147.8300018310547,149.8000030517578,147.7855682373047,6790600,0.0,0.0,0.0
2023-10-11 00:00:00-04:00,150.63999938964844,151.44000244140625,149.49000549316406,151.4199981689453,149.38377380371094,8921700,0.0,0.0,0.0
2023-10-12 00:00:00-04:00,151.83999633789062,154.05999755859375,150.72000122070312,152.19000244140625,150.14341735839844,8554900,0.0,0.0,0.0
2023-10-13 00:00:00-04:00,152.4199981689453,152.6300048828125,148.0500030517578,148.3800048828125,146.38465881347656,9133900,0.0,0.0,0.0
2023-10-16 00:00:00-04:00,148.5500030517578,150.69000244140625,148.4199981689453,150.08999633789062,148.0716552734375,9461800,0.0,0.0,0.0
2023-10-17 00:00:00-04:00,146.58999633789062,149.47000122070312,144.47000122070312,148.32000732421875,146.32546997070312,12857900,0.0,0.0,0.0
2023-10-18 00:00:00-04:00,145.42999267578125,146.7100067138672,144.6300048828125,145.35000610351562,143.39541625976562,12530900,0.0,0.0,0.0
2023-10-19 00:00:00-04:00,147.25,147.6699981689453,143.8800048828125,144.36000061035156,142.41871643066406,15718200,0.0,0.0,0.0
2023-10-20 00:00:00-04:00,144.22000122070312,145.38999938964844,141.92999267578125,142.10000610351562,140.1891326904297,8128800,0.0,0.0,0.0
2023-10-23 00:00:00-04:00,141.13999938964844,144.5399932861328,139.9600067138672,142.60000610351562,140.68240356445312,9910500,0.0,0.0,0.0
2023-10-24 00:00:00-04:00,143.0,144.5,142.52999877929688,144.27000427246094,142.32992553710938,7822700,0.0,0.0,0.0
2023-10-25 00:00:00-04:00,142.8000030517578,143.14999389648438,138.02999877929688,138.67999267578125,136.81509399414062,12447800,0.0,0.0,0.0
2023-10-26 00:00:00-04:00,139.10000610351562,140.64999389648438,136.6300048828125,137.4600067138672,135.6115264892578,15094800,0.0,0.0,0.0
2023-10-27 00:00:00-04:00,139.0399932861328,139.72999572753906,137.6699981689453,138.30999755859375,136.45008850097656,11346300,0.0,0.0,0.0
2023-10-30 00:00:00-04:00,138.41000366210938,139.63999938964844,136.50999450683594,137.9600067138672,136.1047821044922,8836000,0.0,0.0,0.0
2023-10-31 00:00:00-04:00,137.9600067138672,139.27999877929688,136.10000610351562,138.9499969482422,137.0814666748047,7900300,0.0,0.0,0.0
2023-11-01 00:00:00-04:00,139.1999969482422,142.5800018310547,139.05999755859375,142.41000366210938,140.49496459960938,11750500,0.0,0.0,0.0
2023-11-02 00:00:00-04:00,145.6199951171875,147.0399932861328,144.2899932861328,146.10000610351562,144.1353302001953,11736200,0.0,0.0,0.0
2023-11-03 00:00:00-04:00,147.58999633789062,150.5399932861328,147.17999267578125,149.50999450683594,147.4994659423828,8177200,0.0,0.0,0.0
2023-11-06 00:00:00-05:00,149.75,150.44000244140625,148.2899932861328,149.9499969482422,147.9335479736328,5423600,0.0,0.0,0.0
2023-11-07 00:00:00-05:00,149.66000366210938,151.52000427246094,149.30999755859375,150.88999938964844,148.8609161376953,4600400,0.0,0.0,0.0
2023-11-08 00:00:00-05:00,151.3699951171875,152.11000061035156,150.44000244140625,151.42999267578125,149.3936309814453,6165000,0.0,0.0,0.0
2023-11-09 00:00:00-05:00,152.9600067138672,154.50999450683594,151.0,151.16000366210938,149.12728881835938,10529700,0.0,0.0,0.0
2023-11-10 00:00:00-05:00,153.25,157.6699981689453,152.69000244140625,157.27999877929688,155.1649932861328,11426800,0.0,0.0,0.0
2023-11-13 00:00:00-05:00,156.3000030517578,157.02000427246094,155.19000244140625,156.32000732421875,154.2178955078125,7058900,0.0,0.0,0.0
2023-11-14 00:00:00-05:00,159.88999938964844,161.5399932861328,159.52000427246094,161.08999633789062,158.92373657226562,9744900,0.0,0.0,0.0
2023-11-15 00:00:00-05:00,162.22999572753906,162.22999572753906,160.08999633789062,161.2100067138672,159.04214477539062,9002900,0.0,0.0,0.0
2023-11-16 00:00:00-05:00,160.63999938964844,162.1699981689453,160.24000549316406,161.80999755859375,159.63406372070312,7281100,0.0,0.0,0.0
2023-11-17 00:00:00-05:00,161.17999267578125,162.9600067138672,160.8800048828125,162.57000732421875,160.38385009765625,5167100,0.0,0.0,0.0
2023-11-20 00:00:00-05:00,162.7899932861328,165.44000244140625,162.52000427246094,164.89999389648438,162.68251037597656,7132700,0.0,0.0,0.0
2023-11-21 00:00:00-05:00,163.69000244140625,163.97999572753906,161.6999969482422,162.47000122070312,160.28518676757812,9001100,0.0,0.0,0.0
2023-11-22 00:00:00-05:00,163.25999450683594,164.92999267578125,161.3300018310547,162.1199951171875,159.93988037109375,9139600,0.0,0.0,0.0
2023-11-24 00:00:00-05:00,162.24000549316406,162.4499969482422,161.33999633789062,161.75999450683594,159.58473205566406,2943500,0.0,0.0,0.0
2023-11-27 00:00:00-05:00,161.22000122070312,162.88999938964844,160.72999572753906,161.66000366210938,159.486083984375,6034500,0.0,0.0,0.0
2023-11-28 00:00:00-05:00,160.86000061035156,161.5,159.6199951171875,160.72999572753906,158.56857299804688,6165200,0.0,0.0,0.0
2023-11-29 00:00:00-05:00,162.8000030517578,164.3300018310547,162.00999450683594,162.2100067138672,160.02867126464844,7642800,0.0,0.0,0.0
2023-11-30 00:00:00-05:00,162.83999633789062,162.83999633789062,159.25,160.47999572753906,158.3219451904297,9300900,0.0,0.0,0.0
2023-12-01 00:00:00-05:00,160.0,161.72000122070312,158.86000061035156,161.1300048828125,158.9632110595703,6115400,0.0,0.0,0.0
2023-12-04 00:00:00-05:00,159.25,159.5,156.55999755859375,158.77999877929688,156.64480590820312,8137000,0.0,0.0,0.0
2023-12-05 00:00:00-05:00,157.52000427246094,158.9499969482422,157.07000732421875,158.77999877929688,156.64480590820312,4845900,0.0,0.0,0.0
2023-12-06 00:00:00-05:00,160.6699981689453,160.97000122070312,157.2899932861328,157.5,155.38201904296875,6457400,0.0,0.0,0.0
2023-12-07 00:00:00-05:00,158.8699951171875,161.44000244140625,158.22000122070312,161.10000610351562,158.93360900878906,8790700,0.0,0.0,0.0
2023-12-08 00:00:00-05:00,160.83999633789062,162.94000244140625,160.66000366210938,162.47999572753906,160.29505920410156,5683500,0.0,0.0,0.0
2023-12-11 00:00:00-05:00,163.52999877929688,166.99000549316406,163.2899932861328,166.3800048828125,164.14260864257812,9671600,0.0,0.0,0.0
2023-12-12 00:00:00-05:00,165.5800018310547,168.1999969482422,165.3300018310547,168.13999938964844,165.87893676757812,6985400,0.0,0.0,0.0
2023-12-13 00:00:00-05:00,168.30999755859375,171.10000610351562,167.75999450683594,170.1199951171875,167.83230590820312,8037600,0.0,0.0,0.0
2023-12-14 00:00:00-05:00,171.6199951171875,173.86000061035156,171.4199981689453,173.25999450683594,170.93008422851562,9446800,0.0,0.0,0.0
2023-12-15 00:00:00-05:00,173.88999938964844,175.86000061035156,173.6999969482422,174.0800018310547,171.73904418945312,6902000,0.0,0.0,0.0
2023-12-18 00:00:00-05:00,173.55999755859375,173.8699951171875,171.97000122070312,173.33999633789062,172.039794921875,5157100,1.043,0.0,0.0
2023-12-19 00:00:00-05:00,173.1999969482422,174.0500030517578,172.91000366210938,173.9199981689453,172.61544799804688,5031000,0.0,0.0,0.0
2023-12-20 00:00:00-05:00,172.85000610351562,173.69000244140625,169.00999450683594,169.0800018310547,167.81175231933594,8557400,0.0,0.0,0.0
2023-12-21 00:00:00-05:00,172.35000610351562,173.5500030517578,171.52000427246094,173.25999450683594,171.96038818359375,8184500,0.0,0.0,0.0
2023-12-22 00:00:00-05:00,174.10000610351562,174.41000366210938,172.41000366210938,173.27999877929688,171.98023986816406,4089200,0.0,0.0,0.0
2023-12-26 00:00:00-05:00,173.77999877929688,176.30999755859375,173.77999877929688,175.6699981689453,174.35231018066406,4829200,0.0,0.0,0.0
2023-12-27 00:00:00-05:00,176.35000610351562,176.75,175.1999969482422,175.86000061035156,174.5408935546875,5113400,0.0,0.0,0.0
2023-12-28 00:00:00-05:00,176.6199951171875,176.72999572753906,175.7100067138672,175.82000732421875,174.50120544433594,4033500,0.0,0.0,0.0
2023-12-29 00:00:00-05:00,176.02000427246094,176.3800048828125,173.6699981689453,174.8699951171875,173.55831909179688,5391600,0.0,0.0,0.0
2024-01-02 00:00:00-05:00,172.35000610351562,172.35000610351562,167.61000061035156,168.97000122070312,167.70257568359375,8989000,0.0,0.0,0.0
2024-01-03 00:00:00-05:00,166.35000610351562,167.47999572753906,165.3699951171875,165.97000122070312,164.72506713867188,9303600,0.0,0.0,0.0
2024-01-04 00:00:00-05:00,164.27999877929688,166.64999389648438,163.97000122070312,164.99000549316406,163.75242614746094,7095800,0.0,0.0,0.0
2024-01-05 00:00:00-05:00,165.47999572753906,167.57000732421875,165.10000610351562,166.0800018310547,164.83425903320312,6869600,0.0,0.0,0.0
2024-01-08 00:00:00-05:00,167.39999389648438,172.0800018310547,167.27999877929688,171.9600067138672,170.67015075683594,10514800,0.0,0.0,0.0
2024-01-09 00:00:00-05:00,170.52999877929688,173.72999572753906,169.92999267578125,172.4199981689453,171.12669372558594,6974300,0.0,0.0,0.0
2024-01-10 00:00:00-05:00,173.0500030517578,173.10000610351562,170.6300048828125,172.5800018310547,171.28549194335938,6330000,0.0,0.0,0.0
2024-01-11 00:00:00-05:00,173.27000427246094,174.52999877929688,170.19000244140625,173.55999755859375,172.2581329345703,7993700,0.0,0.0,0.0
2024-01-12 00:00:00-05:00,173.75,174.1699981689453,172.05999755859375,172.9499969482422,171.6527099609375,4561000,0.0,0.0,0.0
2024-01-16 00:00:00-05:00,173.2899932861328,176.86000061035156,172.74000549316406,175.6999969482422,174.382080078125,7678000,0.0,0.0,0.0
2024-01-17 00:00:00-05:00,174.47999572753906,174.92999267578125,171.49000549316406,174.63999938964844,173.33004760742188,6751200,0.0,0.0,0.0
2024-01-18 00:00:00-05:00,179.6699981689453,180.5500030517578,177.41000366210938,180.30999755859375,178.95750427246094,11983800,0.0,0.0,0.0
2024-01-19 00:00:00-05:00,182.38999938964844,187.30999755859375,181.4199981689453,187.17999267578125,185.77597045898438,12742400,0.0,0.0,0.0
2024-01-22 00:00:00-05:00,188.80999755859375,189.97999572753906,186.47000122070312,188.0500030517578,186.6394500732422,8308900,0.0,0.0,0.0
2024-01-23 00:00:00-05:00,188.02000427246094,189.1699981689453,186.08999633789062,189.00999450683594,187.5922393798828,6031200,0.0,0.0,0.0
2024-01-24 00:00:00-05:00,191.2100067138672,195.3000030517578,190.02000427246094,192.3699951171875,190.9270477294922,14706600,0.0,0.0,0.0
2024-01-25 00:00:00-05:00,195.8000030517578,195.89999389648438,191.25,192.3699951171875,190.9270477294922,11109400,0.0,0.0,0.0
2024-01-26 00:00:00-05:00,189.16000366210938,190.47000122070312,187.6999969482422,188.27000427246094,186.85781860351562,9921900,0.0,0.0,0.0
2024-01-29 00:00:00-05:00,188.72000122070312,190.50999450683594,187.82000732421875,190.47999572753906,189.0512237548828,8035500,0.0,0.0,0.0
2024-01-30 00:00:00-05:00,190.11000061035156,190.89999389648438,187.67999267578125,188.58999633789062,187.17539978027344,6340100,0.0,0.0,0.0
2024-01-31 00:00:00-05:00,185.72999572753906,188.7100067138672,184.14999389648438,185.8699951171875,184.47579956054688,10827100,0.0,0.0,0.0
2024-02-01 00:00:00-05:00,186.72999572753906,188.10000610351562,185.0500030517578,187.57000732421875,186.16305541992188,6322500,0.0,0.0,0.0
2024-02-02 00:00:00-05:00,188.22000122070312,191.72999572753906,187.86000061035156,191.22000122070312,189.78567504882812,7865400,0.0,0.0,0.0
2024-02-05 00:00:00-05:00,193.5399932861328,195.72000122070312,191.44000244140625,194.9499969482422,193.48770141601562,8600500,0.0,0.0,0.0
2024-02-06 00:00:00-05:00,195.85000610351562,195.88999938964844,190.1199951171875,192.74000549316406,191.29428100585938,8505100,0.0,0.0,0.0
2024-02-07 00:00:00-05:00,193.6999969482422,196.7899932861328,192.41000366210938,196.6300048828125,195.15509033203125,7138800,0.0,0.0,0.0
2024-02-08 00:00:00-05:00,197.57000732421875,200.86000061035156,196.82000732421875,199.42999267578125,197.93408203125,8963800,0.0,0.0,0.0
2024-02-09 00:00:00-05:00,201.14999389648438,204.1999969482422,199.77000427246094,203.85000610351562,202.32095336914062,7642200,0.0,0.0,0.0
2024-02-12 00:00:00-05:00,204.1999969482422,207.1199951171875,201.97000122070312,203.05999755859375,201.536865234375,9718900,0.0,0.0,0.0
2024-02-13 00:00:00-05:00,197.1699981689453,201.55999755859375,196.2899932861328,199.3000030517578,197.80506896972656,11269600,0.0,0.0,0.0
2024-02-14 00:00:00-05:00,202.0,203.91000366210938,200.41000366210938,203.3000030517578,201.7750701904297,7932500,0.0,0.0,0.0
2024-02-15 00:00:00-05:00,204.60000610351562,204.74000549316406,202.00999450683594,202.6199951171875,201.1001739501953,7103400,0.0,0.0,0.0
2024-02-16 00:00:00-05:00,204.3300018310547,206.0800018310547,201.2100067138672,201.75,200.23667907714844,6273100,0.0,0.0,0.0
2024-02-20 00:00:00-05:00,200.27000427246094,200.75999450683594,194.64999389648438,197.77999877929688,196.2964630126953,11318400,0.0,0.0,0.0
2024-02-21 00:00:00-05:00,195.63999938964844,196.5399932861328,193.72000122070312,196.50999450683594,195.03599548339844,8624800,0.0,0.0,0.0
2024-02-22 00:00:00-05:00,207.17999267578125,210.6999969482422,206.3300018310547,209.92999267578125,208.35533142089844,12445700,0.0,0.0,0.0
2024-02-23 00:00:00-05:00,212.02999877929688,213.36000061035156,206.97000122070312,208.6199951171875,207.05516052246094,8526200,0.0,0.0,0.0
2024-02-26 00:00:00-05:00,210.60000610351562,211.6199951171875,208.8300018310547,210.35000610351562,208.77218627929688,7552200,0.0,0.0,0.0
2024-02-27 00:00:00-05:00,211.00999450683594,211.75999450683594,208.83999633789062,209.74000549316406,208.16676330566406,4969700,0.0,0.0,0.0
2024-02-28 00:00:00-05:00,207.61000061035156,208.75,206.42999267578125,207.41000366210938,205.854248046875,4505800,0.0,0.0,0.0
2024-02-29 00:00:00-05:00,209.8000030517578,212.55999755859375,208.7899932861328,211.9499969482422,210.3601837158203,6450600,0.0,0.0,0.0
2024-03-01 00:00:00-05:00,214.1199951171875,221.32000732421875,213.97999572753906,220.5399932861328,218.8857421875,10273300,0.0,0.0,0.0
2024-03-04 00:00:00-05:00,224.0,227.1300048828125,222.6699981689453,224.08999633789062,222.40911865234375,10905100,0.0,0.0,0.0
2024-03-05 00:00:00-05:00,222.36000061035156,223.22999572753906,218.2899932861328,220.66000366210938,219.00485229492188,10421000,0.0,0.0,0.0
2024-03-06 00:00:00-05:00,225.1300048828125,228.75999450683594,223.67999267578125,226.35000610351562,224.6521759033203,11245400,0.0,0.0,0.0
2024-03-07 00:00:00-05:00,229.72999572753906,234.91000366210938,229.4600067138672,234.1699981689453,232.41351318359375,13524400,0.0,0.0,0.0
2024-03-08 00:00:00-05:00,236.92999267578125,239.13999938964844,224.44000244140625,224.99000549316406,223.30238342285156,22519200,0.0,0.0,0.0
2024-03-11 00:00:00-04:00,222.13999938964844,223.8800048828125,219.02000427246094,220.97999572753906,219.32244873046875,12843800,0.0,0.0,0.0
2024-03-12 00:00:00-04:00,224.5500030517578,228.02000427246094,220.55999755859375,227.97000122070312,226.260009765625,10410300,0.0,0.0,0.0
2024-03-13 00:00:00-04:00,225.8699951171875,225.8699951171875,221.14999389648438,223.4600067138672,221.7838592529297,9835800,0.0,0.0,0.0
2024-03-14 00:00:00-04:00,222.77999877929688,223.99000549316406,217.41000366210938,219.4600067138672,217.81385803222656,11440100,0.0,0.0,0.0
2024-03-15 00:00:00-04:00,216.94000244140625,220.3000030517578,215.92999267578125,217.83999633789062,216.2060089111328,11402000,0.0,0.0,0.0
2024-03-18 00:00:00-04:00,222.1699981689453,223.16000366210938,217.82000732421875,218.27999877929688,216.6427001953125,8671700,0.0,0.0,0.0
2024-03-19 00:00:00-04:00,215.72000122070312,218.85000610351562,212.82000732421875,217.8000030517578,216.1663055419922,10606900,0.0,0.0,0.0
2024-03-20 00:00:00-04:00,218.85000610351562,221.6199951171875,216.8300018310547,221.2899932861328,219.63011169433594,9158100,0.0,0.0,0.0
2024-03-21 00:00:00-04:00,228.5800018310547,230.0500030517578,225.80999755859375,226.30999755859375,224.6124725341797,11728000,0.0,0.0,0.0
2024-03-22 00:00:00-04:00,225.60000610351562,229.25,225.22000122070312,227.63999938964844,225.9324951171875,5350200,0.0,0.0,0.0
2024-03-25 00:00:00-04:00,225.22000122070312,229.24000549316406,224.86000061035156,227.0800018310547,225.37669372558594,4938900,0.0,0.0,0.0
2024-03-26 00:00:00-04:00,228.8000030517578,229.4600067138672,224.75999450683594,224.97000122070312,223.2825164794922,6402500,0.0,0.0,0.0
2024-03-27 00:00:00-04:00,226.58999633789062,226.83999633789062,221.49000549316406,224.88999938964844,223.20310974121094,7614700,0.0,0.0,0.0
2024-03-28 00:00:00-04:00,224.30999755859375,225.94000244140625,223.74000549316406,224.99000549316406,223.30238342285156,3763300,0.0,0.0,0.0
2024-04-01 00:00:00-04:00,225.5,230.9499969482422,225.5,227.94000244140625,226.23023986816406,7896800,0.0,0.0,0.0
2024-04-02 00:00:00-04:00,224.25,225.42999267578125,222.3800048828125,225.00999450683594,223.3222198486328,5995000,0.0,0.0,0.0
2024-04-03 00:00:00-04:00,222.72999572753906,227.52000427246094,222.67999267578125,225.91000366210938,224.21546936035156,5914900,0.0,0.0,0.0
2024-04-04 00:00:00-04:00,229.10000610351562,229.80999755859375,219.63999938964844,219.88999938964844,218.24063110351562,9294000,0.0,0.0,0.0
2024-04-05 00:00:00-04:00,221.22000122070312,224.07000732421875,219.61000061035156,222.63999938964844,220.97000122070312,8104000,0.0,0.0,0.0
2024-04-08 00:00:00-04:00,224.88999938964844,225.27999877929688,222.1699981689453,223.05999755859375,221.3868408203125,4215300,0.0,0.0,0.0
2024-04-09 00:00:00-04:00,225.36000061035156,225.9499969482422,220.0399932861328,224.10000610351562,222.41905212402344,5372300,0.0,0.0,0.0
2024-04-10 00:00:00-04:00,221.0,224.3800048828125,220.5,222.14999389648438,220.48365783691406,8164900,0.0,0.0,0.0
2024-04-11 00:00:00-04:00,223.47999572753906,227.57000732421875,221.67999267578125,227.30999755859375,225.60496520996094,7200600,0.0,0.0,0.0
2024-04-12 00:00:00-04:00,223.5,223.82000732421875,219.97000122070312,220.67999267578125,219.02468872070312,8741500,0.0,0.0,0.0
2024-04-15 00:00:00-04:00,223.75,224.97999572753906,216.61000061035156,217.36000061035156,215.72959899902344,6750400,0.0,0.0,0.0
2024-04-16 00:00:00-04:00,217.3300018310547,220.36000061035156,216.47000122070312,219.16000366210938,217.51609802246094,6754900,0.0,0.0,0.0
2024-04-17 00:00:00-04:00,219.50999450683594,220.1199951171875,212.07000732421875,212.39999389648438,210.80679321289062,11726400,0.0,0.0,0.0
2024-04-18 00:00:00-04:00,210.97000122070312,212.25,207.36000061035156,208.6300048828125,207.06509399414062,10350600,0.0,0.0,0.0
2024-04-19 00:00:00-04:00,206.72000122070312,208.0,198.44000244140625,199.2100067138672,197.71575927734375,13584600,0.0,0.0,0.0
2024-04-22 00:00:00-04:00,200.97000122070312,204.3800048828125,199.14999389648438,203.02000427246094,201.49716186523438,9801700,0.0,0.0,0.0
2024-04-23 00:00:00-04:00,204.49000549316406,208.5800018310547,203.92999267578125,207.8000030517578,206.24131774902344,7300600,0.0,0.0,0.0
2024-04-24 00:00:00-04:00,212.63999938964844,213.13999938964844,206.9499969482422,208.0399932861328,206.47950744628906,6564900,0.0,0.0,0.0
2024-04-25 00:00:00-04:00,207.08999633789062,213.67999267578125,205.75,212.1999969482422,210.60830688476562,8682200,0.0,0.0,0.0
2024-04-26 00:00:00-04:00,212.52999877929688,218.67999267578125,211.94000244140625,217.63999938964844,216.0074920654297,6365400,0.0,0.0,0.0
2024-04-29 00:00:00-04:00,217.47999572753906,218.61000061035156,214.89999389648438,218.3800048828125,216.74195861816406,4818000,0.0,0.0,0.0
2024-04-30 00:00:00-04:00,217.33999633789062,219.6199951171875,214.08999633789062,214.08999633789062,212.484130859375,4944800,0.0,0.0,0.0
2024-05-01 00:00:00-04:00,211.13999938964844,214.5399932861328,206.11000061035156,207.85000610351562,206.2909393310547,12945800,0.0,0.0,0.0
2024-05-02 00:00:00-04:00,211.3699951171875,212.74000549316406,207.30999755859375,212.02999877929688,210.43959045410156,6382500,0.0,0.0,0.0
2024-05-03 00:00:00-04:00,215.9199981689453,218.36000061035156,215.14999389648438,217.72999572753906,216.09683227539062,6379100,0.0,0.0,0.0
2024-05-06 00:00:00-04:00,219.3699951171875,222.67999267578125,218.22000122070312,222.6699981689453,220.99977111816406,5343100,0.0,0.0,0.0
2024-05-07 00:00:00-04:00,222.5500030517578,223.17999267578125,220.63999938964844,220.72999572753906,219.07432556152344,5067000,0.0,0.0,0.0
2024-05-08 00:00:00-04:00,218.9499969482422,221.86000061035156,218.6999969482422,221.39999389648438,219.73928833007812,5404300,0.0,0.0,0.0
2024-05-09 00:00:00-04:00,221.49000549316406,221.77000427246094,218.88999938964844,219.97999572753906,218.32994079589844,4023300,0.0,0.0,0.0
2024-05-10 00:00:00-04:00,222.9600067138672,225.44000244140625,222.42999267578125,223.3000030517578,221.62506103515625,6126600,0.0,0.0,0.0
2024-05-13 00:00:00-04:00,224.0,224.5500030517578,222.32000732421875,223.25999450683594,221.58534240722656,3972400,0.0,0.0,0.0
2024-05-14 00:00:00-04:00,222.94000244140625,227.3300018310547,222.24000549316406,227.0800018310547,225.37669372558594,5050500,0.0,0.0,0.0
2024-05-15 00:00:00-04:00,229.27000427246094,234.0,228.52999877929688,233.89999389648438,232.14553833007812,8212800,0.0,0.0,0.0
2024-05-16 00:00:00-04:00,233.85000610351562,235.11000061035156,232.08999633789062,232.1999969482422,230.45828247070312,6209600,0.0,0.0,0.0
2024-05-17 00:00:00-04:00,233.58999633789062,233.82000732421875,228.6199951171875,230.25,228.52291870117188,5241300,0.0,0.0,0.0
2024-05-20 00:00:00-04:00,231.47000122070312,236.0399932861328,230.88999938964844,235.0,233.23728942871094,4986400,0.0,0.0,0.0
2024-05-21 00:00:00-04:00,232.9600067138672,234.9199981689453,231.8699951171875,234.6699981689453,232.90975952148438,4396200,0.0,0.0,0.0
2024-05-22 00:00:00-04:00,236.91000366210938,237.22000122070312,233.99000549316406,236.58999633789062,234.8153533935547,8112700,0.0,0.0,0.0
2024-05-23 00:00:00-04:00,244.14999389648438,244.55999755859375,237.7899932861328,239.82000732421875,238.02113342285156,12401000,0.0,0.0,0.0
2024-05-24 00:00:00-04:00,241.52999877929688,244.44000244140625,240.2899932861328,244.25999450683594,242.42782592773438,4644700,0.0,0.0,0.0
2024-05-28 00:00:00-04:00,247.69000244140625,250.85000610351562,245.4600067138672,249.8300018310547,247.95603942871094,7703000,0.0,0.0,0.0
2024-05-29 00:00:00-04:00,246.10000610351562,246.97999572753906,244.07000732421875,245.64999389648438,243.80738830566406,7581300,0.0,0.0,0.0
2024-05-30 00:00:00-04:00,245.49000549316406,246.1300048828125,241.0800018310547,242.27000427246094,240.4527587890625,7087000,0.0,0.0,0.0
2024-05-31 00:00:00-04:00,243.3699951171875,244.02000427246094,234.25999450683594,240.47999572753906,238.67617797851562,12722800,0.0,0.0,0.0
2024-06-03 00:00:00-04:00,245.10000610351562,245.44000244140625,239.02000427246094,243.47999572753906,241.65367126464844,6312800,0.0,0.0,0.0
2024-06-04 00:00:00-04:00,243.3000030517578,243.6999969482422,240.10000610351562,242.60000610351562,240.78028869628906,5797000,0.0,0.0,0.0
2024-06-05 00:00:00-04:00,247.52999877929688,254.52999877929688,246.7100067138672,254.41000366210938,252.50169372558594,10950400,0.0,0.0,0.0
2024-06-06 00:00:00-04:00,255.52000427246094,255.9199981689453,250.25,252.41000366210938,250.51670837402344,9828200,0.0,0.0,0.0
2024-06-07 00:00:00-04:00,252.24000549316406,254.05999755859375,250.49000549316406,252.2100067138672,250.3181915283203,5470300,0.0,0.0,0.0
2024-06-10 00:00:00-04:00,251.10000610351562,256.7200012207031,250.0500030517578,255.86000061035156,253.94081115722656,6418000,0.0,0.0,0.0
2024-06-11 00:00:00-04:00,255.0,255.88999938964844,251.85000610351562,255.47999572753906,253.5636749267578,6117800,0.0,0.0,0.0
2024-06-12 00:00:00-04:00,260.57000732421875,264.54998779296875,259.760009765625,263.0899963378906,261.1165771484375,8051500,0.0,0.0,0.0
2024-06-13 00:00:00-04:00,266.7900085449219,268.1400146484375,263.9599914550781,267.2099914550781,265.2056884765625,7647200,0.0,0.0,0.0
2024-06-14 00:00:00-04:00,265.3999938964844,268.5899963378906,264.6199951171875,267.8900146484375,265.8805847167969,6257000,0.0,0.0,0.0
2024-06-17 00:00:00-04:00,270.7099914550781,273.2099914550781,266.9200134277344,272.4800109863281,270.4361572265625,7502000,0.0,0.0,0.0
2024-06-18 00:00:00-04:00,273.5199890136719,278.2699890136719,273.0199890136719,276.760009765625,274.6840515136719,8241600,0.0,0.0,0.0
2024-06-20 00:00:00-04:00,279.2200012207031,279.57000732421875,267.0799865722656,268.9200134277344,266.9028625488281,14053800,0.0,0.0,0.0
2024-06-21 00:00:00-04:00,265.57000732421875,268.92999267578125,262.0199890136719,264.8900146484375,262.903076171875,11653900,0.0,0.0,0.0
2024-06-24 00:00:00-04:00,261.5,263.0799865722656,255.72999572753906,255.77999877929688,253.86141967773438,10154100,0.0,0.0,0.0
2024-06-25 00:00:00-04:00,258.5199890136719,261.9100036621094,255.80999755859375,261.7699890136719,259.8064880371094,6592200,0.0,0.0,0.0
2024-06-26 00:00:00-04:00,261.6099853515625,263.07000732421875,257.75,260.9100036621094,258.95294189453125,5950300,0.0,0.0,0.0
2024-06-27 00:00:00-04:00,260.3999938964844,262.42999267578125,257.6400146484375,258.8599853515625,256.9183044433594,5738700,0.0,0.0,0.0
2024-06-28 00:00:00-04:00,260.4800109863281,266.3999938964844,258.9800109863281,260.70001220703125,258.7445068359375,7743300,0.0,0.0,0.0
2024-07-01 00:00:00-04:00,261.0,261.3500061035156,255.66000366210938,261.010009765625,259.0522155761719,6186000,0.0,0.0,0.0
2024-07-02 00:00:00-04:00,258.989990234375,263.6600036621094,258.7099914550781,263.6300048828125,261.65252685546875,4117100,0.0,0.0,0.0
2024-07-03 00:00:00-04:00,264.0899963378906,270.3999938964844,263.2799987792969,269.6199951171875,267.5976257324219,4633000,0.0,0.0,0.0
2024-07-05 00:00:00-04:00,271.2200012207031,272.04998779296875,268.04998779296875,269.7200012207031,267.69683837890625,6415200,0.0,0.0,0.0
2024-07-08 00:00:00-04:00,272.8399963378906,275.70001220703125,272.54998779296875,274.2099914550781,272.1531677246094,5832700,0.0,0.0,0.0
2024-07-09 00:00:00-04:00,276.2900085449219,277.6099853515625,272.1600036621094,274.80999755859375,272.7486572265625,5912800,0.0,0.0,0.0
2024-07-10 00:00:00-04:00,278.1300048828125,281.7300109863281,276.2900085449219,281.2699890136719,279.1601867675781,6181000,0.0,0.0,0.0
2024-07-11 00:00:00-04:00,283.0,283.07000732421875,270.0,271.0199890136719,268.9870910644531,12282300,0.0,0.0,0.0
2024-07-12 00:00:00-04:00,271.79998779296875,278.94000244140625,271.05999755859375,274.45001220703125,272.3913879394531,8392800,0.0,0.0,0.0
2024-07-15 00:00:00-04:00,276.4100036621094,277.4700012207031,272.0199890136719,273.8299865722656,271.7760314941406,7814800,0.0,0.0,0.0
2024-07-16 00:00:00-04:00,275.30999755859375,275.6300048828125,270.5400085449219,273.7099914550781,271.65692138671875,5638600,0.0,0.0,0.0
2024-07-17 00:00:00-04:00,263.7900085449219,264.0,253.85000610351562,254.22000122070312,252.31312561035156,15181900,0.0,0.0,0.0
2024-07-18 00:00:00-04:00,259.1300048828125,260.0,250.00999450683594,255.5399932861328,253.6232147216797,12807600,0.0,0.0,0.0
2024-07-19 00:00:00-04:00,254.86000061035156,255.2100067138672,247.7899932861328,248.13999938964844,246.2787322998047,8589500,0.0,0.0,0.0
2024-07-22 00:00:00-04:00,253.0,257.8999938964844,251.61000061035156,257.7200012207031,255.786865234375,10757900,0.0,0.0,0.0
2024-07-23 00:00:00-04:00,254.97999572753906,257.3699951171875,254.33999633789062,254.86000061035156,252.9483184814453,5869900,0.0,0.0,0.0
2024-07-24 00:00:00-04:00,250.58999633789062,251.32000732421875,240.33999633789062,240.97999572753906,239.17242431640625,11295000,0.0,0.0,0.0
2024-07-25 00:00:00-04:00,239.0,243.63999938964844,230.82000732421875,236.55999755859375,234.78558349609375,18765100,0.0,0.0,0.0
2024-07-26 00:00:00-04:00,242.22000122070312,242.32000732421875,238.17999267578125,240.30999755859375,238.50746154785156,7325600,0.0,0.0,0.0
2024-07-29 00:00:00-04:00,242.44000244140625,245.22999572753906,237.77000427246094,238.60000610351562,236.81028747558594,6745300,0.0,0.0,0.0
2024-07-30 00:00:00-04:00,240.22000122070312,240.7100067138672,228.3300018310547,229.47000122070312,227.74876403808594,12932100,0.0,0.0,0.0
2024-07-31 00:00:00-04:00,242.5,247.69000244140625,240.50999450683594,246.99000549316406,245.13735961914062,18412100,0.0,0.0,0.0
2024-08-01 00:00:00-04:00,244.0399932861328,246.8000030517578,227.89999389648438,231.00999450683594,229.27720642089844,17111600,0.0,0.0,0.0
2024-08-02 00:00:00-04:00,219.9199981689453,222.33999633789062,214.17999267578125,218.42999267578125,216.7915802001953,20261300,0.0,0.0,0.0
2024-08-05 00:00:00-04:00,200.97999572753906,218.5,200.49000549316406,213.30999755859375,211.70997619628906,18420800,0.0,0.0,0.0
2024-08-06 00:00:00-04:00,216.5399932861328,222.8000030517578,212.63999938964844,217.4600067138672,215.828857421875,15388800,0.0,0.0,0.0
2024-08-07 00:00:00-04:00,224.69000244140625,226.10000610351562,211.00999450683594,211.47000122070312,209.88377380371094,13066500,0.0,0.0,0.0
2024-08-08 00:00:00-04:00,217.60000610351562,225.27000427246094,212.6999969482422,224.91000366210938,223.2229766845703,11407900,0.0,0.0,0.0
2024-08-09 00:00:00-04:00,224.6999969482422,226.49000549316406,221.38999938964844,224.85000610351562,223.16342163085938,7241700,0.0,0.0,0.0
2024-08-12 00:00:00-04:00,225.19000244140625,229.5500030517578,224.0500030517578,226.9600067138672,225.2576141357422,6751200,0.0,0.0,0.0
2024-08-13 00:00:00-04:00,230.5500030517578,236.3000030517578,228.8699951171875,236.19000244140625,234.41836547851562,7647400,0.0,0.0,0.0
2024-08-14 00:00:00-04:00,238.7100067138672,239.17999267578125,232.16000366210938,236.38999938964844,234.61685180664062,7187100,0.0,0.0,0.0
2024-08-15 00:00:00-04:00,240.8000030517578,247.33999633789062,239.52999877929688,246.3699951171875,244.52200317382812,8376800,0.0,0.0,0.0
2024-08-16 00:00:00-04:00,244.2100067138672,247.39999389648438,243.0,246.7100067138672,244.85946655273438,5194600,0.0,0.0,0.0
2024-08-19 00:00:00-04:00,245.7899932861328,251.39999389648438,243.2899932861328,251.33999633789062,249.4547119140625,5564300,0.0,0.0,0.0
2024-08-20 00:00:00-04:00,250.14999389648438,251.52999877929688,245.8699951171875,248.05999755859375,246.19932556152344,6578600,0.0,0.0,0.0
2024-08-21 00:00:00-04:00,248.60000610351562,251.8699951171875,247.8699951171875,250.6300048828125,248.75006103515625,4813700,0.0,0.0,0.0
2024-08-22 00:00:00-04:00,252.52000427246094,253.32000732421875,241.5399932861328,242.4199981689453,240.6016387939453,8007400,0.0,0.0,0.0
2024-08-23 00:00:00-04:00,245.85000610351562,250.3300018310547,244.6999969482422,248.38999938964844,246.52685546875,6933400,0.0,0.0,0.0
2024-08-26 00:00:00-04:00,247.49000549316406,248.5500030517578,241.1300048828125,242.57000732421875,240.75050354003906,6925200,0.0,0.0,0.0
2024-08-27 00:00:00-04:00,240.6699981689453,245.75,238.57000732421875,245.00999450683594,243.1721954345703,5534400,0.0,0.0,0.0
2024-08-28 00:00:00-04:00,244.5,245.67999267578125,237.82000732421875,240.88999938964844,239.08311462402344,8114000,0.0,0.0,0.0
2024-08-29 00:00:00-04:00,240.47000122070312,244.50999450683594,236.77999877929688,237.91000366210938,236.12545776367188,9256500,0.0,0.0,0.0
2024-08-30 00:00:00-04:00,242.4499969482422,244.60000610351562,239.3800048828125,243.4600067138672,241.6338348388672,8623800,0.0,0.0,0.0
2024-09-03 00:00:00-04:00,238.8699951171875,238.8699951171875,223.80999755859375,225.19000244140625,223.50086975097656,14466300,0.0,0.0,0.0
2024-09-04 00:00:00-04:00,221.8300018310547,228.5800018310547,221.4600067138672,224.64999389648438,222.9649200439453,8646300,0.0,0.0,0.0
2024-09-05 00:00:00-04:00,222.05999755859375,227.77000427246094,221.72999572753906,224.25999450683594,222.5778350830078,6535400,0.0,0.0,0.0
2024-09-06 00:00:00-04:00,223.35000610351562,223.6699981689453,213.57000732421875,215.0,213.38731384277344,12019300,0.0,0.0,0.0
2024-09-09 00:00:00-04:00,218.4600067138672,220.30999755859375,215.7899932861328,219.86000061035156,218.21084594726562,7933400,0.0,0.0,0.0
2024-09-10 00:00:00-04:00,220.6199951171875,222.13999938964844,216.4600067138672,221.94000244140625,220.27525329589844,7651600,0.0,0.0,0.0
2024-09-11 00:00:00-04:00,223.7899932861328,233.6999969482422,219.39999389648438,233.39999389648438,231.64927673339844,11148300,0.0,0.0,0.0
2024-09-12 00:00:00-04:00,232.9199981689453,235.9600067138672,229.9600067138672,233.89999389648438,232.14553833007812,8209500,0.0,0.0,0.0
2024-09-13 00:00:00-04:00,235.0,237.5500030517578,234.22000122070312,236.91000366210938,235.13296508789062,6405800,0.0,0.0,0.0
2024-09-16 00:00:00-04:00,233.38999938964844,235.0,230.8699951171875,233.8000030517578,232.04629516601562,5505200,0.0,0.0,0.0
2024-09-17 00:00:00-04:00,236.61000061035156,237.1300048828125,231.83999633789062,233.72000122070312,231.96688842773438,4722800,0.0,0.0,0.0
2024-09-18 00:00:00-04:00,234.88999938964844,237.83999633789062,230.7899932861328,231.05999755859375,229.32684326171875,7299800,0.0,0.0,0.0
2024-09-19 00:00:00-04:00,239.97000122070312,243.85000610351562,238.30999755859375,241.08999633789062,239.28160095214844,11254200,0.0,0.0,0.0
2024-09-20 00:00:00-04:00,238.8000030517578,239.64999389648438,234.9600067138672,237.89999389648438,236.11553955078125,8183300,0.0,0.0,0.0
2024-09-23 00:00:00-04:00,238.80999755859375,239.82000732421875,237.1199951171875,238.9499969482422,237.15765380859375,3781400,0.0,0.0,0.0
2024-09-24 00:00:00-04:00,241.0800018310547,244.3800048828125,238.27999877929688,243.39999389648438,241.5742645263672,5435900,0.0,0.0,0.0
2024-09-25 00:00:00-04:00,243.22999572753906,247.0800018310547,242.8000030517578,245.5399932861328,243.69821166992188,4978300,0.0,0.0,0.0
2024-09-26 00:00:00-04:00,255.5,255.99000549316406,247.3699951171875,252.6199951171875,250.72511291503906,10082100,0.0,0.0,0.0
2024-09-27 00:00:00-04:00,253.19000244140625,253.2100067138672,246.1199951171875,247.74000549316406,245.88172912597656,7128600,0.0,0.0,0.0
2024-09-30 00:00:00-04:00,244.14999389648438,247.00999450683594,241.8699951171875,245.4499969482422,243.60890197753906,6252500,0.0,0.0,0.0
2024-10-01 00:00:00-04:00,245.6300048828125,246.5800018310547,237.0,238.8800048828125,237.0881805419922,7751800,0.0,0.0,0.0
2024-10-02 00:00:00-04:00,239.1699981689453,244.4499969482422,237.58999633789062,242.32000732421875,240.50238037109375,5842600,0.0,0.0,0.0
2024-10-03 00:00:00-04:00,241.5500030517578,247.14999389648438,241.33999633789062,244.5500030517578,242.71566772460938,5926900,0.0,0.0,0.0
2024-10-04 00:00:00-04:00,249.2100067138672,249.2100067138672,244.3300018310547,247.82000732421875,245.9611358642578,5771300,0.0,0.0,0.0
2024-10-07 00:00:00-04:00,246.52999877929688,250.60000610351562,246.30999755859375,248.22000122070312,246.35813903808594,4958800,0.0,0.0,0.0
2024-10-08 00:00:00-04:00,249.16000366210938,253.1699981689453,247.8800048828125,252.52000427246094,250.62586975097656,4435300,0.0,0.0,0.0
2024-10-09 00:00:00-04:00,252.99000549316406,255.41000366210938,250.2100067138672,255.14999389648438,253.23614501953125,4063400,0.0,0.0,0.0
2024-10-10 00:00:00-04:00,252.50999450683594,255.8699951171875,251.0,254.64999389648438,252.73988342285156,4044600,0.0,0.0,0.0
2024-10-11 00:00:00-04:00,253.61000061035156,257.29998779296875,253.60000610351562,256.69000244140625,254.7646026611328,4202900,0.0,0.0,0.0
2024-10-14 00:00:00-04:00,258.5199890136719,262.260009765625,258.4200134277344,261.2799987792969,259.3201599121094,4608600,0.0,0.0,0.0
2024-10-15 00:00:00-04:00,261.0,262.1099853515625,245.5800018310547,247.16000366210938,245.3060760498047,14128900,0.0,0.0,0.0
2024-10-16 00:00:00-04:00,249.8300018310547,249.8300018310547,245.5,247.32000732421875,245.4648895263672,5692300,0.0,0.0,0.0
2024-10-17 00:00:00-04:00,255.17999267578125,256.1700134277344,251.5,251.5800018310547,249.69293212890625,6745000,0.0,0.0,0.0
2024-10-18 00:00:00-04:00,253.5,253.52000427246094,250.86000061035156,251.50999450683594,249.62344360351562,3720700,0.0,0.0,0.0
2024-10-21 00:00:00-04:00,251.0,253.0500030517578,249.49000549316406,252.83999633789062,250.94346618652344,3923400,0.0,0.0,0.0
2024-10-22 00:00:00-04:00,251.3300018310547,252.49000549316406,249.6699981689453,251.69000244140625,249.80209350585938,3629100,0.0,0.0,0.0
2024-10-23 00:00:00-04:00,250.4499969482422,251.6699981689453,245.83999633789062,249.00999450683594,247.14219665527344,4971600,0.0,0.0,0.0
2024-10-24 00:00:00-04:00,250.8699951171875,251.1999969482422,248.1999969482422,250.05999755859375,248.184326171875,2595500,0.0,0.0,0.0
2024-10-25 00:00:00-04:00,252.49000549316406,256.54998779296875,252.3000030517578,252.9600067138672,251.0625762939453,6835900,0.0,0.0,0.0
2024-10-28 00:00:00-04:00,252.77000427246094,253.0500030517578,251.0,251.2100067138672,249.32571411132812,3557300,0.0,0.0,0.0
2024-10-29 00:00:00-04:00,251.89999389648438,258.3299865722656,250.86000061035156,256.9200134277344,254.99285888671875,5392800,0.0,0.0,0.0
2024-10-30 00:00:00-04:00,251.74000549316406,253.0,249.4499969482422,250.67999267578125,248.79965209960938,5348400,0.0,0.0,0.0
2024-10-31 00:00:00-04:00,248.27000427246094,248.27000427246094,240.27999877929688,241.67999267578125,239.86717224121094,9464700,0.0,0.0,0.0
2024-11-01 00:00:00-04:00,244.19000244140625,247.2899932861328,243.35000610351562,244.75,242.91415405273438,5521000,0.0,0.0,0.0
2024-11-04 00:00:00-05:00,245.30999755859375,247.50999450683594,243.41000366210938,244.27000427246094,242.43775939941406,5199200,0.0,0.0,0.0
2024-11-05 00:00:00-05:00,245.25,249.0399932861328,245.0800018310547,248.30999755859375,246.44744873046875,4344200,0.0,0.0,0.0
2024-11-06 00:00:00-05:00,252.2899932861328,255.69000244140625,250.2100067138672,254.80999755859375,252.89869689941406,7284400,0.0,0.0,0.0
2024-11-07 00:00:00-05:00,258.3900146484375,261.1499938964844,258.1400146484375,261.0199890136719,259.0621032714844,5370200,0.0,0.0,0.0
2024-11-08 00:00:00-05:00,260.760009765625,261.8800048828125,257.9200134277344,259.3399963378906,257.39471435546875,3915600,0.0,0.0,0.0
2024-11-11 00:00:00-05:00,257.9200134277344,258.04998779296875,250.99000549316406,253.52999877929688,251.6282958984375,7667300,0.0,0.0,0.0
2024-11-12 00:00:00-05:00,253.10000610351562,253.57000732421875,248.86000061035156,251.86000061035156,249.9708251953125,6574000,0.0,0.0,0.0
2024-11-13 00:00:00-05:00,250.64999389648438,251.17999267578125,247.22000122070312,247.6300048828125,245.77256774902344,5537900,0.0,0.0,0.0
2024-11-14 00:00:00-05:00,249.55999755859375,250.9600067138672,247.3800048828125,248.17999267578125,246.31842041015625,4607600,0.0,0.0,0.0
2024-11-15 00:00:00-05:00,244.1699981689453,244.57000732421875,238.8000030517578,239.9499969482422,238.15016174316406,9499700,0.0,0.0,0.0
2024-11-18 00:00:00-05:00,239.02999877929688,242.1699981689453,237.38999938964844,241.5399932861328,239.7282257080078,7696500,0.0,0.0,0.0
2024-11-19 00:00:00-05:00,241.10000610351562,244.27000427246094,240.60000610351562,244.17999267578125,242.34841918945312,4505200,0.0,0.0,0.0
2024-11-20 00:00:00-05:00,243.3300018310547,243.75,238.64999389648438,242.5399932861328,240.72071838378906,7585600,0.0,0.0,0.0
2024-11-21 00:00:00-05:00,245.52000427246094,248.19000244140625,239.60000610351562,246.10000610351562,244.25404357910156,8825400,0.0,0.0,0.0
2024-11-22 00:00:00-05:00,245.97000122070312,246.63999938964844,243.30999755859375,244.6199951171875,242.7851104736328,4746300,0.0,0.0,0.0
2024-11-25 00:00:00-05:00,246.35000610351562,246.35000610351562,242.27999877929688,243.66000366210938,241.83233642578125,4562700,0.0,0.0,0.0
2024-11-26 00:00:00-05:00,245.82000732421875,246.1199951171875,239.88999938964844,241.4199981689453,239.609130859375,4996500,0.0,0.0,0.0
2024-11-27 00:00:00-05:00,239.66000366210938,239.8000030517578,234.1699981689453,238.25,236.46290588378906,6911600,0.0,0.0,0.0
2024-11-29 00:00:00-05:00,240.0,244.49000549316406,239.58999633789062,242.1300048828125,240.31381225585938,5607400,0.0,0.0,0.0
2024-12-02 00:00:00-05:00,243.35000610351562,249.14999389648438,243.35000610351562,247.8699951171875,246.0107421875,8070300,0.0,0.0,0.0
2024-12-03 00:00:00-05:00,246.92999267578125,248.67999267578125,245.92999267578125,248.4199981689453,246.55662536621094,3227300,0.0,0.0,0.0
2024-12-04 00:00:00-05:00,252.22999572753906,253.07000732421875,249.32000732421875,252.6300048828125,250.73504638671875,5457400,0.0,0.0,0.0
2024-12-05 00:00:00-05:00,251.88999938964844,252.16000366210938,247.5800018310547,248.3000030517578,246.43751525878906,3872100,0.0,0.0,0.0
2024-12-06 00:00:00-05:00,247.8800048828125,249.4199981689453,247.2100067138672,248.61000061035156,246.7451934814453,3885300,0.0,0.0,0.0
2024-12-09 00:00:00-05:00,246.22000122070312,248.9600067138672,244.92999267578125,246.07000732421875,244.22425842285156,4532600,0.0,0.0,0.0
2024-12-10 00:00:00-05:00,246.42999267578125,247.14999389648438,238.3699951171875,239.8800048828125,238.0806884765625,6402400,0.0,0.0,0.0
2024-12-11 00:00:00-05:00,243.64999389648438,247.0399932861328,241.72999572753906,245.75,243.9066619873047,5588400,0.0,0.0,0.0
2024-12-12 00:00:00-05:00,244.00999450683594,244.63999938964844,241.92999267578125,243.3699951171875,241.5445098876953,3979300,0.0,0.0,0.0
2024-12-13 00:00:00-05:00,249.52000427246094,251.6300048828125,246.0500030517578,249.49000549316406,247.61859130859375,8628300,0.0,0.0,0.0
2024-12-16 00:00:00-05:00,250.5,254.36000061035156,248.9199981689453,253.25,251.3503875732422,4893000,0.0,0.0,0.0
2024-12-17 00:00:00-05:00,250.47999572753906,251.1699981689453,248.02999877929688,249.9600067138672,248.0850830078125,4027800,0.0,0.0,0.0
2024-12-18 00:00:00-05:00,252.16000366210938,254.47000122070312,240.4499969482422,241.99000549316406,240.17486572265625,8125800,0.0,0.0,0.0
2024-12-19 00:00:00-05:00,243.0,243.25,238.35000610351562,238.8699951171875,237.0782470703125,6893100,0.0,0.0,0.0
2024-12-20 00:00:00-05:00,237.39999389648438,245.25999450683594,236.5399932861328,242.7100067138672,240.88946533203125,6909300,0.0,0.0,0.0
2024-12-23 00:00:00-05:00,243.52999877929688,249.58999633789062,243.52999877929688,249.22000122070312,248.44692993164062,6650100,1.071,0.0,0.0
2024-12-24 00:00:00-05:00,250.44000244140625,251.3699951171875,249.3800048828125,251.3699951171875,250.5902557373047,2097400,0.0,0.0,0.0
2024-12-26 00:00:00-05:00,250.4199981689453,252.38999938964844,248.8800048828125,250.92999267578125,250.15162658691406,2169300,0.0,0.0,0.0
2024-12-27 00:00:00-05:00,249.27999877929688,250.07000732421875,245.16000366210938,248.39999389648438,247.6294708251953,3812300,0.0,0.0,0.0
2024-12-30 00:00:00-05:00,244.6199951171875,247.35000610351562,242.72999572753906,244.66000366210938,243.9010772705078,3532100,0.0,0.0,0.0
2024-12-31 00:00:00-05:00,245.50999450683594,246.0500030517578,241.39999389648438,242.1699981689453,241.41879272460938,3071800,0.0,0.0,0.0
2025-01-02 00:00:00-05:00,244.52000427246094,247.75,242.25,244.7899932861328,244.03067016601562,4464000,0.0,0.0,0.0
2025-01-03 00:00:00-05:00,247.0,252.3300018310547,246.67999267578125,251.8800048828125,251.09869384765625,4994400,0.0,0.0,0.0
2025-01-06 00:00:00-05:00,258.6700134277344,263.2900085449219,258.5,260.2300109863281,259.42279052734375,10533200,0.0,0.0,0.0
2025-01-07 00:00:00-05:00,263.4200134277344,263.5799865722656,253.0500030517578,254.0399932861328,253.25196838378906,7661100,0.0,0.0,0.0
2025-01-08 00:00:00-05:00,253.55999755859375,254.3300018310547,249.50999450683594,252.22999572753906,251.4475860595703,5189500,0.0,0.0,0.0
2025-01-10 00:00:00-05:00,249.41000366210938,249.58999633789062,244.9199981689453,247.17999267578125,246.4132537841797,6901500,0.0,0.0,0.0
2025-01-13 00:00:00-05:00,241.07000732421875,244.92999267578125,240.6199951171875,244.63999938964844,243.88113403320312,6007500,0.0,0.0,0.0
2025-01-14 00:00:00-05:00,247.72999572753906,248.3800048828125,242.38999938964844,245.44000244140625,244.6786651611328,3791500,0.0,0.0,0.0
2025-01-15 00:00:00-05:00,249.25,252.07000732421875,247.6999969482422,251.2100067138672,250.43077087402344,5316800,0.0,0.0,0.0
2025-01-16 00:00:00-05:00,257.1099853515625,257.20001220703125,252.14999389648438,252.2899932861328,251.5074005126953,5696100,0.0,0.0,0.0
2025-01-17 00:00:00-05:00,257.9800109863281,258.67999267578125,255.61000061035156,258.25,257.44891357421875,5387300,0.0,0.0,0.0
2025-01-21 00:00:00-05:00,260.79998779296875,264.32000732421875,258.45001220703125,262.3900146484375,261.5760803222656,4923000,0.0,0.0,0.0
2025-01-22 00:00:00-05:00,266.0,269.6600036621094,265.1400146484375,267.1700134277344,266.3412780761719,6616500,0.0,0.0,0.0
2025-01-23 00:00:00-05:00,263.0199890136719,266.8599853515625,261.8999938964844,266.8500061035156,266.0222473144531,4704900,0.0,0.0,0.0
2025-01-24 00:00:00-05:00,267.3999938964844,267.42999267578125,260.6199951171875,261.5299987792969,260.71875,5119900,0.0,0.0,0.0
2025-01-27 00:00:00-05:00,242.47999572753906,245.0800018310547,232.24000549316406,235.80999755859375,235.07852172851562,21944900,0.0,0.0,0.0
2025-01-28 00:00:00-05:00,237.88999938964844,241.02999877929688,232.25999450683594,240.4499969482422,239.70413208007812,11707300,0.0,0.0,0.0
2025-01-29 00:00:00-05:00,242.41000366210938,242.4499969482422,236.63999938964844,239.52999877929688,238.7869873046875,8366000,0.0,0.0,0.0
2025-01-30 00:00:00-05:00,243.4199981689453,245.85000610351562,240.6699981689453,245.1699981689453,244.4095001220703,7676300,0.0,0.0,0.0
2025-01-31 00:00:00-05:00,246.1699981689453,251.4600067138672,242.9199981689453,243.6199951171875,242.8643035888672,8009900,0.0,0.0,0.0
2025-02-03 00:00:00-05:00,235.97000122070312,241.63999938964844,235.1199951171875,238.77999877929688,238.03932189941406,7479600,0.0,0.0,0.0
2025-02-04 00:00:00-05:00,238.80999755859375,242.6199951171875,238.5800018310547,241.47000122070312,240.72097778320312,4579000,0.0,0.0,0.0
2025-02-05 00:00:00-05:00,242.1199951171875,247.5,240.39999389648438,247.13999938964844,246.37338256835938,4811100,0.0,0.0,0.0
2025-02-06 00:00:00-05:00,247.17999267578125,248.42999267578125,245.61000061035156,248.35000610351562,247.5796356201172,4877200,0.0,0.0,0.0
2025-02-07 00:00:00-05:00,249.55999755859375,250.64999389648438,243.47999572753906,245.0,244.24002075195312,7258900,0.0,0.0,0.0
2025-02-10 00:00:00-05:00,247.0,250.2899932861328,247.0,249.6199951171875,248.84568786621094,4231300,0.0,0.0,0.0
2025-02-11 00:00:00-05:00,247.6999969482422,251.0399932861328,247.41000366210938,249.8699951171875,249.09490966796875,3134900,0.0,0.0,0.0
2025-02-12 00:00:00-05:00,245.6999969482422,248.74000549316406,244.5399932861328,248.50999450683594,247.7391357421875,4212800,0.0,0.0,0.0
2025-02-13 00:00:00-05:00,248.0,252.08999633789062,247.7899932861328,251.9199981689453,251.1385498046875,4486100,0.0,0.0,0.0
2025-02-14 00:00:00-05:00,252.0,253.22000122070312,250.6300048828125,252.5800018310547,251.7965087890625,4279500,0.0,0.0,0.0
2025-02-18 00:00:00-05:00,254.72000122070312,257.20001220703125,253.33999633789062,256.2200012207031,255.4252166748047,6361400,0.0,0.0,0.0
2025-02-19 00:00:00-05:00,255.97999572753906,258.3800048828125,253.8800048828125,257.3399963378906,256.541748046875,3025400,0.0,0.0,0.0
2025-02-20 00:00:00-05:00,258.07000732421875,259.6300048828125,254.9199981689453,257.79998779296875,257.00030517578125,4401700,0.0,0.0,0.0
2025-02-21 00:00:00-05:00,258.3500061035156,258.70001220703125,249.19000244140625,249.99000549316406,249.2145538330078,7578500,0.0,0.0,0.0
2025-02-24 00:00:00-05:00,251.3000030517578,252.05999755859375,243.27999877929688,243.4199981689453,242.6649169921875,7518000,0.0,0.0,0.0
2025-02-25 00:00:00-05:00,242.7100067138672,243.77999877929688,237.33999633789062,238.25,237.51095581054688,7658600,0.0,0.0,0.0
2025-02-26 00:00:00-05:00,241.60000610351562,246.1199951171875,240.89999389648438,243.82000732421875,243.06369018554688,6675900,0.0,0.0,0.0
2025-02-27 00:00:00-05:00,246.07000732421875,246.3800048828125,228.6999969482422,228.7899932861328,228.08029174804688,10520600,0.0,0.0,0.0
2025-02-28 00:00:00-05:00,228.3699951171875,233.77999877929688,225.6300048828125,232.77000427246094,232.04795837402344,8654700,0.0,0.0,0.0
2025-03-03 00:00:00-05:00,235.3699951171875,235.3699951171875,220.9499969482422,223.00999450683594,222.3182373046875,10001200,0.0,0.0,0.0
2025-03-04 00:00:00-05:00,222.4600067138672,230.8000030517578,218.0500030517578,225.22999572753906,224.53134155273438,12563100,0.0,0.0,0.0
2025-03-05 00:00:00-05:00,227.82000732421875,230.2100067138672,223.47000122070312,229.39999389648438,228.6884002685547,6799400,0.0,0.0,0.0
2025-03-06 00:00:00-05:00,221.97999572753906,226.16000366210938,219.07000732421875,219.77999877929688,219.09825134277344,9155200,0.0,0.0,0.0
2025-03-07 00:00:00-05:00,220.60000610351562,225.75,217.07000732421875,225.08999633789062,224.39178466796875,9426800,0.0,0.0,0.0
2025-03-10 00:00:00-04:00,219.57000732421875,221.2899932861328,211.50999450683594,214.52999877929688,213.86453247070312,9616500,0.0,0.0,0.0
2025-03-11 00:00:00-04:00,215.2100067138672,219.02000427246094,210.4600067138672,214.22000122070312,213.5554962158203,7381300,0.0,0.0,0.0
2025-03-12 00:00:00-04:00,220.32000732421875,222.9499969482422,218.17999267578125,220.52000427246094,219.83596801757812,8710800,0.0,0.0,0.0
2025-03-13 00:00:00-04:00,220.77999877929688,223.8800048828125,217.80999755859375,219.5500030517578,218.8689727783203,5126800,0.0,0.0,0.0
2025-03-14 00:00:00-04:00,223.35000610351562,226.9600067138672,223.27999877929688,226.57000732421875,225.86720275878906,5100700,0.0,0.0,0.0
2025-03-17 00:00:00-04:00,226.22999572753906,231.0399932861328,226.02000427246094,228.9600067138672,228.24978637695312,5192200,0.0,0.0,0.0
2025-03-18 00:00:00-04:00,226.6300048828125,227.77000427246094,223.8800048828125,225.4199981689453,224.72076416015625,5196700,0.0,0.0,0.0
2025-03-19 00:00:00-04:00,225.4199981689453,231.02000427246094,223.77999877929688,227.41000366210938,226.70458984375,4932500,0.0,0.0,0.0
2025-03-20 00:00:00-04:00,225.13999938964844,229.00999450683594,224.88999938964844,227.0500030517578,226.345703125,3654700,0.0,0.0,0.0
2025-03-21 00:00:00-04:00,222.77000427246094,225.61000061035156,221.41000366210938,224.77000427246094,224.07278442382812,6319300,0.0,0.0,0.0
2025-03-24 00:00:00-04:00,229.1999969482422,232.4199981689453,229.10000610351562,230.6300048828125,229.9145965576172,6503200,0.0,0.0,0.0
2025-03-25 00:00:00-04:00,230.4499969482422,230.66000366210938,228.85000610351562,229.64999389648438,228.93763732910156,3451800,0.0,0.0,0.0
2025-03-26 00:00:00-04:00,228.39999389648438,228.8000030517578,220.0500030517578,222.00999450683594,221.3213348388672,9591100,0.0,0.0,0.0
2025-03-27 00:00:00-04:00,219.0500030517578,220.6999969482422,216.57000732421875,217.75,217.07455444335938,9072500,0.0,0.0,0.0
2025-03-28 00:00:00-04:00,216.8000030517578,218.0399932861328,211.0500030517578,212.1699981689453,211.51185607910156,8722100,0.0,0.0,0.0
2025-03-31 00:00:00-04:00,207.3300018310547,211.69000244140625,204.50999450683594,211.47000122070312,210.81402587890625,9477200,0.0,0.0,0.0
2025-04-01 00:00:00-04:00,210.9600067138672,212.5399932861328,207.25999450683594,212.49000549316406,211.83087158203125,6151300,0.0,0.0,0.0
2025-04-02 00:00:00-04:00,208.9600067138672,216.61000061035156,208.47000122070312,214.08999633789062,213.4259033203125,7096200,0.0,0.0,0.0
2025-04-03 00:00:00-04:00,202.69000244140625,204.49000549316406,195.33999633789062,195.57000732421875,194.96336364746094,14299000,0.0,0.0,0.0
2025-04-04 00:00:00-04:00,188.6999969482422,190.2899932861328,178.22999572753906,180.8000030517578,180.23916625976562,22160100,0.0,0.0,0.0
2025-04-07 00:00:00-04:00,173.49000549316406,194.8300018310547,170.11000061035156,184.89999389648438,184.32644653320312,25600300,0.0,0.0,0.0
2025-04-08 00:00:00-04:00,192.99000549316406,195.72000122070312,176.0500030517578,179.9499969482422,179.3917999267578,19097600,0.0,0.0,0.0
2025-04-09 00:00:00-04:00,181.75999450683594,212.80999755859375,180.27000427246094,210.8300018310547,210.176025390625,22178500,0.0,0.0,0.0
2025-04-10 00:00:00-04:00,201.3800048828125,202.5,189.0399932861328,196.2100067138672,195.60137939453125,18282500,0.0,0.0,0.0
2025-04-11 00:00:00-04:00,195.6999969482422,201.94000244140625,193.6999969482422,201.30999755859375,200.685546875,10156300,0.0,0.0,0.0
2025-04-14 00:00:00-04:00,206.6199951171875,206.77999877929688,198.77000427246094,201.61000061035156,200.984619140625,9843300,0.0,0.0,0.0
2025-04-15 00:00:00-04:00,202.6699981689453,205.13999938964844,201.94000244140625,202.9199981689453,202.29055786132812,5097800,0.0,0.0,0.0
2025-04-16 00:00:00-04:00,193.16000366210938,196.75999450683594,188.52999877929688,194.35000610351562,193.7471466064453,13067200,0.0,0.0,0.0
2025-04-17 00:00:00-04:00,195.82000732421875,196.0,191.0,192.52999877929688,191.9327850341797,7067400,0.0,0.0,0.0
2025-04-21 00:00:00-04:00,188.89999389648438,189.38999938964844,184.39999389648438,187.8300018310547,187.2473602294922,9572700,0.0,0.0,0.0
2025-04-22 00:00:00-04:00,190.35000610351562,193.3000030517578,188.9600067138672,191.89999389648438,191.3047332763672,7242700,0.0,0.0,0.0
2025-04-23 00:00:00-04:00,201.5800018310547,203.0800018310547,198.0800018310547,198.91000366210938,198.29299926757812,11495800,0.0,0.0,0.0
2025-04-24 00:00:00-04:00,203.22000122070312,209.27999877929688,202.17999267578125,208.97000122070312,208.32179260253906,9696200,0.0,0.0,0.0
2025-04-25 00:00:00-04:00,207.17999267578125,213.2899932861328,206.5,211.97000122070312,211.31248474121094,7487400,0.0,0.0,0.0
2025-04-28 00:00:00-04:00,210.88999938964844,212.2100067138672,206.39999389648438,210.64999389648438,209.99656677246094,5804900,0.0,0.0,0.0
2025-04-29 00:00:00-04:00,209.3300018310547,212.25,208.52000427246094,210.2899932861328,209.63768005371094,4506200,0.0,0.0,0.0
2025-04-30 00:00:00-04:00,205.02000427246094,211.74000549316406,203.88999938964844,211.27999877929688,210.62461853027344,5974400,0.0,0.0,0.0
2025-05-01 00:00:00-04:00,214.92999267578125,216.52999877929688,212.11000061035156,212.3000030517578,211.64146423339844,6878200,0.0,0.0,0.0
2025-05-02 00:00:00-04:00,217.99000549316406,220.9199981689453,217.24000549316406,219.02999877929688,218.3505859375,6522200,0.0,0.0,0.0
2025-05-05 00:00:00-04:00,217.02999877929688,219.60000610351562,216.89999389648438,217.61000061035156,216.9349822998047,4536000,0.0,0.0,0.0
2025-05-06 00:00:00-04:00,213.64999389648438,217.44000244140625,212.83999633789062,215.58999633789062,214.92124938964844,5019400,0.0,0.0,0.0
2025-05-07 00:00:00-04:00,215.72000122070312,220.9199981689453,214.19000244140625,220.02000427246094,219.33750915527344,9068800,0.0,0.0,0.0
2025-05-08 00:00:00-04:00,222.85000610351562,224.83999633789062,220.10000610351562,221.9499969482422,221.2615203857422,5919200,0.0,0.0,0.0
2025-05-09 00:00:00-04:00,224.52999877929688,225.36000061035156,221.99000549316406,223.39999389648438,222.70701599121094,3495500,0.0,0.0,0.0
2025-05-12 00:00:00-04:00,236.72000122070312,238.6699981689453,234.0500030517578,237.41000366210938,236.67356872558594,9246900,0.0,0.0,0.0
2025-05-13 00:00:00-04:00,239.0500030517578,246.69000244140625,238.60000610351562,245.55999755859375,244.79827880859375,8665600,0.0,0.0,0.0
2025-05-14 00:00:00-04:00,247.64999389648438,249.44000244140625,245.60000610351562,247.99000549316406,247.2207489013672,7439600,0.0,0.0,0.0
2025-05-15 00:00:00-04:00,245.75,249.0,244.0800018310547,247.1300048828125,246.36341857910156,6446300,0.0,0.0,0.0
2025-05-16 00:00:00-04:00,247.5399932861328,247.61000061035156,244.1199951171875,246.4199981689453,245.65562438964844,3800100,0.0,0.0,0.0
2025-05-19 00:00:00-04:00,241.39999389648438,246.5,241.2899932861328,246.00999450683594,245.24688720703125,4196100,0.0,0.0,0.0
2025-05-20 00:00:00-04:00,243.8699951171875,245.61000061035156,242.8800048828125,245.5399932861328,244.77833557128906,3115200,0.0,0.0,0.0
2025-05-21 00:00:00-04:00,243.3300018310547,248.5800018310547,240.02000427246094,241.47000122070312,240.72097778320312,6392500,0.0,0.0,0.0
2025-05-22 00:00:00-04:00,241.02999877929688,243.61000061035156,240.32000732421875,240.80999755859375,240.06301879882812,5185500,0.0,0.0,0.0
2025-05-23 00:00:00-04:00,235.22999572753906,238.86000061035156,234.58999633789062,237.44000244140625,236.70347595214844,6577200,0.0,0.0,0.0
2025-05-27 00:00:00-04:00,242.49000549316406,245.69000244140625,240.66000366210938,244.97000122070312,244.21011352539062,8858900,0.0,0.0,0.0
2025-05-28 00:00:00-04:00,245.2899932861328,246.2100067138672,241.91000366210938,242.36000061035156,241.60821533203125,10739500,0.0,0.0,0.0
2025-05-29 00:00:00-04:00,249.0,249.2100067138672,242.6999969482422,244.0800018310547,243.3228759765625,9120100,0.0,0.0,0.0
2025-05-30 00:00:00-04:00,243.22999572753906,243.22999572753906,235.3699951171875,239.75,239.0063018798828,11064700,0.0,0.0,0.0
2025-06-02 00:00:00-04:00,239.17999267578125,244.02999877929688,238.9600067138672,243.3000030517578,242.54530334472656,4719900,0.0,0.0,0.0
2025-06-03 00:00:00-04:00,243.47999572753906,249.1699981689453,242.35000610351562,248.7899932861328,248.0182647705078,7518700,0.0,0.0,0.0
2025-06-04 00:00:00-04:00,250.57000732421875,252.61000061035156,248.36000061035156,251.75,250.96908569335938,7258700,0.0,0.0,0.0
2025-06-05 00:00:00-04:00,253.74000549316406,256.05999755859375,249.75999450683594,251.3000030517578,250.52047729492188,8054100,0.0,0.0,0.0
2025-06-06 00:00:00-04:00,253.5399932861328,255.58999633789062,252.63999938964844,252.72999572753906,251.946044921875,5589700,0.0,0.0,0.0
2025-06-09 00:00:00-04:00,255.0,259.8699951171875,255.0,256.9599914550781,256.16290283203125,10841400,0.0,0.0,0.0
2025-06-10 00:00:00-04:00,258.3599853515625,262.67999267578125,257.4599914550781,262.07000732421875,261.257080078125,9763000,0.0,0.0,0.0
2025-06-11 00:00:00-04:00,263.6000061035156,264.9100036621094,259.69000244140625,261.8800048828125,261.0676574707031,12286000,0.0,0.0,0.0
2025-06-12 00:00:00-04:00,260.05999755859375,264.0,260.05999755859375,263.1499938964844,262.3337097167969,6781900,0.0,0.0,0.0
2025-06-13 00:00:00-04:00,257.54998779296875,260.6000061035156,256.04998779296875,256.989990234375,256.19281005859375,11950200,0.0,0.0,0.0
2025-06-16 00:00:00-04:00,259.9599914550781,265.04998779296875,259.7799987792969,263.3800048828125,262.5630187988281,7497700,0.0,0.0,0.0
2025-06-17 00:00:00-04:00,262.44000244140625,265.5299987792969,261.3599853515625,261.5899963378906,260.778564453125,7284700,0.0,0.0,0.0
2025-06-18 00:00:00-04:00,262.7799987792969,264.9100036621094,260.989990234375,262.5899963378906,261.77545166015625,7367400,0.0,0.0,0.0
2025-06-20 00:00:00-04:00,264.8500061035156,265.0199890136719,257.2200012207031,260.2699890136719,259.462646484375,11439900,0.0,0.0,0.0
2025-06-23 00:00:00-04:00,259.8500061035156,262.6600036621094,257.1199951171875,261.9200134277344,261.1075439453125,10420100,0.0,0.0,0.0
2025-06-24 00:00:00-04:00,265.92999267578125,271.6199951171875,265.739990234375,271.5400085449219,270.69769287109375,9035500,0.0,0.0,0.0
2025-06-25 00:00:00-04:00,273.2200012207031,275.2699890136719,272.45001220703125,275.20001220703125,274.3463439941406,8480000,0.0,0.0,0.0
2025-06-26 00:00:00-04:00,277.0799865722656,277.95001220703125,274.95001220703125,277.20001220703125,276.34014892578125,6789000,0.0,0.0,0.0
2025-06-27 00:00:00-04:00,278.17999267578125,280.5,275.6400146484375,278.4200134277344,277.5563659667969,8170900,0.0,0.0,0.0
2025-06-30 00:00:00-04:00,279.70001220703125,279.9599914550781,277.1000061035156,278.8800048828125,278.0149230957031,6375800,0.0,0.0,0.0
2025-07-01 00:00:00-04:00,276.79998779296875,278.05999755859375,272.1600036621094,275.8399963378906,274.9843444824219,8931300,0.0,0.0,0.0
2025-07-02 00:00:00-04:00,274.82000732421875,281.9200134277344,274.6600036621094,281.25,280.3775634765625,8713800,0.0,0.0,0.0
2025-07-03 00:00:00-04:00,282.82000732421875,285.19000244140625,282.30999755859375,283.6199951171875,282.740234375,4443000,0.0,0.0,0.0
2025-07-07 00:00:00-04:00,281.760009765625,282.6400146484375,278.54998779296875,279.760009765625,278.8922119140625,8616400,0.0,0.0,0.0
2025-07-08 00:00:00-04:00,281.6099853515625,284.7300109863281,280.70001220703125,283.4800109863281,282.6006774902344,8186500,0.0,0.0,0.0
2025-07-09 00:00:00-04:00,284.7300109863281,287.8399963378906,283.57000732421875,285.4200134277344,284.53466796875,6810700,0.0,0.0,0.0
2025-07-10 00:00:00-04:00,287.8900146484375,288.19000244140625,284.55999755859375,287.5199890136719,286.62811279296875,5635200,0.0,0.0,0.0
2025-07-11 00:00:00-04:00,286.4700012207031,288.94000244140625,285.54998779296875,287.489990234375,286.59820556640625,5677000,0.0,0.0,0.0
2025-07-14 00:00:00-04:00,286.29998779296875,286.5199890136719,281.739990234375,285.32000732421875,284.4349670410156,7455800,0.0,0.0,0.0
2025-07-15 00:00:00-04:00,291.6700134277344,293.20001220703125,290.0799865722656,290.79998779296875,289.89794921875,9892500,0.0,0.0,0.0
2025-07-16 00:00:00-04:00,288.5,289.57000732421875,283.1300048828125,289.2799987792969,288.3826599121094,10065900,0.0,0.0,0.0
2025-07-17 00:00:00-04:00,290.04998779296875,292.55999755859375,287.9800109863281,291.7099914550781,290.80511474609375,6998300,0.0,0.0,0.0
2025-07-18 00:00:00-04:00,292.9100036621094,293.3299865722656,289.3299865722656,290.30999755859375,289.40948486328125,5522100,0.0,0.0,0.0
2025-07-21 00:00:00-04:00,290.6700134277344,293.5299987792969,290.3999938964844,290.510009765625,289.6088562011719,5910900,0.0,0.0,0.0
2025-07-22 00:00:00-04:00,289.739990234375,289.8399963378906,282.1199951171875,285.3699951171875,284.48480224609375,11537500,0.0,0.0,0.0
2025-07-23 00:00:00-04:00,285.29998779296875,286.6700134277344,282.989990234375,286.6099853515625,285.720947265625,8194600,0.0,0.0,0.0
2025-07-24 00:00:00-04:00,287.19000244140625,288.2699890136719,284.9200134277344,287.79998779296875,286.9072570800781,5902600,0.0,0.0,0.0
2025-07-25 00:00:00-04:00,286.2300109863281,288.0400085449219,285.05999755859375,287.489990234375,286.59820556640625,4014900,0.0,0.0,0.0
2025-07-28 00:00:00-04:00,289.7799987792969,291.57000732421875,289.2900085449219,291.4100036621094,290.5060729980469,5671900,0.0,0.0,0.0
2025-07-29 00:00:00-04:00,293.55999755859375,296.7300109863281,291.4800109863281,292.8999938964844,291.9914245605469,6968700,0.0,0.0,0.0
2025-07-30 00:00:00-04:00,294.760009765625,297.3800048828125,293.5899963378906,296.260009765625,295.3410339355469,7930300,0.0,0.0,0.0
2025-07-31 00:00:00-04:00,294.70001220703125,294.9200134277344,286.04998779296875,288.7799987792969,287.88421630859375,9928100,0.0,0.0,0.0
2025-08-01 00:00:00-04:00,282.9100036621094,286.94000244140625,279.19000244140625,283.95001220703125,283.0692138671875,14032200,0.0,0.0,0.0
2025-08-04 00:00:00-04:00,286.2900085449219,290.30999755859375,285.2099914550781,290.19000244140625,289.28985595703125,5323200,0.0,0.0,0.0
2025-08-05 00:00:00-04:00,290.739990234375,291.3299865722656,284.2099914550781,287.1000061035156,286.2094421386719,6918300,0.0,0.0,0.0
2025-08-06 00:00:00-04:00,284.8299865722656,287.2300109863281,282.7699890136719,286.6199951171875,285.7309265136719,6124300,0.0,0.0,0.0
2025-08-07 00:00:00-04:00,292.8299865722656,294.7099914550781,288.6199951171875,291.1199951171875,290.2169494628906,8069400,0.0,0.0,0.0
2025-08-08 00:00:00-04:00,291.92999267578125,293.9200134277344,290.6499938964844,293.5299987792969,292.6194763183594,5121600,0.0,0.0,0.0
2025-08-11 00:00:00-04:00,294.510009765625,297.0899963378906,292.7300109863281,293.3999938964844,292.4898681640625,5799700,0.0,0.0,0.0
2025-08-12 00:00:00-04:00,295.2900085449219,300.239990234375,293.1499938964844,300.1000061035156,299.1690979003906,7592800,0.0,0.0,0.0
2025-08-13 00:00:00-04:00,301.8399963378906,302.9800109863281,298.57000732421875,301.2799987792969,300.345458984375,8959700,0.0,0.0,0.0
2025-08-14 00:00:00-04:00,298.0,302.79998779296875,297.2799987792969,301.9200134277344,300.98345947265625,5827000,0.0,0.0,0.0
2025-08-15 00:00:00-04:00,299.3599853515625,299.3599853515625,293.94000244140625,295.6499938964844,294.73291015625,9026300,0.0,0.0,0.0
2025-08-18 00:00:00-04:00,294.9200134277344,297.19000244140625,294.7799987792969,296.8599853515625,295.93914794921875,5577500,0.0,0.0,0.0
2025-08-19 00:00:00-04:00,296.8599853515625,297.1199951171875,290.6300048828125,290.8699951171875,289.9677429199219,8191900,0.0,0.0,0.0
2025-08-20 00:00:00-04:00,290.0,290.0,281.1499938964844,288.9599914550781,288.06365966796875,10091000,0.0,0.0,0.0
2025-08-21 00:00:00-04:00,287.7799987792969,289.8699951171875,285.8800048828125,287.4599914550781,286.56829833984375,6067700,0.0,0.0,0.0
2025-08-22 00:00:00-04:00,287.6300048828125,296.3599853515625,286.5400085449219,293.6400146484375,292.7291564941406,5810400,0.0,0.0,0.0
2025-08-25 00:00:00-04:00,293.75,295.7900085449219,292.1199951171875,293.9200134277344,293.00830078125,4965000,0.0,0.0,0.0
2025-08-26 00:00:00-04:00,294.82000732421875,297.239990234375,294.6700134277344,296.75,295.8294982910156,4967100,0.0,0.0,0.0
2025-08-27 00:00:00-04:00,295.8500061035156,298.1000061035156,294.3800048828125,297.6600036621094,296.7366638183594,5646200,0.0,0.0,0.0
2025-08-28 00:00:00-04:00,298.1000061035156,300.7799987792969,295.9800109863281,298.8800048828125,297.952880859375,7194000,0.0,0.0,0.0
2025-08-29 00:00:00-04:00,295.55999755859375,295.55999755859375,289.1000061035156,290.2900085449219,289.3895568847656,13420900,0.0,0.0,0.0
2025-09-02 00:00:00-04:00,283.0899963378906,286.6700134277344,281.739990234375,286.4800109863281,285.59136962890625,11543700,0.0,0.0,0.0
2025-09-03 00:00:00-04:00,287.3599853515625,287.92999267578125,283.7799987792969,286.42999267578125,285.54150390625,7249600,0.0,0.0,0.0
2025-09-04 00:00:00-04:00,285.239990234375,290.2099914550781,284.29998779296875,289.8599853515625,288.9608459472656,8079300,0.0,0.0,0.0
2025-09-05 00:00:00-04:00,295.07000732421875,295.1499938964844,289.25,293.2799987792969,292.3702697753906,9809600,0.0,0.0,0.0
2025-09-08 00:00:00-04:00,295.1400146484375,297.82000732421875,294.79998779296875,296.5199890136719,295.6001892089844,7223200,0.0,0.0,0.0
2025-09-09 00:00:00-04:00,297.2200012207031,297.989990234375,295.1099853515625,297.80999755859375,296.8861999511719,6797000,0.0,0.0,0.0
2025-09-10 00:00:00-04:00,300.5899963378906,302.3800048828125,298.7699890136719,300.8299865722656,299.8968200683594,10221400,0.0,0.0,0.0
2025-09-11 00:00:00-04:00,303.5400085449219,305.55999755859375,303.1700134277344,303.92999267578125,302.9872131347656,7312400,0.0,0.0,0.0
2025-09-12 00:00:00-04:00,305.05999755859375,305.5899963378906,303.1000061035156,304.32000732421875,303.37603759765625,5231900,0.0,0.0,0.0
2025-09-15 00:00:00-04:00,303.82000732421875,307.2300109863281,303.010009765625,307.1700134277344,306.2171936035156,5390200,0.0,0.0,0.0
2025-09-16 00:00:00-04:00,308.42999267578125,308.6700134277344,305.57000732421875,307.2099914550781,306.2570495605469,4227600,0.0,0.0,0.0
2025-09-17 00:00:00-04:00,306.5,307.1499938964844,301.3699951171875,305.25,304.3031311035156,9647700,0.0,0.0,0.0
2025-09-18 00:00:00-04:00,313.54998779296875,318.6199951171875,312.6000061035156,316.9700012207031,315.9867858886719,16335600,0.0,0.0,0.0
2025-09-19 00:00:00-04:00,316.3999938964844,316.510009765625,313.42999267578125,315.7099914550781,314.7306823730469,8381600,0.0,0.0,0.0
2025-09-22 00:00:00-04:00,316.2699890136719,323.1400146484375,316.0,322.1700134277344,321.170654296875,11618100,0.0,0.0,0.0
2025-09-23 00:00:00-04:00,323.1600036621094,325.3599853515625,320.0199890136719,321.70001220703125,320.7021179199219,9159000,0.0,0.0,0.0
2025-09-24 00:00:00-04:00,321.3999938964844,321.9599914550781,317.4700012207031,321.1099853515625,320.1139221191406,8632200,0.0,0.0,0.0
2025-09-25 00:00:00-04:00,316.2900085449219,322.0299987792969,313.6000061035156,321.05999755859375,320.0640869140625,9592900,0.0,0.0,0.0
2025-09-26 00:00:00-04:00,321.6400146484375,322.4200134277344,318.1400146484375,321.82000732421875,320.8217468261719,6886100,0.0,0.0,0.0
2025-09-29 00:00:00-04:00,324.6499938964844,326.8299865722656,322.4700012207031,322.6600036621094,321.65911865234375,5833600,0.0,0.0,0.0
2025-09-30 00:00:00-04:00,322.75,326.7200012207031,322.42999267578125,326.3599853515625,325.3476257324219,7459900,0.0,0.0,0.0
2025-10-01 00:00:00-04:00,324.2799987792969,334.1099853515625,324.1099853515625,333.69000244140625,332.6549072265625,9911800,0.0,0.0,0.0
2025-10-02 00:00:00-04:00,339.6600036621094,340.0,336.55999755859375,338.239990234375,337.1907958984375,8092600,0.0,0.0,0.0
2025-10-03 00:00:00-04:00,339.4100036621094,340.7799987792969,335.17999267578125,336.67999267578125,335.6356201171875,7770000,0.0,0.0,0.0
2025-10-06 00:00:00-04:00,345.4599914550781,348.5299987792969,343.3800048828125,343.3800048828125,342.3148498535156,10263200,0.0,0.0,0.0
2025-10-07 00:00:00-04:00,346.2900085449219,346.6700134277344,336.55999755859375,337.04998779296875,336.0044860839844,9365700,0.0,0.0,0.0
2025-10-08 00:00:00-04:00,336.7300109863281,346.4599914550781,336.4200134277344,346.07000732421875,344.99652099609375,7841500,0.0,0.0,0.0
2025-10-09 00:00:00-04:00,346.0400085449219,347.1000061035156,342.3999938964844,345.2099914550781,344.13916015625,5565500,0.0,0.0,0.0
2025-10-10 00:00:00-04:00,345.9700012207031,346.489990234375,324.8299865722656,325.3399963378906,324.330810546875,18804500,0.0,0.0,0.0
2025-10-13 00:00:00-04:00,337.4800109863281,341.0899963378906,335.0,339.75,338.69610595703125,11760200,0.0,0.0,0.0
2025-10-14 00:00:00-04:00,333.05999755859375,339.05999755859375,330.25,333.5,332.46551513671875,7296700,0.0,0.0,0.0
2025-10-15 00:00:00-04:00,342.1000061035156,343.0799865722656,335.510009765625,341.7799987792969,340.7198181152344,8283800,0.0,0.0,0.0
2025-10-16 00:00:00-04:00,346.1700134277344,347.0899963378906,339.80999755859375,343.29998779296875,342.2350769042969,9047500,0.0,0.0,0.0
2025-10-17 00:00:00-04:00,341.2200012207031,344.92999267578125,338.1400146484375,342.8299865722656,341.76654052734375,8396300,0.0,0.0,0.0
2025-10-20 00:00:00-04:00,346.0,350.04998779296875,345.6600036621094,347.2200012207031,346.1429443359375,6436900,0.0,0.0,0.0
2025-10-21 00:00:00-04:00,347.05999755859375,347.1000061035156,343.1600036621094,345.29998779296875,344.2288818359375,4391800,0.0,0.0,0.0
2025-10-22 00:00:00-04:00,342.8599853515625,344.8599853515625,332.3999938964844,338.6000061035156,337.5496826171875,8014200,0.0,0.0,0.0
2025-10-23 00:00:00-04:00,337.04998779296875,345.9100036621094,336.7300109863281,344.79998779296875,343.7304382324219,6422600,0.0,0.0,0.0
2025-10-24 00:00:00-04:00,350.5799865722656,352.94000244140625,349.82000732421875,351.1400146484375,350.0508117675781,5649300,0.0,0.0,0.0
2025-10-27 00:00:00-04:00,357.6700134277344,360.6000061035156,356.2099914550781,359.94000244140625,358.823486328125,6663400,0.0,0.0,0.0
2025-10-28 00:00:00-04:00,359.6099853515625,364.6700134277344,358.4599914550781,363.1099853515625,361.983642578125,5086000,0.0,0.0,0.0
2025-10-29 00:00:00-04:00,369.0799865722656,372.7799987792969,365.82000732421875,368.6099853515625,367.4665832519531,8102600,0.0,0.0,0.0
2025-10-30 00:00:00-04:00,367.42999267578125,369.8599853515625,363.54998779296875,363.7300109863281,362.60174560546875,6932700,0.0,0.0,0.0
2025-10-31 00:00:00-04:00,366.8800048828125,368.42999267578125,360.5,363.0199890136719,361.8939208984375,4917900,0.0,0.0,0.0
2025-11-03 00:00:00-05:00,367.69000244140625,369.4700012207031,364.69000244140625,366.1000061035156,364.9643859863281,4470500,0.0,0.0,0.0
2025-11-04 00:00:00-05:00,357.9800109863281,361.7900085449219,351.79998779296875,352.760009765625,351.665771484375,8269000,0.0,0.0,0.0
2025-11-05 00:00:00-05:00,353.1000061035156,364.2799987792969,352.7200012207031,359.5,358.3848571777344,8605400,0.0,0.0,0.0
2025-11-06 00:00:00-05:00,359.5899963378906,360.1499938964844,348.7099914550781,351.0899963378906,350.0009460449219,9600500,0.0,0.0,0.0
2025-11-07 00:00:00-05:00,346.5400085449219,348.17999267578125,336.67999267578125,348.1199951171875,347.0401611328125,14723200,0.0,0.0,0.0
2025-11-10 00:00:00-05:00,357.54998779296875,360.0,353.95001220703125,358.7900085449219,357.67706298828125,9180700,0.0,0.0,0.0
2025-11-11 00:00:00-05:00,355.25,356.0400085449219,349.739990234375,351.04998779296875,349.9610595703125,7661200,0.0,0.0,0.0
2025-11-12 00:00:00-05:00,356.20001220703125,357.4800109863281,352.94000244140625,355.5299987792969,354.4271545410156,5870700,0.0,0.0,0.0
2025-11-13 00:00:00-05:00,351.6300048828125,352.8800048828125,341.25,344.82000732421875,343.7503967285156,10654800,0.0,0.0,0.0
2025-11-14 00:00:00-05:00,335.239990234375,348.9100036621094,333.75,344.9800109863281,343.909912109375,12271200,0.0,0.0,0.0
2025-11-17 00:00:00-05:00,341.94000244140625,348.3399963378906,337.04998779296875,340.29998779296875,339.244384765625,6921300,0.0,0.0,0.0
2025-11-18 00:00:00-05:00,335.75,337.7900085449219,329.1199951171875,333.2900085449219,332.25616455078125,12933100,0.0,0.0,0.0
2025-11-19 00:00:00-05:00,334.80999755859375,343.05999755859375,333.4599914550781,339.44000244140625,338.3870849609375,9842300,0.0,0.0,0.0
2025-11-20 00:00:00-05:00,348.8599853515625,349.7799987792969,323.69000244140625,325.1000061035156,324.091552734375,14686700,0.0,0.0,0.0
2025-11-21 00:00:00-05:00,325.0,331.6199951171875,315.04998779296875,326.1300048828125,325.1183776855469,17298700,0.0,0.0,0.0
2025-11-24 00:00:00-05:00,329.0,340.57000732421875,328.8299865722656,339.1199951171875,338.06805419921875,10650900,0.0,0.0,0.0
2025-11-25 00:00:00-05:00,334.7300109863281,340.7200012207031,327.3500061035156,340.010009765625,338.955322265625,12052700,0.0,0.0,0.0
2025-11-26 00:00:00-05:00,344.25,350.29998779296875,343.42999267578125,347.7099914550781,346.63140869140625,5533300,0.0,0.0,0.0
2025-11-28 00:00:00-05:00,349.1700134277344,352.57000732421875,347.7099914550781,352.2799987792969,351.187255859375,3352700,0.0,0.0,0.0
2025-12-01 00:00:00-05:00,348.8500061035156,355.010009765625,348.05999755859375,352.9599914550781,351.8651428222656,3902000,0.0,0.0,0.0
2025-12-02 00:00:00-05:00,355.8500061035156,360.7900085449219,354.1499938964844,359.42999267578125,358.3150634765625,6657900,0.0,0.0,0.0
2025-12-03 00:00:00-05:00,359.70001220703125,364.5799865722656,356.2300109863281,364.3699951171875,363.23974609375,4642700,0.0,0.0,0.0
2025-12-04 00:00:00-05:00,363.260009765625,364.3699951171875,359.6000061035156,361.6000061035156,360.47833251953125,3971800,0.0,0.0,0.0
2025-12-05 00:00:00-05:00,364.4599914550781,368.5799865722656,363.5400085449219,364.4200134277344,363.28961181640625,3619200,0.0,0.0,0.0
2025-12-08 00:00:00-05:00,368.1000061035156,370.7200012207031,365.739990234375,368.54998779296875,367.4067687988281,4334300,0.0,0.0,0.0
2025-12-09 00:00:00-05:00,367.0400085449219,369.55999755859375,365.3500061035156,369.0,367.8553771972656,3173300,0.0,0.0,0.0
2025-12-10 00:00:00-05:00,368.9100036621094,375.5899963378906,366.92999267578125,374.1000061035156,372.9395751953125,5653300,0.0,0.0,0.0
2025-12-11 00:00:00-05:00,369.7799987792969,371.2200012207031,361.67999267578125,370.8900146484375,369.7395324707031,7499900,0.0,0.0,0.0
2025-12-12 00:00:00-05:00,366.989990234375,367.55999755859375,352.8800048828125,354.1199951171875,353.02154541015625,12705900,0.0,0.0,0.0
2025-12-15 00:00:00-05:00,358.1300048828125,359.20001220703125,352.19000244140625,352.8999938964844,351.8053283691406,5605800,0.0,0.0,0.0
2025-12-16 00:00:00-05:00,351.57000732421875,354.3900146484375,348.30999755859375,351.94000244140625,350.8482971191406,5849200,0.0,0.0,0.0
2025-12-17 00:00:00-05:00,352.8900146484375,352.8900146484375,338.05999755859375,339.239990234375,338.18768310546875,10780400,0.0,0.0,0.0
2025-12-18 00:00:00-05:00,350.8399963378906,352.0899963378906,345.8299865722656,347.25,346.1728515625,8260200,0.0,0.0,0.0
2025-12-19 00:00:00-05:00,350.30999755859375,358.5299987792969,350.30999755859375,356.2300109863281,355.125,8838700,0.0,0.0,0.0
2025-12-22 00:00:00-05:00,362.4100036621094,362.4800109863281,357.7699890136719,359.70001220703125,359.70001220703125,4799500,1.105,0.0,0.0
2025-12-23 00:00:00-05:00,358.6000061035156,363.29998779296875,358.05999755859375,363.1600036621094,363.1600036621094,3542100,0.0,0.0,0.0
2025-12-24 00:00:00-05:00,362.70001220703125,364.5400085449219,362.1499938964844,364.1700134277344,364.1700134277344,1640500,0.0,0.0,0.0
2025-12-26 00:00:00-05:00,366.07000732421875,367.3500061035156,364.489990234375,365.8599853515625,365.8599853515625,2921300,0.0,0.0,0.0
2025-12-29 00:00:00-05:00,362.6600036621094,365.82000732421875,360.82000732421875,364.2099914550781,364.2099914550781,4874400,0.0,0.0,0.0
2025-12-30 00:00:00-05:00,365.1600036621094,366.239990234375,363.07000732421875,363.30999755859375,363.30999755859375,2927000,0.0,0.0,0.0
2025-12-31 00:00:00-05:00,364.8299865722656,365.57000732421875,360.07000732421875,360.1300048828125,360.1300048828125,2687300,0.0,0.0,0.0
2026-01-02 00:00:00-05:00,368.95001220703125,376.3399963378906,368.8399963378906,373.29998779296875,373.29998779296875,8972400,0.0,0.0,0.0
2026-01-05 00:00:00-05:00,381.7200012207031,383.989990234375,376.94000244140625,377.5899963378906,377.5899963378906,9071300,0.0,0.0,0.0
2026-01-06 00:00:00-05:00,382.3999938964844,389.3699951171875,382.1400146484375,387.6199951171875,387.6199951171875,10201200,0.0,0.0,0.0
2026-01-07 00:00:00-05:00,385.20001220703125,387.80999755859375,383.5899963378906,385.0199890136719,385.0199890136719,6058900,0.0,0.0,0.0
2026-01-08 00:00:00-05:00,384.55999755859375,384.739990234375,375.8599853515625,378.9800109863281,378.9800109863281,5724000,0.0,0.0,0.0
2026-01-09 00:00:00-05:00,382.2799987792969,390.8800048828125,380.0799865722656,389.2200012207031,389.2200012207031,6490800,0.0,0.0,0.0
2026-01-12 00:00:00-05:00,385.6700134277344,391.9800109863281,385.6700134277344,390.6600036621094,390.6600036621094,5532000,0.0,0.0,0.0
2026-01-13 00:00:00-05:00,392.2699890136719,396.1000061035156,390.3800048828125,391.5299987792969,391.5299987792969,5281600,0.0,0.0,0.0
2026-01-14 00:00:00-05:00,388.9599914550781,389.3399963378906,383.80999755859375,388.3500061035156,388.3500061035156,6696500,0.0,0.0,0.0
2026-01-15 00:00:00-05:00,401.07000732421875,403.6199951171875,396.1199951171875,396.4100036621094,396.4100036621094,9948100,0.0,0.0,0.0
2026-01-16 00:00:00-05:00,402.8500061035156,405.30999755859375,398.4200134277344,400.3900146484375,400.3900146484375,5485900,0.0,0.0,0.0
2026-01-20 00:00:00-05:00,393.1600036621094,397.1600036621094,389.42999267578125,390.3900146484375,390.3900146484375,7158500,0.0,0.0,0.0
2026-01-21 00:00:00-05:00,394.75,405.8800048828125,393.3699951171875,401.92999267578125,401.92999267578125,8754600,0.0,0.0,0.0
2026-01-22 00:00:00-05:00,408.17999267578125,408.7300109863281,401.57000732421875,402.82000732421875,402.82000732421875,5462600,0.0,0.0,0.0
2026-01-23 00:00:00-05:00,400.5,403.0899963378906,397.5299987792969,400.0899963378906,400.0899963378906,5869500,0.0,0.0,0.0
2026-01-26 00:00:00-05:00,398.3999938964844,400.739990234375,396.2200012207031,398.82000732421875,398.82000732421875,4326900,0.0,0.0,0.0
2026-01-27 00:00:00-05:00,403.8999938964844,409.3900146484375,402.2099914550781,407.25,407.25,6145600,0.0,0.0,0.0
2026-01-28 00:00:00-05:00,415.3399963378906,418.489990234375,413.1300048828125,416.6300048828125,416.6300048828125,7641900,0.0,0.0,0.0
2026-01-29 00:00:00-05:00,417.44000244140625,420.6000061035156,403.1700134277344,417.5199890136719,417.5199890136719,9352500,0.0,0.0,0.0
2026-01-30 00:00:00-05:00,411.2799987792969,416.6400146484375,400.5799865722656,403.4599914550781,403.4599914550781,9029000,0.0,0.0,0.0
2026-02-02 00:00:00-05:00,398.8599853515625,412.0400085449219,398.42999267578125,407.9700012207031,407.9700012207031,5946300,0.0,0.0,0.0
2026-02-03 00:00:00-05:00,411.0299987792969,412.5799865722656,390.5199890136719,397.67999267578125,397.67999267578125,12188600,0.0,0.0,0.0
2026-02-04 00:00:00-05:00,394.6700134277344,396.7099914550781,374.239990234375,382.0199890136719,382.0199890136719,16908500,0.0,0.0,0.0
2026-02-05 00:00:00-05:00,379.1400146484375,388.0799865722656,375.55999755859375,381.07000732421875,381.07000732421875,12007800,0.0,0.0,0.0
2026-02-06 00:00:00-05:00,389.20001220703125,403.0799865722656,387.19000244140625,401.6499938964844,401.6499938964844,13460300,0.0,0.0,0.0
2026-02-09 00:00:00-05:00,398.9100036621094,409.69000244140625,397.0,406.6499938964844,406.6499938964844,5915200,0.0,0.0,0.0
2026-02-10 00:00:00-05:00,408.17999267578125,408.79998779296875,401.8299865722656,404.760009765625,404.760009765625,5645300,0.0,0.0,0.0
2026-02-11 00:00:00-05:00,413.8399963378906,418.0799865722656,406.3599853515625,414.7799987792969,414.7799987792969,6211200,0.0,0.0,0.0
2026-02-12 00:00:00-05:00,418.3299865722656,420.0400085449219,405.2799987792969,406.1099853515625,406.1099853515625,7379100,0.0,0.0,0.0
2026-02-13 00:00:00-05:00,408.1499938964844,412.07000732421875,402.489990234375,407.7200012207031,407.7200012207031,6481600,0.0,0.0,0.0
2026-02-17 00:00:00-05:00,402.7099914550781,410.8699951171875,397.7699890136719,407.510009765625,407.510009765625,7312700,0.0,0.0,0.0
2026-02-18 00:00:00-05:00,411.44000244140625,417.0400085449219,408.7200012207031,412.54998779296875,412.54998779296875,5839900,0.0,0.0,0.0
2026-02-19 00:00:00-05:00,408.7099914550781,411.0,405.55999755859375,410.20001220703125,410.20001220703125,4056400,0.0,0.0,0.0
2026-02-20 00:00:00-05:00,407.6600036621094,416.8299865722656,407.17999267578125,415.0299987792969,415.0299987792969,5715800,0.0,0.0,0.0
2026-02-23 00:00:00-05:00,413.57000732421875,417.70001220703125,409.2799987792969,412.8800048828125,412.8800048828125,5842800,0.0,0.0,0.0
2026-02-24 00:00:00-05:00,417.2200012207031,421.6700134277344,411.6700134277344,419.1600036621094,419.1600036621094,7828900,0.0,0.0,0.0
2026-02-25 00:00:00-05:00,424.3500061035156,427.94000244140625,423.67999267578125,426.1600036621094,426.1600036621094,7714500,0.0,0.0,0.0
2026-02-26 00:00:00-05:00,423.7200012207031,423.7200012207031,405.55999755859375,412.010009765625,412.010009765625,14811300,0.0,0.0,0.0
2026-02-27 00:00:00-05:00,403.260009765625,409.239990234375,401.8800048828125,406.3699951171875,406.3699951171875,9049100,0.0,0.0,0.0
2026-03-02 00:00:00-05:00,397.25,407.3599853515625,396.9200134277344,406.3900146484375,406.3900146484375,11490200,0.0,0.0,0.0
2026-03-03 00:00:00-05:00,391.3599853515625,394.5400085449219,385.92999267578125,391.05999755859375,391.05999755859375,13768900,0.0,0.0,0.0
2026-03-04 00:00:00-05:00,396.25,401.2300109863281,393.1000061035156,399.1000061035156,399.1000061035156,8767200,0.0,0.0,0.0
2026-03-05 00:00:00-05:00,396.05999755859375,401.1099853515625,386.75,395.3500061035156,395.3500061035156,11793700,0.0,0.0,0.0
2026-03-06 00:00:00-05:00,384.9700012207031,392.6700134277344,378.5299987792969,380.55999755859375,380.55999755859375,12423200,0.0,0.0,0.0
2026-03-09 00:00:00-04:00,375.760009765625,395.3599853515625,374.1600036621094,394.3699951171875,394.3699951171875,16338100,0.0,0.0,0.0
2026-03-10 00:00:00-04:00,394.0,403.8800048828125,394.0,397.3299865722656,397.3299865722656,13687700,0.0,0.0,0.0
2026-03-11 00:00:00-04:00,400.010009765625,404.3900146484375,398.69000244140625,401.0299987792969,401.0299987792969,6024900,0.0,0.0,0.0
2026-03-12 00:00:00-04:00,395.4599914550781,396.05999755859375,386.739990234375,388.1300048828125,388.1300048828125,9845200,0.0,0.0,0.0
2026-03-13 00:00:00-04:00,392.32000732421875,396.3299865722656,386.07000732421875,387.3299865722656,387.3299865722656,7636100,0.0,0.0,0.0
2026-03-16 00:00:00-04:00,395.1400146484375,399.4800109863281,392.6400146484375,393.9200134277344,393.9200134277344,10317600,0.0,0.0,0.0
2026-03-17 00:00:00-04:00,397.1600036621094,397.6099853515625,393.2200012207031,396.8800048828125,396.8800048828125,6646300,0.0,0.0,0.0
2026-03-18 00:00:00-04:00,396.9599914550781,399.69000244140625,393.4700012207031,393.6700134277344,393.6700134277344,8372400,0.0,0.0,0.0
2026-03-19 00:00:00-04:00,384.0,397.5299987792969,381.44000244140625,394.9200134277344,394.9200134277344,12674800,0.0,0.0,0.0
2026-03-20 00:00:00-04:00,394.1099853515625,395.7300109863281,380.8699951171875,384.739990234375,384.739990234375,12846800,0.0,0.0,0.0
2026-03-23 00:00:00-04:00,393.3599853515625,399.2799987792969,389.44000244140625,391.3599853515625,391.3599853515625,12742300,0.0,0.0,0.0
2026-03-24 00:00:00-04:00,388.0299987792969,396.8800048828125,387.6199951171875,394.5899963378906,394.5899963378906,6177200,0.0,0.0,0.0
2026-03-25 00:00:00-04:00,398.3599853515625,402.5,395.739990234375,399.0199890136719,399.0199890136719,7388700,0.0,0.0,0.0
2026-03-26 00:00:00-04:00,391.9200134277344,392.67999267578125,380.29998779296875,380.8399963378906,380.8399963378906,14806200,0.0,0.0,0.0
2026-03-27 00:00:00-04:00,377.7900085449219,381.30999755859375,373.010009765625,374.25,374.25,11811400,0.0,0.0,0.0
2026-03-30 00:00:00-04:00,377.6199951171875,379.239990234375,359.8599853515625,362.5299987792969,362.5299987792969,12198200,0.0,0.0,0.0
2026-03-31 00:00:00-04:00,368.739990234375,383.5,368.1000061035156,383.3999938964844,383.3999938964844,13834900,0.0,0.0,0.0
2026-04-01 00:00:00-04:00,388.260009765625,396.6300048828125,386.3800048828125,391.9700012207031,391.9700012207031,10805400,0.0,0.0,0.0
2026-04-02 00:00:00-04:00,378.07000732421875,393.5,378.0,392.32000732421875,392.32000732421875,8505800,0.0,0.0,0.0
2026-04-06 00:00:00-04:00,393.6300048828125,397.0899963378906,392.1000061035156,392.4150085449219,392.4150085449219,1243604,0.0,0.0,0.0
